WARNING: A terminally deprecated method in sun.misc.Unsafe has been called
WARNING: sun.misc.Unsafe::staticFieldBase has been called by com.google.inject.internal.aop.HiddenClassDefiner (file:/root/.m2/wrapper/dists/apache-maven-3.9.11/a2d47e15/lib/guice-5.1.0-classes.jar)
WARNING: Please consider reporting this to the maintainers of class com.google.inject.internal.aop.HiddenClassDefiner
WARNING: sun.misc.Unsafe::staticFieldBase will be removed in a future release
[INFO] Scanning for projects...
[INFO] 
[INFO] ---------------------< biz.ugur:bus-route-backend >---------------------
[INFO] Building Bus Route Planning System 0.0.1
[INFO]   from pom.xml
[INFO] --------------------------------[ jar ]---------------------------------
[INFO] 
[INFO] >>> spring-boot:3.5.3:run (default-cli) > test-compile @ bus-route-backend >>>
[INFO] 
[INFO] --- jacoco:0.8.14:prepare-agent (default) @ bus-route-backend ---
[INFO] argLine set to -javaagent:/root/.m2/repository/org/jacoco/org.jacoco.agent/0.8.14/org.jacoco.agent-0.8.14-runtime.jar=destfile=/home/developer/projects/bus/ugur_v4/bus-route-backend/target/jacoco.exec,excludes=biz\\ugur\\busroutebackend\\admin\\**:biz\\ugur\\busroutebackend\\client\\**:biz\\ugur\\busroutebackend\\geospatial\\**:biz\\ugur\\busroutebackend\\interfaces\\**:biz\\ugur\\busroutebackend\\routing\\**:biz\\ugur\\busroutebackend\\shared\\**:biz\\ugur\\busroutebackend\\transport\\**:biz\\ugur\\busroutebackend\\BusRouteBackendApplication.class
[INFO] 
[INFO] --- resources:3.3.1:resources (default-resources) @ bus-route-backend ---
[INFO] Copying 4 resources from src/main/resources to target/classes
[INFO] Copying 26 resources from src/main/resources to target/classes
[INFO] 
[INFO] --- compiler:3.14.0:compile (default-compile) @ bus-route-backend ---
[INFO] Nothing to compile - all classes are up to date.
[INFO] 
[INFO] --- resources:3.3.1:testResources (default-testResources) @ bus-route-backend ---
[INFO] skip non existing resourceDirectory /home/developer/projects/bus/ugur_v4/bus-route-backend/src/test/resources
[INFO] 
[INFO] --- compiler:3.14.0:testCompile (default-testCompile) @ bus-route-backend ---
[INFO] Nothing to compile - all classes are up to date.
[INFO] 
[INFO] <<< spring-boot:3.5.3:run (default-cli) < test-compile @ bus-route-backend <<<
[INFO] 
[INFO] 
[INFO] --- spring-boot:3.5.3:run (default-cli) @ bus-route-backend ---
[INFO] Attaching agents: []

  .   ____          _            __ _ _
 /\\ / ___'_ __ _ _(_)_ __  __ _ \ \ \ \
( ( )\___ | '_ | '_| | '_ \/ _` | \ \ \ \
 \\/  ___)| |_)| | | | | || (_| |  ) ) ) )
  '  |____| .__|_| |_|_| |_\__, | / / / /
 =========|_|==============|___/=/_/_/_/

 :: Spring Boot ::                (v3.5.3)

2025-11-20 12:10:05.582 [main] INFO  b.u.b.BusRouteBackendApplication - Starting BusRouteBackendApplication using Java 25 with PID 3513 (/home/developer/projects/bus/ugur_v4/bus-route-backend/target/classes started by root in /home/developer/projects/bus/ugur_v4/bus-route-backend)
2025-11-20 12:10:05.583 [main] INFO  b.u.b.BusRouteBackendApplication - The following 1 profile is active: "dev"
2025-11-20 12:10:06.357 [main] INFO  o.s.d.r.c.RepositoryConfigurationDelegate - Multiple Spring Data modules found, entering strict repository configuration mode
2025-11-20 12:10:06.358 [main] INFO  o.s.d.r.c.RepositoryConfigurationDelegate - Bootstrapping Spring Data R2DBC repositories in DEFAULT mode.
2025-11-20 12:10:06.370 [main] INFO  o.s.d.r.c.RepositoryConfigurationDelegate - Finished Spring Data repository scanning in 5 ms. Found 0 R2DBC repository interfaces.
2025-11-20 12:10:06.729 [main] INFO  o.s.d.r.c.RepositoryConfigurationDelegate - Multiple Spring Data modules found, entering strict repository configuration mode
2025-11-20 12:10:06.729 [main] INFO  o.s.d.r.c.RepositoryConfigurationDelegate - Bootstrapping Spring Data R2DBC repositories in DEFAULT mode.
2025-11-20 12:10:06.750 [main] INFO  o.s.d.r.c.RepositoryConfigurationDelegate - Finished Spring Data repository scanning in 19 ms. Found 0 R2DBC repository interfaces.
2025-11-20 12:10:06.755 [main] INFO  o.s.d.r.c.RepositoryConfigurationDelegate - Multiple Spring Data modules found, entering strict repository configuration mode
2025-11-20 12:10:06.756 [main] INFO  o.s.d.r.c.RepositoryConfigurationDelegate - Bootstrapping Spring Data Redis repositories in DEFAULT mode.
2025-11-20 12:10:06.770 [main] INFO  o.s.d.r.c.RepositoryConfigurationDelegate - Finished Spring Data repository scanning in 9 ms. Found 0 Redis repository interfaces.
WARNING: A terminally deprecated method in sun.misc.Unsafe has been called
WARNING: sun.misc.Unsafe::allocateMemory has been called by io.netty.util.internal.PlatformDependent0$2 (file:/root/.m2/repository/io/netty/netty-common/4.1.122.Final/netty-common-4.1.122.Final.jar)
WARNING: Please consider reporting this to the maintainers of class io.netty.util.internal.PlatformDependent0$2
WARNING: sun.misc.Unsafe::allocateMemory will be removed in a future release
WARNING: A restricted method in java.lang.System has been called
WARNING: java.lang.System::loadLibrary has been called by io.netty.util.internal.NativeLibraryUtil in an unnamed module (file:/root/.m2/repository/io/netty/netty-common/4.1.122.Final/netty-common-4.1.122.Final.jar)
WARNING: Use --enable-native-access=ALL-UNNAMED to avoid a warning for callers in this module
WARNING: Restricted methods will be blocked in a future release unless native access is enabled

2025-11-20 12:10:07.688 [main] INFO  b.u.b.g.i.c.GeospatialServiceInitializer - Initializing geospatial services in value objects...
2025-11-20 12:10:07.688 [main] INFO  b.u.b.g.i.c.GeospatialServiceInitializer - ✅ Geospatial services initialization complete
2025-11-20 12:10:07.688 [main] INFO  b.u.b.g.i.c.GeospatialServiceInitializer -    - All distance calculations use centralized DistanceCalculationService
2025-11-20 12:10:07.688 [main] INFO  b.u.b.g.i.c.GeospatialServiceInitializer -    - Haversine formula: single source of truth
2025-11-20 12:10:07.688 [main] INFO  b.u.b.g.i.c.GeospatialServiceInitializer -    - Location → Coordinates migration: COMPLETED
2025-11-20 12:10:07.689 [main] INFO  b.u.b.g.i.c.GeospatialServiceInitializer -    - RoutePoint → Coordinates migration: COMPLETED
2025-11-20 12:10:07.949 [main] INFO  b.u.b.s.i.external.GpsApiClient - GpsApiClient initialized: batchSize=50, maxConcurrentBatches=3, timeWindowMinutes=3
2025-11-20 12:10:08.195 [main] INFO  b.u.b.s.i.config.WebSocketConfig - 🔌 WebSocketConfig initialized with handler: VehiclePositionHandler
2025-11-20 12:10:08.239 [main] INFO  o.s.b.a.s.r.ReactiveUserDetailsServiceAutoConfiguration - 

Using generated security password: 84cde238-ac91-454b-bb02-a336f1306f18

2025-11-20 12:10:08.366 [main] INFO  b.u.b.c.i.s.ClientSecurityConfig - Configuring Client Security Filter Chain for /api/v1/client/** and /api/v1/mobile/**
2025-11-20 12:10:08.374 [main] INFO  b.u.b.i.i.s.IntegrationSecurityConfig - Configuring Integration Security Filter Chain for external API token authentication
2025-11-20 12:10:08.395 [main] INFO  b.u.b.s.i.config.CorrelationConfig - Initializing Correlation ID Generator
2025-11-20 12:10:08.396 [main] INFO  b.u.b.s.i.config.CorrelationConfig - Initializing Correlation ID Web Filter
2025-11-20 12:10:08.470 [main] INFO  b.u.b.s.i.config.WebSocketConfig - 🗺️ Registering WebSocket handler mappings...
2025-11-20 12:10:08.471 [main] INFO  b.u.b.s.i.config.WebSocketConfig - ✅ WebSocket mappings registered:
2025-11-20 12:10:08.471 [main] INFO  b.u.b.s.i.config.WebSocketConfig -    📍 /api/v1/ws/vehicle-positions -> VehiclePositionHandler
2025-11-20 12:10:08.600 [main] INFO  o.s.b.a.e.web.EndpointLinksResolver - Exposing 4 endpoints beneath base path '/actuator'
2025-11-20 12:10:08.638 [main] INFO  b.u.b.s.i.config.WebSocketConfig - 🔧 Creating WebSocketHandlerAdapter...
2025-11-20 12:10:08.638 [main] INFO  b.u.b.s.i.config.WebSocketConfig - ✅ WebSocketHandlerAdapter created successfully
2025-11-20 12:10:08.980 [main] DEBUG o.s.c.e.EventListenerMethodProcessor - 1 @EventListener methods processed on bean 'adminBootstrap': {public void biz.ugur.busroutebackend.shared.infrastructure.bootstrap.AdminBootstrap.createDefaultAdminIfNotExists()=@org.springframework.context.event.EventListener(classes={org.springframework.boot.context.event.ApplicationReadyEvent.class}, condition="", defaultExecution=true, id="", value={org.springframework.boot.context.event.ApplicationReadyEvent.class})}
2025-11-20 12:10:08.981 [main] DEBUG o.s.c.e.EventListenerMethodProcessor - 3 @EventListener methods processed on bean 'vehicleEventHandler': {public void biz.ugur.busroutebackend.transport.infrastructure.messaging.VehicleEventHandler.handleVehiclePositionUpdated(biz.ugur.busroutebackend.transport.domain.event.VehiclePositionUpdatedEvent)=@org.springframework.context.event.EventListener(classes={}, condition="", defaultExecution=true, id="", value={}), public void biz.ugur.busroutebackend.transport.infrastructure.messaging.VehicleEventHandler.handleVehicleAssignedToRoute(biz.ugur.busroutebackend.transport.domain.event.VehicleAssignedToRouteEvent)=@org.springframework.context.event.EventListener(classes={}, condition="", defaultExecution=true, id="", value={}), public void biz.ugur.busroutebackend.transport.infrastructure.messaging.VehicleEventHandler.handleVehicleRegistered(biz.ugur.busroutebackend.transport.domain.event.VehicleRegisteredEvent)=@org.springframework.context.event.EventListener(classes={biz.ugur.busroutebackend.transport.domain.event.VehicleRegisteredEvent.class}, condition="", defaultExecution=true, id="", value={biz.ugur.busroutebackend.transport.domain.event.VehicleRegisteredEvent.class})}
2025-11-20 12:10:08.982 [main] DEBUG o.s.c.e.EventListenerMethodProcessor - 1 @EventListener methods processed on bean 'vehicleDataScheduler': {public void biz.ugur.busroutebackend.transport.scheduler.VehicleDataScheduler.onApplicationReady(org.springframework.boot.context.event.ApplicationReadyEvent)=@org.springframework.context.event.EventListener(classes={org.springframework.boot.context.event.ApplicationReadyEvent.class}, condition="", defaultExecution=true, id="", value={org.springframework.boot.context.event.ApplicationReadyEvent.class})}
2025-11-20 12:10:09.011 [main] INFO  o.s.b.w.e.netty.NettyWebServer - Netty started on port 8080 (http)
2025-11-20 12:10:09.025 [main] INFO  b.u.b.BusRouteBackendApplication - Started BusRouteBackendApplication in 3.752 seconds (process running for 3.986)
2025-11-20 12:10:09.027 [main] INFO  b.u.b.s.i.bootstrap.AdminBootstrap - Checking for default admin user...
2025-11-20 12:10:09.035 [main] INFO  b.u.b.s.i.bootstrap.AdminBootstrap - Creating default admin user: admin
2025-11-20 12:10:09.121 [main] INFO  b.u.b.t.s.VehicleDataScheduler - Application ready - triggering initial route sync
2025-11-20 12:10:09.246 [reactor-tcp-epoll-1] INFO  b.u.b.s.i.bootstrap.AdminBootstrap - Default admin user ensured: admin
2025-11-20 12:10:18.995 [parallel-3] INFO  b.u.b.t.s.VehicleDataScheduler - Performing initial route synchronization...
2025-11-20 12:10:20.024 [reactor-http-epoll-3] INFO  b.u.b.s.i.external.BusInfoApiClient - Successfully fetched 341 bus route assignments
2025-11-20 12:10:20.025 [reactor-http-epoll-3] INFO  b.u.b.t.a.u.SyncBusRouteAssignmentsUseCase - Syncing route assignments for 341 buses - CorrelationId: CorrelationId[value=TRANS-f9713d59]
2025-11-20 12:10:20.199 [reactor-tcp-epoll-1] INFO  b.u.b.t.a.u.SyncBusRouteAssignmentsUseCase - Route assignment sync completed: BusRouteAssignmentResult[assignedCount=5, unchangedCount=0, failedCount=0, vehicleNotFoundCount=336, routeNotFoundCount=0, processedAt=2025-11-20T09:10:20.199350398Z]
2025-11-20 12:10:20.201 [reactor-tcp-epoll-1] INFO  b.u.b.t.s.VehicleDataScheduler - Initial route sync successful: assigned=5, unassigned=0, total=2025-11-20T09:10:20.199350398Z
2025-11-20 12:10:20.201 [reactor-tcp-epoll-1] INFO  b.u.b.t.s.VehicleDataScheduler - Initial route sync completed: BusRouteAssignmentResult[assignedCount=5, unchangedCount=0, failedCount=0, vehicleNotFoundCount=336, routeNotFoundCount=0, processedAt=2025-11-20T09:10:20.199350398Z]
2025-11-20 12:10:31.786 [reactor-http-epoll-6] INFO  b.u.b.s.i.external.GpsApiClient - Successfully fetched 164 GPS positions from 18 batches
2025-11-20 12:10:31.787 [parallel-2] INFO  b.u.b.t.a.u.UpdateVehiclePositionsUseCase - Processing 100 GPS positions (batch mode) - CorrelationId: CorrelationId[value=TRANS-6815e5b9]
2025-11-20 12:10:31.787 [parallel-3] INFO  b.u.b.t.a.u.UpdateVehiclePositionsUseCase - Processing 64 GPS positions (batch mode) - CorrelationId: CorrelationId[value=TRANS-760b601b]
2025-11-20 12:10:31.795 [reactor-tcp-epoll-1] ERROR b.u.b.t.a.u.UpdateVehiclePositionsUseCase - GPS batch update failed
java.lang.IndexOutOfBoundsException: Binding index 0 when only 0 parameters are expected
	at io.r2dbc.postgresql.client.Binding.add(Binding.java:75)
	at io.r2dbc.postgresql.PostgresqlStatement.bind(PostgresqlStatement.java:108)
	at io.r2dbc.postgresql.PostgresqlStatement.bind(PostgresqlStatement.java:59)
	at java.base/java.util.LinkedHashMap.forEach(LinkedHashMap.java:987)
	at org.springframework.r2dbc.core.DefaultDatabaseClient$DefaultGenericExecuteSpec.bindByIndex(DefaultDatabaseClient.java:507)
	at org.springframework.r2dbc.core.DefaultDatabaseClient$DefaultGenericExecuteSpec.lambda$getResultFunction$9(DefaultDatabaseClient.java:433)
	at org.springframework.r2dbc.core.ResultFunction.apply(ResultFunction.java:64)
	at org.springframework.r2dbc.core.DefaultFetchSpec.lambda$all$1(DefaultFetchSpec.java:77)
	at org.springframework.r2dbc.core.DelegateConnectionFunction.apply(DelegateConnectionFunction.java:48)
	at org.springframework.r2dbc.core.DelegateConnectionFunction.apply(DelegateConnectionFunction.java:33)
	at org.springframework.r2dbc.core.DefaultDatabaseClient.lambda$inConnectionMany$6(DefaultDatabaseClient.java:148)
	at reactor.core.publisher.FluxUsingWhen.deriveFluxFromResource(FluxUsingWhen.java:122)
	at reactor.core.publisher.FluxUsingWhen.access$000(FluxUsingWhen.java:53)
	at reactor.core.publisher.FluxUsingWhen$ResourceSubscriber.onNext(FluxUsingWhen.java:195)
	at reactor.core.publisher.FluxMap$MapSubscriber.onNext(FluxMap.java:122)
	at reactor.core.publisher.FluxOnErrorResume$ResumeSubscriber.onNext(FluxOnErrorResume.java:79)
	at reactor.core.publisher.FluxOnErrorResume$ResumeSubscriber.onNext(FluxOnErrorResume.java:79)
	at reactor.core.publisher.MonoFlatMap$FlatMapMain.onNext(MonoFlatMap.java:158)
	at reactor.core.publisher.FluxMap$MapSubscriber.onNext(FluxMap.java:122)
	at reactor.core.publisher.Operators$ScalarSubscription.request(Operators.java:2570)
	at reactor.core.publisher.FluxMap$MapSubscriber.request(FluxMap.java:164)
	at reactor.core.publisher.MonoFlatMap$FlatMapMain.request(MonoFlatMap.java:194)
	at reactor.core.publisher.Operators$MultiSubscriptionSubscriber.set(Operators.java:2366)
	at reactor.core.publisher.FluxOnErrorResume$ResumeSubscriber.onSubscribe(FluxOnErrorResume.java:74)
	at reactor.core.publisher.MonoFlatMap$FlatMapMain.onSubscribe(MonoFlatMap.java:117)
	at reactor.core.publisher.FluxMap$MapSubscriber.onSubscribe(FluxMap.java:92)
	at reactor.core.publisher.MonoJust.subscribe(MonoJust.java:55)
	at reactor.core.publisher.MonoDeferContextual.subscribe(MonoDeferContextual.java:55)
	at reactor.core.publisher.Mono.subscribe(Mono.java:4576)
	at reactor.core.publisher.FluxUsingWhen.subscribe(FluxUsingWhen.java:105)
	at reactor.core.publisher.InternalMonoOperator.subscribe(InternalMonoOperator.java:76)
	at reactor.core.publisher.MonoUsingWhen$ResourceSubscriber.onNext(MonoUsingWhen.java:183)
	at reactor.core.publisher.FluxSwitchIfEmpty$SwitchIfEmptySubscriber.onNext(FluxSwitchIfEmpty.java:74)
	at reactor.core.publisher.FluxMapFuseable$MapFuseableSubscriber.onNext(FluxMapFuseable.java:129)
	at reactor.core.publisher.MonoFlatMap$FlatMapMain.secondComplete(MonoFlatMap.java:245)
	at reactor.core.publisher.MonoFlatMap$FlatMapInner.onNext(MonoFlatMap.java:305)
	at reactor.core.publisher.MonoFlatMap$FlatMapMain.secondComplete(MonoFlatMap.java:245)
	at reactor.core.publisher.MonoFlatMap$FlatMapInner.onNext(MonoFlatMap.java:305)
	at reactor.core.publisher.MonoFlatMap$FlatMapMain.secondComplete(MonoFlatMap.java:245)
	at reactor.core.publisher.MonoFlatMap$FlatMapInner.onNext(MonoFlatMap.java:305)
	at reactor.core.publisher.FluxOnErrorResume$ResumeSubscriber.onNext(FluxOnErrorResume.java:79)
	at reactor.core.publisher.MonoPeekTerminal$MonoTerminalPeekSubscriber.onNext(MonoPeekTerminal.java:180)
	at reactor.core.publisher.MonoIgnoreThen$ThenIgnoreMain.complete(MonoIgnoreThen.java:294)
	at reactor.core.publisher.MonoIgnoreThen$ThenIgnoreMain.onNext(MonoIgnoreThen.java:188)
	at reactor.core.publisher.MonoIgnoreThen$ThenIgnoreMain.subscribeNext(MonoIgnoreThen.java:237)
	at reactor.core.publisher.MonoIgnoreThen$ThenIgnoreMain.onComplete(MonoIgnoreThen.java:204)
	at reactor.core.publisher.MonoPeekTerminal$MonoTerminalPeekSubscriber.onComplete(MonoPeekTerminal.java:299)
	at reactor.core.publisher.MonoPeekTerminal$MonoTerminalPeekSubscriber.onComplete(MonoPeekTerminal.java:299)
	at reactor.core.publisher.MonoIgnoreElements$IgnoreElementsSubscriber.onComplete(MonoIgnoreElements.java:89)
	at reactor.core.publisher.MonoIgnoreElements$IgnoreElementsSubscriber.onComplete(MonoIgnoreElements.java:89)
	at reactor.core.publisher.Operators$MultiSubscriptionSubscriber.onComplete(Operators.java:2230)
	at reactor.core.publisher.MonoFlatMap$FlatMapMain.secondComplete(MonoFlatMap.java:246)
	at reactor.core.publisher.MonoFlatMap$FlatMapInner.onNext(MonoFlatMap.java:305)
	at reactor.core.publisher.FluxOnErrorResume$ResumeSubscriber.onNext(FluxOnErrorResume.java:79)
	at reactor.core.publisher.MonoIgnoreThen$ThenIgnoreMain.complete(MonoIgnoreThen.java:294)
	at reactor.core.publisher.MonoIgnoreThen$ThenIgnoreMain.onNext(MonoIgnoreThen.java:188)
	at reactor.core.publisher.MonoIgnoreThen$ThenIgnoreMain.subscribeNext(MonoIgnoreThen.java:237)
	at reactor.core.publisher.MonoIgnoreThen$ThenIgnoreMain.onComplete(MonoIgnoreThen.java:204)
	at reactor.core.publisher.MonoPeekTerminal$MonoTerminalPeekSubscriber.onComplete(MonoPeekTerminal.java:299)
	at reactor.core.publisher.MonoIgnoreThen$ThenIgnoreMain.onComplete(MonoIgnoreThen.java:210)
	at reactor.core.publisher.MonoIgnoreThen$ThenIgnoreMain.subscribeNext(MonoIgnoreThen.java:239)
	at reactor.core.publisher.MonoIgnoreThen$ThenIgnoreMain.onComplete(MonoIgnoreThen.java:204)
	at reactor.core.publisher.MonoPeekTerminal$MonoTerminalPeekSubscriber.onComplete(MonoPeekTerminal.java:299)
	at reactor.core.publisher.FluxPeekFuseable$PeekConditionalSubscriber.onComplete(FluxPeekFuseable.java:940)
	at reactor.core.publisher.MonoIgnoreElements$IgnoreElementsSubscriber.onComplete(MonoIgnoreElements.java:89)
	at io.r2dbc.postgresql.util.FluxDiscardOnCancel$FluxDiscardOnCancelSubscriber.onComplete(FluxDiscardOnCancel.java:104)
	at reactor.core.publisher.FluxPeek$PeekSubscriber.onComplete(FluxPeek.java:260)
	at reactor.core.publisher.FluxPeek$PeekSubscriber.onComplete(FluxPeek.java:260)
	at reactor.core.publisher.FluxHandle$HandleSubscriber.onComplete(FluxHandle.java:223)
	at io.r2dbc.postgresql.util.FluxDiscardOnCancel$FluxDiscardOnCancelSubscriber.onComplete(FluxDiscardOnCancel.java:104)
	at reactor.core.publisher.FluxContextWrite$ContextWriteSubscriber.onComplete(FluxContextWrite.java:126)
	at reactor.core.publisher.FluxCreate$BaseSink.complete(FluxCreate.java:465)
	at reactor.core.publisher.FluxCreate$BufferAsyncSink.drain(FluxCreate.java:871)
	at reactor.core.publisher.FluxCreate$BufferAsyncSink.complete(FluxCreate.java:819)
	at reactor.core.publisher.FluxCreate$SerializedFluxSink.drainLoop(FluxCreate.java:249)
	at reactor.core.publisher.FluxCreate$SerializedFluxSink.drain(FluxCreate.java:215)
	at reactor.core.publisher.FluxCreate$SerializedFluxSink.complete(FluxCreate.java:206)
	at io.r2dbc.postgresql.client.ReactorNettyClient$Conversation.complete(ReactorNettyClient.java:680)
	at io.r2dbc.postgresql.client.ReactorNettyClient$BackendMessageSubscriber.emit(ReactorNettyClient.java:946)
	at io.r2dbc.postgresql.client.ReactorNettyClient$BackendMessageSubscriber.onNext(ReactorNettyClient.java:822)
	at io.r2dbc.postgresql.client.ReactorNettyClient$BackendMessageSubscriber.onNext(ReactorNettyClient.java:728)
	at reactor.core.publisher.FluxHandle$HandleSubscriber.onNext(FluxHandle.java:129)
	at reactor.core.publisher.FluxPeekFuseable$PeekConditionalSubscriber.onNext(FluxPeekFuseable.java:854)
	at reactor.core.publisher.FluxMap$MapConditionalSubscriber.onNext(FluxMap.java:224)
	at reactor.core.publisher.FluxMap$MapConditionalSubscriber.onNext(FluxMap.java:224)
	at reactor.netty.channel.FluxReceive.drainReceiver(FluxReceive.java:292)
	at reactor.netty.channel.FluxReceive.onInboundNext(FluxReceive.java:401)
	at reactor.netty.channel.ChannelOperations.onInboundNext(ChannelOperations.java:435)
	at reactor.netty.channel.ChannelOperationsHandler.channelRead(ChannelOperationsHandler.java:115)
	at io.netty.channel.AbstractChannelHandlerContext.invokeChannelRead(AbstractChannelHandlerContext.java:444)
	at io.netty.channel.AbstractChannelHandlerContext.invokeChannelRead(AbstractChannelHandlerContext.java:420)
	at io.netty.channel.AbstractChannelHandlerContext.fireChannelRead(AbstractChannelHandlerContext.java:412)
	at io.netty.handler.codec.ByteToMessageDecoder.fireChannelRead(ByteToMessageDecoder.java:346)
	at io.netty.handler.codec.ByteToMessageDecoder.channelRead(ByteToMessageDecoder.java:318)
	at io.netty.channel.AbstractChannelHandlerContext.invokeChannelRead(AbstractChannelHandlerContext.java:444)
	at io.netty.channel.AbstractChannelHandlerContext.invokeChannelRead(AbstractChannelHandlerContext.java:420)
	at io.netty.channel.AbstractChannelHandlerContext.fireChannelRead(AbstractChannelHandlerContext.java:412)
	at io.netty.channel.DefaultChannelPipeline$HeadContext.channelRead(DefaultChannelPipeline.java:1357)
	at io.netty.channel.AbstractChannelHandlerContext.invokeChannelRead(AbstractChannelHandlerContext.java:440)
	at io.netty.channel.AbstractChannelHandlerContext.invokeChannelRead(AbstractChannelHandlerContext.java:420)
	at io.netty.channel.DefaultChannelPipeline.fireChannelRead(DefaultChannelPipeline.java:868)
	at io.netty.channel.epoll.AbstractEpollStreamChannel$EpollStreamUnsafe.epollInReady(AbstractEpollStreamChannel.java:799)
	at io.netty.channel.epoll.EpollEventLoop.processReady(EpollEventLoop.java:501)
	at io.netty.channel.epoll.EpollEventLoop.run(EpollEventLoop.java:399)
	at io.netty.util.concurrent.SingleThreadEventExecutor$4.run(SingleThreadEventExecutor.java:998)
	at io.netty.util.internal.ThreadExecutorMap$2.run(ThreadExecutorMap.java:74)
	at io.netty.util.concurrent.FastThreadLocalRunnable.run(FastThreadLocalRunnable.java:30)
	at java.base/java.lang.Thread.run(Thread.java:1474)
2025-11-20 12:10:31.795 [reactor-tcp-epoll-3] ERROR b.u.b.t.a.u.UpdateVehiclePositionsUseCase - GPS batch update failed
java.lang.IndexOutOfBoundsException: Binding index 0 when only 0 parameters are expected
	at io.r2dbc.postgresql.client.Binding.add(Binding.java:75)
	at io.r2dbc.postgresql.PostgresqlStatement.bind(PostgresqlStatement.java:108)
	at io.r2dbc.postgresql.PostgresqlStatement.bind(PostgresqlStatement.java:59)
	at java.base/java.util.LinkedHashMap.forEach(LinkedHashMap.java:987)
	at org.springframework.r2dbc.core.DefaultDatabaseClient$DefaultGenericExecuteSpec.bindByIndex(DefaultDatabaseClient.java:507)
	at org.springframework.r2dbc.core.DefaultDatabaseClient$DefaultGenericExecuteSpec.lambda$getResultFunction$9(DefaultDatabaseClient.java:433)
	at org.springframework.r2dbc.core.ResultFunction.apply(ResultFunction.java:64)
	at org.springframework.r2dbc.core.DefaultFetchSpec.lambda$all$1(DefaultFetchSpec.java:77)
	at org.springframework.r2dbc.core.DelegateConnectionFunction.apply(DelegateConnectionFunction.java:48)
	at org.springframework.r2dbc.core.DelegateConnectionFunction.apply(DelegateConnectionFunction.java:33)
	at org.springframework.r2dbc.core.DefaultDatabaseClient.lambda$inConnectionMany$6(DefaultDatabaseClient.java:148)
	at reactor.core.publisher.FluxUsingWhen.deriveFluxFromResource(FluxUsingWhen.java:122)
	at reactor.core.publisher.FluxUsingWhen.access$000(FluxUsingWhen.java:53)
	at reactor.core.publisher.FluxUsingWhen$ResourceSubscriber.onNext(FluxUsingWhen.java:195)
	at reactor.core.publisher.FluxMap$MapSubscriber.onNext(FluxMap.java:122)
	at reactor.core.publisher.FluxOnErrorResume$ResumeSubscriber.onNext(FluxOnErrorResume.java:79)
	at reactor.core.publisher.FluxOnErrorResume$ResumeSubscriber.onNext(FluxOnErrorResume.java:79)
	at reactor.core.publisher.MonoFlatMap$FlatMapMain.onNext(MonoFlatMap.java:158)
	at reactor.core.publisher.FluxMap$MapSubscriber.onNext(FluxMap.java:122)
	at reactor.core.publisher.Operators$ScalarSubscription.request(Operators.java:2570)
	at reactor.core.publisher.FluxMap$MapSubscriber.request(FluxMap.java:164)
	at reactor.core.publisher.MonoFlatMap$FlatMapMain.request(MonoFlatMap.java:194)
	at reactor.core.publisher.Operators$MultiSubscriptionSubscriber.set(Operators.java:2366)
	at reactor.core.publisher.FluxOnErrorResume$ResumeSubscriber.onSubscribe(FluxOnErrorResume.java:74)
	at reactor.core.publisher.MonoFlatMap$FlatMapMain.onSubscribe(MonoFlatMap.java:117)
	at reactor.core.publisher.FluxMap$MapSubscriber.onSubscribe(FluxMap.java:92)
	at reactor.core.publisher.MonoJust.subscribe(MonoJust.java:55)
	at reactor.core.publisher.MonoDeferContextual.subscribe(MonoDeferContextual.java:55)
	at reactor.core.publisher.Mono.subscribe(Mono.java:4576)
	at reactor.core.publisher.FluxUsingWhen.subscribe(FluxUsingWhen.java:105)
	at reactor.core.publisher.InternalMonoOperator.subscribe(InternalMonoOperator.java:76)
	at reactor.core.publisher.MonoUsingWhen$ResourceSubscriber.onNext(MonoUsingWhen.java:183)
	at reactor.core.publisher.FluxSwitchIfEmpty$SwitchIfEmptySubscriber.onNext(FluxSwitchIfEmpty.java:74)
	at reactor.core.publisher.FluxMapFuseable$MapFuseableSubscriber.onNext(FluxMapFuseable.java:129)
	at reactor.core.publisher.MonoFlatMap$FlatMapMain.secondComplete(MonoFlatMap.java:245)
	at reactor.core.publisher.MonoFlatMap$FlatMapInner.onNext(MonoFlatMap.java:305)
	at reactor.core.publisher.MonoFlatMap$FlatMapMain.secondComplete(MonoFlatMap.java:245)
	at reactor.core.publisher.MonoFlatMap$FlatMapInner.onNext(MonoFlatMap.java:305)
	at reactor.core.publisher.MonoFlatMap$FlatMapMain.secondComplete(MonoFlatMap.java:245)
	at reactor.core.publisher.MonoFlatMap$FlatMapInner.onNext(MonoFlatMap.java:305)
	at reactor.core.publisher.FluxOnErrorResume$ResumeSubscriber.onNext(FluxOnErrorResume.java:79)
	at reactor.core.publisher.MonoPeekTerminal$MonoTerminalPeekSubscriber.onNext(MonoPeekTerminal.java:180)
	at reactor.core.publisher.MonoIgnoreThen$ThenIgnoreMain.complete(MonoIgnoreThen.java:294)
	at reactor.core.publisher.MonoIgnoreThen$ThenIgnoreMain.onNext(MonoIgnoreThen.java:188)
	at reactor.core.publisher.MonoIgnoreThen$ThenIgnoreMain.subscribeNext(MonoIgnoreThen.java:237)
	at reactor.core.publisher.MonoIgnoreThen$ThenIgnoreMain.onComplete(MonoIgnoreThen.java:204)
	at reactor.core.publisher.MonoPeekTerminal$MonoTerminalPeekSubscriber.onComplete(MonoPeekTerminal.java:299)
	at reactor.core.publisher.MonoPeekTerminal$MonoTerminalPeekSubscriber.onComplete(MonoPeekTerminal.java:299)
	at reactor.core.publisher.MonoIgnoreElements$IgnoreElementsSubscriber.onComplete(MonoIgnoreElements.java:89)
	at reactor.core.publisher.MonoIgnoreElements$IgnoreElementsSubscriber.onComplete(MonoIgnoreElements.java:89)
	at reactor.core.publisher.Operators$MultiSubscriptionSubscriber.onComplete(Operators.java:2230)
	at reactor.core.publisher.MonoFlatMap$FlatMapMain.secondComplete(MonoFlatMap.java:246)
	at reactor.core.publisher.MonoFlatMap$FlatMapInner.onNext(MonoFlatMap.java:305)
	at reactor.core.publisher.FluxOnErrorResume$ResumeSubscriber.onNext(FluxOnErrorResume.java:79)
	at reactor.core.publisher.MonoIgnoreThen$ThenIgnoreMain.complete(MonoIgnoreThen.java:294)
	at reactor.core.publisher.MonoIgnoreThen$ThenIgnoreMain.onNext(MonoIgnoreThen.java:188)
	at reactor.core.publisher.MonoIgnoreThen$ThenIgnoreMain.subscribeNext(MonoIgnoreThen.java:237)
	at reactor.core.publisher.MonoIgnoreThen$ThenIgnoreMain.onComplete(MonoIgnoreThen.java:204)
	at reactor.core.publisher.MonoPeekTerminal$MonoTerminalPeekSubscriber.onComplete(MonoPeekTerminal.java:299)
	at reactor.core.publisher.MonoIgnoreThen$ThenIgnoreMain.onComplete(MonoIgnoreThen.java:210)
	at reactor.core.publisher.MonoIgnoreThen$ThenIgnoreMain.subscribeNext(MonoIgnoreThen.java:239)
	at reactor.core.publisher.MonoIgnoreThen$ThenIgnoreMain.onComplete(MonoIgnoreThen.java:204)
	at reactor.core.publisher.MonoPeekTerminal$MonoTerminalPeekSubscriber.onComplete(MonoPeekTerminal.java:299)
	at reactor.core.publisher.FluxPeekFuseable$PeekConditionalSubscriber.onComplete(FluxPeekFuseable.java:940)
	at reactor.core.publisher.MonoIgnoreElements$IgnoreElementsSubscriber.onComplete(MonoIgnoreElements.java:89)
	at io.r2dbc.postgresql.util.FluxDiscardOnCancel$FluxDiscardOnCancelSubscriber.onComplete(FluxDiscardOnCancel.java:104)
	at reactor.core.publisher.FluxPeek$PeekSubscriber.onComplete(FluxPeek.java:260)
	at reactor.core.publisher.FluxPeek$PeekSubscriber.onComplete(FluxPeek.java:260)
	at reactor.core.publisher.FluxHandle$HandleSubscriber.onComplete(FluxHandle.java:223)
	at io.r2dbc.postgresql.util.FluxDiscardOnCancel$FluxDiscardOnCancelSubscriber.onComplete(FluxDiscardOnCancel.java:104)
	at reactor.core.publisher.FluxContextWrite$ContextWriteSubscriber.onComplete(FluxContextWrite.java:126)
	at reactor.core.publisher.FluxCreate$BaseSink.complete(FluxCreate.java:465)
	at reactor.core.publisher.FluxCreate$BufferAsyncSink.drain(FluxCreate.java:871)
	at reactor.core.publisher.FluxCreate$BufferAsyncSink.complete(FluxCreate.java:819)
	at reactor.core.publisher.FluxCreate$SerializedFluxSink.drainLoop(FluxCreate.java:249)
	at reactor.core.publisher.FluxCreate$SerializedFluxSink.drain(FluxCreate.java:215)
	at reactor.core.publisher.FluxCreate$SerializedFluxSink.complete(FluxCreate.java:206)
	at io.r2dbc.postgresql.client.ReactorNettyClient$Conversation.complete(ReactorNettyClient.java:680)
	at io.r2dbc.postgresql.client.ReactorNettyClient$BackendMessageSubscriber.emit(ReactorNettyClient.java:946)
	at io.r2dbc.postgresql.client.ReactorNettyClient$BackendMessageSubscriber.onNext(ReactorNettyClient.java:822)
	at io.r2dbc.postgresql.client.ReactorNettyClient$BackendMessageSubscriber.onNext(ReactorNettyClient.java:728)
	at reactor.core.publisher.FluxHandle$HandleSubscriber.onNext(FluxHandle.java:129)
	at reactor.core.publisher.FluxPeekFuseable$PeekConditionalSubscriber.onNext(FluxPeekFuseable.java:854)
	at reactor.core.publisher.FluxMap$MapConditionalSubscriber.onNext(FluxMap.java:224)
	at reactor.core.publisher.FluxMap$MapConditionalSubscriber.onNext(FluxMap.java:224)
	at reactor.netty.channel.FluxReceive.drainReceiver(FluxReceive.java:292)
	at reactor.netty.channel.FluxReceive.onInboundNext(FluxReceive.java:401)
	at reactor.netty.channel.ChannelOperations.onInboundNext(ChannelOperations.java:435)
	at reactor.netty.channel.ChannelOperationsHandler.channelRead(ChannelOperationsHandler.java:115)
	at io.netty.channel.AbstractChannelHandlerContext.invokeChannelRead(AbstractChannelHandlerContext.java:444)
	at io.netty.channel.AbstractChannelHandlerContext.invokeChannelRead(AbstractChannelHandlerContext.java:420)
	at io.netty.channel.AbstractChannelHandlerContext.fireChannelRead(AbstractChannelHandlerContext.java:412)
	at io.netty.handler.codec.ByteToMessageDecoder.fireChannelRead(ByteToMessageDecoder.java:346)
	at io.netty.handler.codec.ByteToMessageDecoder.channelRead(ByteToMessageDecoder.java:318)
	at io.netty.channel.AbstractChannelHandlerContext.invokeChannelRead(AbstractChannelHandlerContext.java:444)
	at io.netty.channel.AbstractChannelHandlerContext.invokeChannelRead(AbstractChannelHandlerContext.java:420)
	at io.netty.channel.AbstractChannelHandlerContext.fireChannelRead(AbstractChannelHandlerContext.java:412)
	at io.netty.channel.DefaultChannelPipeline$HeadContext.channelRead(DefaultChannelPipeline.java:1357)
	at io.netty.channel.AbstractChannelHandlerContext.invokeChannelRead(AbstractChannelHandlerContext.java:440)
	at io.netty.channel.AbstractChannelHandlerContext.invokeChannelRead(AbstractChannelHandlerContext.java:420)
	at io.netty.channel.DefaultChannelPipeline.fireChannelRead(DefaultChannelPipeline.java:868)
	at io.netty.channel.epoll.AbstractEpollStreamChannel$EpollStreamUnsafe.epollInReady(AbstractEpollStreamChannel.java:799)
	at io.netty.channel.epoll.EpollEventLoop.processReady(EpollEventLoop.java:501)
	at io.netty.channel.epoll.EpollEventLoop.run(EpollEventLoop.java:399)
	at io.netty.util.concurrent.SingleThreadEventExecutor$4.run(SingleThreadEventExecutor.java:998)
	at io.netty.util.internal.ThreadExecutorMap$2.run(ThreadExecutorMap.java:74)
	at io.netty.util.concurrent.FastThreadLocalRunnable.run(FastThreadLocalRunnable.java:30)
	at java.base/java.lang.Thread.run(Thread.java:1474)
2025-11-20 12:10:31.797 [reactor-tcp-epoll-3] ERROR b.u.b.t.s.VehicleDataScheduler - Failed to process GPS batch of 100 vehicles: Binding index 0 when only 0 parameters are expected
2025-11-20 12:10:31.797 [reactor-tcp-epoll-1] ERROR b.u.b.t.s.VehicleDataScheduler - Failed to process GPS batch of 64 vehicles: Binding index 0 when only 0 parameters are expected
2025-11-20 12:10:31.798 [boundedElastic-1] INFO  b.u.b.t.s.VehicleDataScheduler - GPS update completed: duration=-7249270ms, updated=0, created=0, failed=164, invalid=0, conflict=0
2025-11-20 14:11:52.516 [reactor-http-epoll-7] INFO  b.u.b.s.i.external.GpsApiClient - Successfully fetched 159 GPS positions from 18 batches
2025-11-20 14:11:52.516 [parallel-4] INFO  b.u.b.t.a.u.UpdateVehiclePositionsUseCase - Processing 100 GPS positions (batch mode) - CorrelationId: CorrelationId[value=TRANS-5e556ae6]
2025-11-20 14:11:52.516 [parallel-5] INFO  b.u.b.t.a.u.UpdateVehiclePositionsUseCase - Processing 59 GPS positions (batch mode) - CorrelationId: CorrelationId[value=TRANS-dbfe29d2]
2025-11-20 14:11:52.518 [reactor-tcp-epoll-6] ERROR b.u.b.t.a.u.UpdateVehiclePositionsUseCase - GPS batch update failed
java.lang.IndexOutOfBoundsException: Binding index 0 when only 0 parameters are expected
	at io.r2dbc.postgresql.client.Binding.add(Binding.java:75)
	at io.r2dbc.postgresql.PostgresqlStatement.bind(PostgresqlStatement.java:108)
	at io.r2dbc.postgresql.PostgresqlStatement.bind(PostgresqlStatement.java:59)
	at java.base/java.util.LinkedHashMap.forEach(LinkedHashMap.java:987)
	at org.springframework.r2dbc.core.DefaultDatabaseClient$DefaultGenericExecuteSpec.bindByIndex(DefaultDatabaseClient.java:507)
	at org.springframework.r2dbc.core.DefaultDatabaseClient$DefaultGenericExecuteSpec.lambda$getResultFunction$9(DefaultDatabaseClient.java:433)
	at org.springframework.r2dbc.core.ResultFunction.apply(ResultFunction.java:64)
	at org.springframework.r2dbc.core.DefaultFetchSpec.lambda$all$1(DefaultFetchSpec.java:77)
	at org.springframework.r2dbc.core.DelegateConnectionFunction.apply(DelegateConnectionFunction.java:48)
	at org.springframework.r2dbc.core.DelegateConnectionFunction.apply(DelegateConnectionFunction.java:33)
	at org.springframework.r2dbc.core.DefaultDatabaseClient.lambda$inConnectionMany$6(DefaultDatabaseClient.java:148)
	at reactor.core.publisher.FluxUsingWhen.deriveFluxFromResource(FluxUsingWhen.java:122)
	at reactor.core.publisher.FluxUsingWhen.access$000(FluxUsingWhen.java:53)
	at reactor.core.publisher.FluxUsingWhen$ResourceSubscriber.onNext(FluxUsingWhen.java:195)
	at reactor.core.publisher.FluxMap$MapSubscriber.onNext(FluxMap.java:122)
	at reactor.core.publisher.FluxOnErrorResume$ResumeSubscriber.onNext(FluxOnErrorResume.java:79)
	at reactor.core.publisher.FluxOnErrorResume$ResumeSubscriber.onNext(FluxOnErrorResume.java:79)
	at reactor.core.publisher.MonoFlatMap$FlatMapMain.onNext(MonoFlatMap.java:158)
	at reactor.core.publisher.FluxMap$MapSubscriber.onNext(FluxMap.java:122)
	at reactor.core.publisher.Operators$ScalarSubscription.request(Operators.java:2570)
	at reactor.core.publisher.FluxMap$MapSubscriber.request(FluxMap.java:164)
	at reactor.core.publisher.MonoFlatMap$FlatMapMain.request(MonoFlatMap.java:194)
	at reactor.core.publisher.Operators$MultiSubscriptionSubscriber.set(Operators.java:2366)
	at reactor.core.publisher.FluxOnErrorResume$ResumeSubscriber.onSubscribe(FluxOnErrorResume.java:74)
	at reactor.core.publisher.MonoFlatMap$FlatMapMain.onSubscribe(MonoFlatMap.java:117)
	at reactor.core.publisher.FluxMap$MapSubscriber.onSubscribe(FluxMap.java:92)
	at reactor.core.publisher.MonoJust.subscribe(MonoJust.java:55)
	at reactor.core.publisher.MonoDeferContextual.subscribe(MonoDeferContextual.java:55)
	at reactor.core.publisher.Mono.subscribe(Mono.java:4576)
	at reactor.core.publisher.FluxUsingWhen.subscribe(FluxUsingWhen.java:105)
	at reactor.core.publisher.InternalMonoOperator.subscribe(InternalMonoOperator.java:76)
	at reactor.core.publisher.MonoUsingWhen$ResourceSubscriber.onNext(MonoUsingWhen.java:183)
	at reactor.core.publisher.FluxSwitchIfEmpty$SwitchIfEmptySubscriber.onNext(FluxSwitchIfEmpty.java:74)
	at reactor.core.publisher.FluxMapFuseable$MapFuseableSubscriber.onNext(FluxMapFuseable.java:129)
	at reactor.core.publisher.MonoFlatMap$FlatMapMain.secondComplete(MonoFlatMap.java:245)
	at reactor.core.publisher.MonoFlatMap$FlatMapInner.onNext(MonoFlatMap.java:305)
	at reactor.core.publisher.MonoFlatMap$FlatMapMain.secondComplete(MonoFlatMap.java:245)
	at reactor.core.publisher.MonoFlatMap$FlatMapInner.onNext(MonoFlatMap.java:305)
	at reactor.core.publisher.MonoFlatMap$FlatMapMain.secondComplete(MonoFlatMap.java:245)
	at reactor.core.publisher.MonoFlatMap$FlatMapInner.onNext(MonoFlatMap.java:305)
	at reactor.core.publisher.FluxOnErrorResume$ResumeSubscriber.onNext(FluxOnErrorResume.java:79)
	at reactor.core.publisher.MonoPeekTerminal$MonoTerminalPeekSubscriber.onNext(MonoPeekTerminal.java:180)
	at reactor.core.publisher.MonoIgnoreThen$ThenIgnoreMain.complete(MonoIgnoreThen.java:294)
	at reactor.core.publisher.MonoIgnoreThen$ThenIgnoreMain.onNext(MonoIgnoreThen.java:188)
	at reactor.core.publisher.MonoIgnoreThen$ThenIgnoreMain.subscribeNext(MonoIgnoreThen.java:237)
	at reactor.core.publisher.MonoIgnoreThen$ThenIgnoreMain.onComplete(MonoIgnoreThen.java:204)
	at reactor.core.publisher.MonoPeekTerminal$MonoTerminalPeekSubscriber.onComplete(MonoPeekTerminal.java:299)
	at reactor.core.publisher.MonoPeekTerminal$MonoTerminalPeekSubscriber.onComplete(MonoPeekTerminal.java:299)
	at reactor.core.publisher.MonoIgnoreElements$IgnoreElementsSubscriber.onComplete(MonoIgnoreElements.java:89)
	at reactor.core.publisher.MonoIgnoreElements$IgnoreElementsSubscriber.onComplete(MonoIgnoreElements.java:89)
	at reactor.core.publisher.Operators$MultiSubscriptionSubscriber.onComplete(Operators.java:2230)
	at reactor.core.publisher.MonoFlatMap$FlatMapMain.secondComplete(MonoFlatMap.java:246)
	at reactor.core.publisher.MonoFlatMap$FlatMapInner.onNext(MonoFlatMap.java:305)
	at reactor.core.publisher.FluxOnErrorResume$ResumeSubscriber.onNext(FluxOnErrorResume.java:79)
	at reactor.core.publisher.MonoIgnoreThen$ThenIgnoreMain.complete(MonoIgnoreThen.java:294)
	at reactor.core.publisher.MonoIgnoreThen$ThenIgnoreMain.onNext(MonoIgnoreThen.java:188)
	at reactor.core.publisher.MonoIgnoreThen$ThenIgnoreMain.subscribeNext(MonoIgnoreThen.java:237)
	at reactor.core.publisher.MonoIgnoreThen$ThenIgnoreMain.onComplete(MonoIgnoreThen.java:204)
	at reactor.core.publisher.MonoPeekTerminal$MonoTerminalPeekSubscriber.onComplete(MonoPeekTerminal.java:299)
	at reactor.core.publisher.MonoIgnoreThen$ThenIgnoreMain.onComplete(MonoIgnoreThen.java:210)
	at reactor.core.publisher.MonoIgnoreThen$ThenIgnoreMain.subscribeNext(MonoIgnoreThen.java:239)
	at reactor.core.publisher.MonoIgnoreThen$ThenIgnoreMain.onComplete(MonoIgnoreThen.java:204)
	at reactor.core.publisher.MonoPeekTerminal$MonoTerminalPeekSubscriber.onComplete(MonoPeekTerminal.java:299)
	at reactor.core.publisher.FluxPeekFuseable$PeekConditionalSubscriber.onComplete(FluxPeekFuseable.java:940)
	at reactor.core.publisher.MonoIgnoreElements$IgnoreElementsSubscriber.onComplete(MonoIgnoreElements.java:89)
	at io.r2dbc.postgresql.util.FluxDiscardOnCancel$FluxDiscardOnCancelSubscriber.onComplete(FluxDiscardOnCancel.java:104)
	at reactor.core.publisher.FluxPeek$PeekSubscriber.onComplete(FluxPeek.java:260)
	at reactor.core.publisher.FluxPeek$PeekSubscriber.onComplete(FluxPeek.java:260)
	at reactor.core.publisher.FluxHandle$HandleSubscriber.onComplete(FluxHandle.java:223)
	at io.r2dbc.postgresql.util.FluxDiscardOnCancel$FluxDiscardOnCancelSubscriber.onComplete(FluxDiscardOnCancel.java:104)
	at reactor.core.publisher.FluxContextWrite$ContextWriteSubscriber.onComplete(FluxContextWrite.java:126)
	at reactor.core.publisher.FluxCreate$BaseSink.complete(FluxCreate.java:465)
	at reactor.core.publisher.FluxCreate$BufferAsyncSink.drain(FluxCreate.java:871)
	at reactor.core.publisher.FluxCreate$BufferAsyncSink.complete(FluxCreate.java:819)
	at reactor.core.publisher.FluxCreate$SerializedFluxSink.drainLoop(FluxCreate.java:249)
	at reactor.core.publisher.FluxCreate$SerializedFluxSink.drain(FluxCreate.java:215)
	at reactor.core.publisher.FluxCreate$SerializedFluxSink.complete(FluxCreate.java:206)
	at io.r2dbc.postgresql.client.ReactorNettyClient$Conversation.complete(ReactorNettyClient.java:680)
	at io.r2dbc.postgresql.client.ReactorNettyClient$BackendMessageSubscriber.emit(ReactorNettyClient.java:946)
	at io.r2dbc.postgresql.client.ReactorNettyClient$BackendMessageSubscriber.onNext(ReactorNettyClient.java:822)
	at io.r2dbc.postgresql.client.ReactorNettyClient$BackendMessageSubscriber.onNext(ReactorNettyClient.java:728)
	at reactor.core.publisher.FluxHandle$HandleSubscriber.onNext(FluxHandle.java:129)
	at reactor.core.publisher.FluxPeekFuseable$PeekConditionalSubscriber.onNext(FluxPeekFuseable.java:854)
	at reactor.core.publisher.FluxMap$MapConditionalSubscriber.onNext(FluxMap.java:224)
	at reactor.core.publisher.FluxMap$MapConditionalSubscriber.onNext(FluxMap.java:224)
	at reactor.netty.channel.FluxReceive.drainReceiver(FluxReceive.java:292)
	at reactor.netty.channel.FluxReceive.onInboundNext(FluxReceive.java:401)
	at reactor.netty.channel.ChannelOperations.onInboundNext(ChannelOperations.java:435)
	at reactor.netty.channel.ChannelOperationsHandler.channelRead(ChannelOperationsHandler.java:115)
	at io.netty.channel.AbstractChannelHandlerContext.invokeChannelRead(AbstractChannelHandlerContext.java:444)
	at io.netty.channel.AbstractChannelHandlerContext.invokeChannelRead(AbstractChannelHandlerContext.java:420)
	at io.netty.channel.AbstractChannelHandlerContext.fireChannelRead(AbstractChannelHandlerContext.java:412)
	at io.netty.handler.codec.ByteToMessageDecoder.fireChannelRead(ByteToMessageDecoder.java:346)
	at io.netty.handler.codec.ByteToMessageDecoder.channelRead(ByteToMessageDecoder.java:318)
	at io.netty.channel.AbstractChannelHandlerContext.invokeChannelRead(AbstractChannelHandlerContext.java:444)
	at io.netty.channel.AbstractChannelHandlerContext.invokeChannelRead(AbstractChannelHandlerContext.java:420)
	at io.netty.channel.AbstractChannelHandlerContext.fireChannelRead(AbstractChannelHandlerContext.java:412)
	at io.netty.channel.DefaultChannelPipeline$HeadContext.channelRead(DefaultChannelPipeline.java:1357)
	at io.netty.channel.AbstractChannelHandlerContext.invokeChannelRead(AbstractChannelHandlerContext.java:440)
	at io.netty.channel.AbstractChannelHandlerContext.invokeChannelRead(AbstractChannelHandlerContext.java:420)
	at io.netty.channel.DefaultChannelPipeline.fireChannelRead(DefaultChannelPipeline.java:868)
	at io.netty.channel.epoll.AbstractEpollStreamChannel$EpollStreamUnsafe.epollInReady(AbstractEpollStreamChannel.java:799)
	at io.netty.channel.epoll.EpollEventLoop.processReady(EpollEventLoop.java:501)
	at io.netty.channel.epoll.EpollEventLoop.run(EpollEventLoop.java:399)
	at io.netty.util.concurrent.SingleThreadEventExecutor$4.run(SingleThreadEventExecutor.java:998)
	at io.netty.util.internal.ThreadExecutorMap$2.run(ThreadExecutorMap.java:74)
	at io.netty.util.concurrent.FastThreadLocalRunnable.run(FastThreadLocalRunnable.java:30)
	at java.base/java.lang.Thread.run(Thread.java:1474)
2025-11-20 14:11:52.518 [reactor-tcp-epoll-7] ERROR b.u.b.t.a.u.UpdateVehiclePositionsUseCase - GPS batch update failed
java.lang.IndexOutOfBoundsException: Binding index 0 when only 0 parameters are expected
	at io.r2dbc.postgresql.client.Binding.add(Binding.java:75)
	at io.r2dbc.postgresql.PostgresqlStatement.bind(PostgresqlStatement.java:108)
	at io.r2dbc.postgresql.PostgresqlStatement.bind(PostgresqlStatement.java:59)
	at java.base/java.util.LinkedHashMap.forEach(LinkedHashMap.java:987)
	at org.springframework.r2dbc.core.DefaultDatabaseClient$DefaultGenericExecuteSpec.bindByIndex(DefaultDatabaseClient.java:507)
	at org.springframework.r2dbc.core.DefaultDatabaseClient$DefaultGenericExecuteSpec.lambda$getResultFunction$9(DefaultDatabaseClient.java:433)
	at org.springframework.r2dbc.core.ResultFunction.apply(ResultFunction.java:64)
	at org.springframework.r2dbc.core.DefaultFetchSpec.lambda$all$1(DefaultFetchSpec.java:77)
	at org.springframework.r2dbc.core.DelegateConnectionFunction.apply(DelegateConnectionFunction.java:48)
	at org.springframework.r2dbc.core.DelegateConnectionFunction.apply(DelegateConnectionFunction.java:33)
	at org.springframework.r2dbc.core.DefaultDatabaseClient.lambda$inConnectionMany$6(DefaultDatabaseClient.java:148)
	at reactor.core.publisher.FluxUsingWhen.deriveFluxFromResource(FluxUsingWhen.java:122)
	at reactor.core.publisher.FluxUsingWhen.access$000(FluxUsingWhen.java:53)
	at reactor.core.publisher.FluxUsingWhen$ResourceSubscriber.onNext(FluxUsingWhen.java:195)
	at reactor.core.publisher.FluxMap$MapSubscriber.onNext(FluxMap.java:122)
	at reactor.core.publisher.FluxOnErrorResume$ResumeSubscriber.onNext(FluxOnErrorResume.java:79)
	at reactor.core.publisher.FluxOnErrorResume$ResumeSubscriber.onNext(FluxOnErrorResume.java:79)
	at reactor.core.publisher.MonoFlatMap$FlatMapMain.onNext(MonoFlatMap.java:158)
	at reactor.core.publisher.FluxMap$MapSubscriber.onNext(FluxMap.java:122)
	at reactor.core.publisher.Operators$ScalarSubscription.request(Operators.java:2570)
	at reactor.core.publisher.FluxMap$MapSubscriber.request(FluxMap.java:164)
	at reactor.core.publisher.MonoFlatMap$FlatMapMain.request(MonoFlatMap.java:194)
	at reactor.core.publisher.Operators$MultiSubscriptionSubscriber.set(Operators.java:2366)
	at reactor.core.publisher.FluxOnErrorResume$ResumeSubscriber.onSubscribe(FluxOnErrorResume.java:74)
	at reactor.core.publisher.MonoFlatMap$FlatMapMain.onSubscribe(MonoFlatMap.java:117)
	at reactor.core.publisher.FluxMap$MapSubscriber.onSubscribe(FluxMap.java:92)
	at reactor.core.publisher.MonoJust.subscribe(MonoJust.java:55)
	at reactor.core.publisher.MonoDeferContextual.subscribe(MonoDeferContextual.java:55)
	at reactor.core.publisher.Mono.subscribe(Mono.java:4576)
	at reactor.core.publisher.FluxUsingWhen.subscribe(FluxUsingWhen.java:105)
	at reactor.core.publisher.InternalMonoOperator.subscribe(InternalMonoOperator.java:76)
	at reactor.core.publisher.MonoUsingWhen$ResourceSubscriber.onNext(MonoUsingWhen.java:183)
	at reactor.core.publisher.FluxSwitchIfEmpty$SwitchIfEmptySubscriber.onNext(FluxSwitchIfEmpty.java:74)
	at reactor.core.publisher.FluxMapFuseable$MapFuseableSubscriber.onNext(FluxMapFuseable.java:129)
	at reactor.core.publisher.MonoFlatMap$FlatMapMain.secondComplete(MonoFlatMap.java:245)
	at reactor.core.publisher.MonoFlatMap$FlatMapInner.onNext(MonoFlatMap.java:305)
	at reactor.core.publisher.MonoFlatMap$FlatMapMain.secondComplete(MonoFlatMap.java:245)
	at reactor.core.publisher.MonoFlatMap$FlatMapInner.onNext(MonoFlatMap.java:305)
	at reactor.core.publisher.MonoFlatMap$FlatMapMain.secondComplete(MonoFlatMap.java:245)
	at reactor.core.publisher.MonoFlatMap$FlatMapInner.onNext(MonoFlatMap.java:305)
	at reactor.core.publisher.FluxOnErrorResume$ResumeSubscriber.onNext(FluxOnErrorResume.java:79)
	at reactor.core.publisher.MonoPeekTerminal$MonoTerminalPeekSubscriber.onNext(MonoPeekTerminal.java:180)
	at reactor.core.publisher.MonoIgnoreThen$ThenIgnoreMain.complete(MonoIgnoreThen.java:294)
	at reactor.core.publisher.MonoIgnoreThen$ThenIgnoreMain.onNext(MonoIgnoreThen.java:188)
	at reactor.core.publisher.MonoIgnoreThen$ThenIgnoreMain.subscribeNext(MonoIgnoreThen.java:237)
	at reactor.core.publisher.MonoIgnoreThen$ThenIgnoreMain.onComplete(MonoIgnoreThen.java:204)
	at reactor.core.publisher.MonoPeekTerminal$MonoTerminalPeekSubscriber.onComplete(MonoPeekTerminal.java:299)
	at reactor.core.publisher.MonoPeekTerminal$MonoTerminalPeekSubscriber.onComplete(MonoPeekTerminal.java:299)
	at reactor.core.publisher.MonoIgnoreElements$IgnoreElementsSubscriber.onComplete(MonoIgnoreElements.java:89)
	at reactor.core.publisher.MonoIgnoreElements$IgnoreElementsSubscriber.onComplete(MonoIgnoreElements.java:89)
	at reactor.core.publisher.Operators$MultiSubscriptionSubscriber.onComplete(Operators.java:2230)
	at reactor.core.publisher.MonoFlatMap$FlatMapMain.secondComplete(MonoFlatMap.java:246)
	at reactor.core.publisher.MonoFlatMap$FlatMapInner.onNext(MonoFlatMap.java:305)
	at reactor.core.publisher.FluxOnErrorResume$ResumeSubscriber.onNext(FluxOnErrorResume.java:79)
	at reactor.core.publisher.MonoIgnoreThen$ThenIgnoreMain.complete(MonoIgnoreThen.java:294)
	at reactor.core.publisher.MonoIgnoreThen$ThenIgnoreMain.onNext(MonoIgnoreThen.java:188)
	at reactor.core.publisher.MonoIgnoreThen$ThenIgnoreMain.subscribeNext(MonoIgnoreThen.java:237)
	at reactor.core.publisher.MonoIgnoreThen$ThenIgnoreMain.onComplete(MonoIgnoreThen.java:204)
	at reactor.core.publisher.MonoPeekTerminal$MonoTerminalPeekSubscriber.onComplete(MonoPeekTerminal.java:299)
	at reactor.core.publisher.MonoIgnoreThen$ThenIgnoreMain.onComplete(MonoIgnoreThen.java:210)
	at reactor.core.publisher.MonoIgnoreThen$ThenIgnoreMain.subscribeNext(MonoIgnoreThen.java:239)
	at reactor.core.publisher.MonoIgnoreThen$ThenIgnoreMain.onComplete(MonoIgnoreThen.java:204)
	at reactor.core.publisher.MonoPeekTerminal$MonoTerminalPeekSubscriber.onComplete(MonoPeekTerminal.java:299)
	at reactor.core.publisher.FluxPeekFuseable$PeekConditionalSubscriber.onComplete(FluxPeekFuseable.java:940)
	at reactor.core.publisher.MonoIgnoreElements$IgnoreElementsSubscriber.onComplete(MonoIgnoreElements.java:89)
	at io.r2dbc.postgresql.util.FluxDiscardOnCancel$FluxDiscardOnCancelSubscriber.onComplete(FluxDiscardOnCancel.java:104)
	at reactor.core.publisher.FluxPeek$PeekSubscriber.onComplete(FluxPeek.java:260)
	at reactor.core.publisher.FluxPeek$PeekSubscriber.onComplete(FluxPeek.java:260)
	at reactor.core.publisher.FluxHandle$HandleSubscriber.onComplete(FluxHandle.java:223)
	at io.r2dbc.postgresql.util.FluxDiscardOnCancel$FluxDiscardOnCancelSubscriber.onComplete(FluxDiscardOnCancel.java:104)
	at reactor.core.publisher.FluxContextWrite$ContextWriteSubscriber.onComplete(FluxContextWrite.java:126)
	at reactor.core.publisher.FluxCreate$BaseSink.complete(FluxCreate.java:465)
	at reactor.core.publisher.FluxCreate$BufferAsyncSink.drain(FluxCreate.java:871)
	at reactor.core.publisher.FluxCreate$BufferAsyncSink.complete(FluxCreate.java:819)
	at reactor.core.publisher.FluxCreate$SerializedFluxSink.drainLoop(FluxCreate.java:249)
	at reactor.core.publisher.FluxCreate$SerializedFluxSink.drain(FluxCreate.java:215)
	at reactor.core.publisher.FluxCreate$SerializedFluxSink.complete(FluxCreate.java:206)
	at io.r2dbc.postgresql.client.ReactorNettyClient$Conversation.complete(ReactorNettyClient.java:680)
	at io.r2dbc.postgresql.client.ReactorNettyClient$BackendMessageSubscriber.emit(ReactorNettyClient.java:946)
	at io.r2dbc.postgresql.client.ReactorNettyClient$BackendMessageSubscriber.onNext(ReactorNettyClient.java:822)
	at io.r2dbc.postgresql.client.ReactorNettyClient$BackendMessageSubscriber.onNext(ReactorNettyClient.java:728)
	at reactor.core.publisher.FluxHandle$HandleSubscriber.onNext(FluxHandle.java:129)
	at reactor.core.publisher.FluxPeekFuseable$PeekConditionalSubscriber.onNext(FluxPeekFuseable.java:854)
	at reactor.core.publisher.FluxMap$MapConditionalSubscriber.onNext(FluxMap.java:224)
	at reactor.core.publisher.FluxMap$MapConditionalSubscriber.onNext(FluxMap.java:224)
	at reactor.netty.channel.FluxReceive.drainReceiver(FluxReceive.java:292)
	at reactor.netty.channel.FluxReceive.onInboundNext(FluxReceive.java:401)
	at reactor.netty.channel.ChannelOperations.onInboundNext(ChannelOperations.java:435)
	at reactor.netty.channel.ChannelOperationsHandler.channelRead(ChannelOperationsHandler.java:115)
	at io.netty.channel.AbstractChannelHandlerContext.invokeChannelRead(AbstractChannelHandlerContext.java:444)
	at io.netty.channel.AbstractChannelHandlerContext.invokeChannelRead(AbstractChannelHandlerContext.java:420)
	at io.netty.channel.AbstractChannelHandlerContext.fireChannelRead(AbstractChannelHandlerContext.java:412)
	at io.netty.handler.codec.ByteToMessageDecoder.fireChannelRead(ByteToMessageDecoder.java:346)
	at io.netty.handler.codec.ByteToMessageDecoder.channelRead(ByteToMessageDecoder.java:318)
	at io.netty.channel.AbstractChannelHandlerContext.invokeChannelRead(AbstractChannelHandlerContext.java:444)
	at io.netty.channel.AbstractChannelHandlerContext.invokeChannelRead(AbstractChannelHandlerContext.java:420)
	at io.netty.channel.AbstractChannelHandlerContext.fireChannelRead(AbstractChannelHandlerContext.java:412)
	at io.netty.channel.DefaultChannelPipeline$HeadContext.channelRead(DefaultChannelPipeline.java:1357)
	at io.netty.channel.AbstractChannelHandlerContext.invokeChannelRead(AbstractChannelHandlerContext.java:440)
	at io.netty.channel.AbstractChannelHandlerContext.invokeChannelRead(AbstractChannelHandlerContext.java:420)
	at io.netty.channel.DefaultChannelPipeline.fireChannelRead(DefaultChannelPipeline.java:868)
	at io.netty.channel.epoll.AbstractEpollStreamChannel$EpollStreamUnsafe.epollInReady(AbstractEpollStreamChannel.java:799)
	at io.netty.channel.epoll.EpollEventLoop.processReady(EpollEventLoop.java:501)
	at io.netty.channel.epoll.EpollEventLoop.run(EpollEventLoop.java:399)
	at io.netty.util.concurrent.SingleThreadEventExecutor$4.run(SingleThreadEventExecutor.java:998)
	at io.netty.util.internal.ThreadExecutorMap$2.run(ThreadExecutorMap.java:74)
	at io.netty.util.concurrent.FastThreadLocalRunnable.run(FastThreadLocalRunnable.java:30)
	at java.base/java.lang.Thread.run(Thread.java:1474)
2025-11-20 14:11:52.518 [reactor-tcp-epoll-6] ERROR b.u.b.t.s.VehicleDataScheduler - Failed to process GPS batch of 59 vehicles: Binding index 0 when only 0 parameters are expected
2025-11-20 14:11:52.518 [reactor-tcp-epoll-7] ERROR b.u.b.t.s.VehicleDataScheduler - Failed to process GPS batch of 100 vehicles: Binding index 0 when only 0 parameters are expected
2025-11-20 14:11:52.518 [boundedElastic-1] INFO  b.u.b.t.s.VehicleDataScheduler - GPS update completed: duration=1361ms, updated=0, created=0, failed=159, invalid=0, conflict=0
2025-11-20 14:12:00.139 [reactor-tcp-epoll-6] INFO  b.u.b.s.a.MaterializedViewRefreshService - [MaterializedView] mv_active_routes_summary refreshed in 47ms
2025-11-20 14:12:01.205 [reactor-http-epoll-7] INFO  b.u.b.s.i.external.GpsApiClient - Successfully fetched 158 GPS positions from 18 batches
2025-11-20 14:12:01.205 [parallel-8] INFO  b.u.b.t.a.u.UpdateVehiclePositionsUseCase - Processing 100 GPS positions (batch mode) - CorrelationId: CorrelationId[value=TRANS-9f4f1bc3]
2025-11-20 14:12:01.205 [parallel-1] INFO  b.u.b.t.a.u.UpdateVehiclePositionsUseCase - Processing 58 GPS positions (batch mode) - CorrelationId: CorrelationId[value=TRANS-f1bed3c1]
2025-11-20 14:12:01.207 [reactor-tcp-epoll-6] ERROR b.u.b.t.a.u.UpdateVehiclePositionsUseCase - GPS batch update failed
java.lang.IndexOutOfBoundsException: Binding index 0 when only 0 parameters are expected
	at io.r2dbc.postgresql.client.Binding.add(Binding.java:75)
	at io.r2dbc.postgresql.PostgresqlStatement.bind(PostgresqlStatement.java:108)
	at io.r2dbc.postgresql.PostgresqlStatement.bind(PostgresqlStatement.java:59)
	at java.base/java.util.LinkedHashMap.forEach(LinkedHashMap.java:987)
	at org.springframework.r2dbc.core.DefaultDatabaseClient$DefaultGenericExecuteSpec.bindByIndex(DefaultDatabaseClient.java:507)
	at org.springframework.r2dbc.core.DefaultDatabaseClient$DefaultGenericExecuteSpec.lambda$getResultFunction$9(DefaultDatabaseClient.java:433)
	at org.springframework.r2dbc.core.ResultFunction.apply(ResultFunction.java:64)
	at org.springframework.r2dbc.core.DefaultFetchSpec.lambda$all$1(DefaultFetchSpec.java:77)
	at org.springframework.r2dbc.core.DelegateConnectionFunction.apply(DelegateConnectionFunction.java:48)
	at org.springframework.r2dbc.core.DelegateConnectionFunction.apply(DelegateConnectionFunction.java:33)
	at org.springframework.r2dbc.core.DefaultDatabaseClient.lambda$inConnectionMany$6(DefaultDatabaseClient.java:148)
	at reactor.core.publisher.FluxUsingWhen.deriveFluxFromResource(FluxUsingWhen.java:122)
	at reactor.core.publisher.FluxUsingWhen.access$000(FluxUsingWhen.java:53)
	at reactor.core.publisher.FluxUsingWhen$ResourceSubscriber.onNext(FluxUsingWhen.java:195)
	at reactor.core.publisher.FluxMap$MapSubscriber.onNext(FluxMap.java:122)
	at reactor.core.publisher.FluxOnErrorResume$ResumeSubscriber.onNext(FluxOnErrorResume.java:79)
	at reactor.core.publisher.FluxOnErrorResume$ResumeSubscriber.onNext(FluxOnErrorResume.java:79)
	at reactor.core.publisher.MonoFlatMap$FlatMapMain.onNext(MonoFlatMap.java:158)
	at reactor.core.publisher.FluxMap$MapSubscriber.onNext(FluxMap.java:122)
	at reactor.core.publisher.Operators$ScalarSubscription.request(Operators.java:2570)
	at reactor.core.publisher.FluxMap$MapSubscriber.request(FluxMap.java:164)
	at reactor.core.publisher.MonoFlatMap$FlatMapMain.request(MonoFlatMap.java:194)
	at reactor.core.publisher.Operators$MultiSubscriptionSubscriber.set(Operators.java:2366)
	at reactor.core.publisher.FluxOnErrorResume$ResumeSubscriber.onSubscribe(FluxOnErrorResume.java:74)
	at reactor.core.publisher.MonoFlatMap$FlatMapMain.onSubscribe(MonoFlatMap.java:117)
	at reactor.core.publisher.FluxMap$MapSubscriber.onSubscribe(FluxMap.java:92)
	at reactor.core.publisher.MonoJust.subscribe(MonoJust.java:55)
	at reactor.core.publisher.MonoDeferContextual.subscribe(MonoDeferContextual.java:55)
	at reactor.core.publisher.Mono.subscribe(Mono.java:4576)
	at reactor.core.publisher.FluxUsingWhen.subscribe(FluxUsingWhen.java:105)
	at reactor.core.publisher.InternalMonoOperator.subscribe(InternalMonoOperator.java:76)
	at reactor.core.publisher.MonoUsingWhen$ResourceSubscriber.onNext(MonoUsingWhen.java:183)
	at reactor.core.publisher.FluxSwitchIfEmpty$SwitchIfEmptySubscriber.onNext(FluxSwitchIfEmpty.java:74)
	at reactor.core.publisher.FluxMapFuseable$MapFuseableSubscriber.onNext(FluxMapFuseable.java:129)
	at reactor.core.publisher.MonoFlatMap$FlatMapMain.secondComplete(MonoFlatMap.java:245)
	at reactor.core.publisher.MonoFlatMap$FlatMapInner.onNext(MonoFlatMap.java:305)
	at reactor.core.publisher.MonoFlatMap$FlatMapMain.secondComplete(MonoFlatMap.java:245)
	at reactor.core.publisher.MonoFlatMap$FlatMapInner.onNext(MonoFlatMap.java:305)
	at reactor.core.publisher.MonoFlatMap$FlatMapMain.secondComplete(MonoFlatMap.java:245)
	at reactor.core.publisher.MonoFlatMap$FlatMapInner.onNext(MonoFlatMap.java:305)
	at reactor.core.publisher.FluxOnErrorResume$ResumeSubscriber.onNext(FluxOnErrorResume.java:79)
	at reactor.core.publisher.MonoPeekTerminal$MonoTerminalPeekSubscriber.onNext(MonoPeekTerminal.java:180)
	at reactor.core.publisher.MonoIgnoreThen$ThenIgnoreMain.complete(MonoIgnoreThen.java:294)
	at reactor.core.publisher.MonoIgnoreThen$ThenIgnoreMain.onNext(MonoIgnoreThen.java:188)
	at reactor.core.publisher.MonoIgnoreThen$ThenIgnoreMain.subscribeNext(MonoIgnoreThen.java:237)
	at reactor.core.publisher.MonoIgnoreThen$ThenIgnoreMain.onComplete(MonoIgnoreThen.java:204)
	at reactor.core.publisher.MonoPeekTerminal$MonoTerminalPeekSubscriber.onComplete(MonoPeekTerminal.java:299)
	at reactor.core.publisher.MonoPeekTerminal$MonoTerminalPeekSubscriber.onComplete(MonoPeekTerminal.java:299)
	at reactor.core.publisher.MonoIgnoreElements$IgnoreElementsSubscriber.onComplete(MonoIgnoreElements.java:89)
	at reactor.core.publisher.MonoIgnoreElements$IgnoreElementsSubscriber.onComplete(MonoIgnoreElements.java:89)
	at reactor.core.publisher.Operators$MultiSubscriptionSubscriber.onComplete(Operators.java:2230)
	at reactor.core.publisher.MonoFlatMap$FlatMapMain.secondComplete(MonoFlatMap.java:246)
	at reactor.core.publisher.MonoFlatMap$FlatMapInner.onNext(MonoFlatMap.java:305)
	at reactor.core.publisher.FluxOnErrorResume$ResumeSubscriber.onNext(FluxOnErrorResume.java:79)
	at reactor.core.publisher.MonoIgnoreThen$ThenIgnoreMain.complete(MonoIgnoreThen.java:294)
	at reactor.core.publisher.MonoIgnoreThen$ThenIgnoreMain.onNext(MonoIgnoreThen.java:188)
	at reactor.core.publisher.MonoIgnoreThen$ThenIgnoreMain.subscribeNext(MonoIgnoreThen.java:237)
	at reactor.core.publisher.MonoIgnoreThen$ThenIgnoreMain.onComplete(MonoIgnoreThen.java:204)
	at reactor.core.publisher.MonoPeekTerminal$MonoTerminalPeekSubscriber.onComplete(MonoPeekTerminal.java:299)
	at reactor.core.publisher.MonoIgnoreThen$ThenIgnoreMain.onComplete(MonoIgnoreThen.java:210)
	at reactor.core.publisher.MonoIgnoreThen$ThenIgnoreMain.subscribeNext(MonoIgnoreThen.java:239)
	at reactor.core.publisher.MonoIgnoreThen$ThenIgnoreMain.onComplete(MonoIgnoreThen.java:204)
	at reactor.core.publisher.MonoPeekTerminal$MonoTerminalPeekSubscriber.onComplete(MonoPeekTerminal.java:299)
	at reactor.core.publisher.FluxPeekFuseable$PeekConditionalSubscriber.onComplete(FluxPeekFuseable.java:940)
	at reactor.core.publisher.MonoIgnoreElements$IgnoreElementsSubscriber.onComplete(MonoIgnoreElements.java:89)
	at io.r2dbc.postgresql.util.FluxDiscardOnCancel$FluxDiscardOnCancelSubscriber.onComplete(FluxDiscardOnCancel.java:104)
	at reactor.core.publisher.FluxPeek$PeekSubscriber.onComplete(FluxPeek.java:260)
	at reactor.core.publisher.FluxPeek$PeekSubscriber.onComplete(FluxPeek.java:260)
	at reactor.core.publisher.FluxHandle$HandleSubscriber.onComplete(FluxHandle.java:223)
	at io.r2dbc.postgresql.util.FluxDiscardOnCancel$FluxDiscardOnCancelSubscriber.onComplete(FluxDiscardOnCancel.java:104)
	at reactor.core.publisher.FluxContextWrite$ContextWriteSubscriber.onComplete(FluxContextWrite.java:126)
	at reactor.core.publisher.FluxCreate$BaseSink.complete(FluxCreate.java:465)
	at reactor.core.publisher.FluxCreate$BufferAsyncSink.drain(FluxCreate.java:871)
	at reactor.core.publisher.FluxCreate$BufferAsyncSink.complete(FluxCreate.java:819)
	at reactor.core.publisher.FluxCreate$SerializedFluxSink.drainLoop(FluxCreate.java:249)
	at reactor.core.publisher.FluxCreate$SerializedFluxSink.drain(FluxCreate.java:215)
	at reactor.core.publisher.FluxCreate$SerializedFluxSink.complete(FluxCreate.java:206)
	at io.r2dbc.postgresql.client.ReactorNettyClient$Conversation.complete(ReactorNettyClient.java:680)
	at io.r2dbc.postgresql.client.ReactorNettyClient$BackendMessageSubscriber.emit(ReactorNettyClient.java:946)
	at io.r2dbc.postgresql.client.ReactorNettyClient$BackendMessageSubscriber.onNext(ReactorNettyClient.java:822)
	at io.r2dbc.postgresql.client.ReactorNettyClient$BackendMessageSubscriber.onNext(ReactorNettyClient.java:728)
	at reactor.core.publisher.FluxHandle$HandleSubscriber.onNext(FluxHandle.java:129)
	at reactor.core.publisher.FluxPeekFuseable$PeekConditionalSubscriber.onNext(FluxPeekFuseable.java:854)
	at reactor.core.publisher.FluxMap$MapConditionalSubscriber.onNext(FluxMap.java:224)
	at reactor.core.publisher.FluxMap$MapConditionalSubscriber.onNext(FluxMap.java:224)
	at reactor.netty.channel.FluxReceive.drainReceiver(FluxReceive.java:292)
	at reactor.netty.channel.FluxReceive.onInboundNext(FluxReceive.java:401)
	at reactor.netty.channel.ChannelOperations.onInboundNext(ChannelOperations.java:435)
	at reactor.netty.channel.ChannelOperationsHandler.channelRead(ChannelOperationsHandler.java:115)
	at io.netty.channel.AbstractChannelHandlerContext.invokeChannelRead(AbstractChannelHandlerContext.java:444)
	at io.netty.channel.AbstractChannelHandlerContext.invokeChannelRead(AbstractChannelHandlerContext.java:420)
	at io.netty.channel.AbstractChannelHandlerContext.fireChannelRead(AbstractChannelHandlerContext.java:412)
	at io.netty.handler.codec.ByteToMessageDecoder.fireChannelRead(ByteToMessageDecoder.java:346)
	at io.netty.handler.codec.ByteToMessageDecoder.channelRead(ByteToMessageDecoder.java:318)
	at io.netty.channel.AbstractChannelHandlerContext.invokeChannelRead(AbstractChannelHandlerContext.java:444)
	at io.netty.channel.AbstractChannelHandlerContext.invokeChannelRead(AbstractChannelHandlerContext.java:420)
	at io.netty.channel.AbstractChannelHandlerContext.fireChannelRead(AbstractChannelHandlerContext.java:412)
	at io.netty.channel.DefaultChannelPipeline$HeadContext.channelRead(DefaultChannelPipeline.java:1357)
	at io.netty.channel.AbstractChannelHandlerContext.invokeChannelRead(AbstractChannelHandlerContext.java:440)
	at io.netty.channel.AbstractChannelHandlerContext.invokeChannelRead(AbstractChannelHandlerContext.java:420)
	at io.netty.channel.DefaultChannelPipeline.fireChannelRead(DefaultChannelPipeline.java:868)
	at io.netty.channel.epoll.AbstractEpollStreamChannel$EpollStreamUnsafe.epollInReady(AbstractEpollStreamChannel.java:799)
	at io.netty.channel.epoll.EpollEventLoop.processReady(EpollEventLoop.java:501)
	at io.netty.channel.epoll.EpollEventLoop.run(EpollEventLoop.java:399)
	at io.netty.util.concurrent.SingleThreadEventExecutor$4.run(SingleThreadEventExecutor.java:998)
	at io.netty.util.internal.ThreadExecutorMap$2.run(ThreadExecutorMap.java:74)
	at io.netty.util.concurrent.FastThreadLocalRunnable.run(FastThreadLocalRunnable.java:30)
	at java.base/java.lang.Thread.run(Thread.java:1474)
2025-11-20 14:12:01.207 [reactor-tcp-epoll-7] ERROR b.u.b.t.a.u.UpdateVehiclePositionsUseCase - GPS batch update failed
java.lang.IndexOutOfBoundsException: Binding index 0 when only 0 parameters are expected
	at io.r2dbc.postgresql.client.Binding.add(Binding.java:75)
	at io.r2dbc.postgresql.PostgresqlStatement.bind(PostgresqlStatement.java:108)
	at io.r2dbc.postgresql.PostgresqlStatement.bind(PostgresqlStatement.java:59)
	at java.base/java.util.LinkedHashMap.forEach(LinkedHashMap.java:987)
	at org.springframework.r2dbc.core.DefaultDatabaseClient$DefaultGenericExecuteSpec.bindByIndex(DefaultDatabaseClient.java:507)
	at org.springframework.r2dbc.core.DefaultDatabaseClient$DefaultGenericExecuteSpec.lambda$getResultFunction$9(DefaultDatabaseClient.java:433)
	at org.springframework.r2dbc.core.ResultFunction.apply(ResultFunction.java:64)
	at org.springframework.r2dbc.core.DefaultFetchSpec.lambda$all$1(DefaultFetchSpec.java:77)
	at org.springframework.r2dbc.core.DelegateConnectionFunction.apply(DelegateConnectionFunction.java:48)
	at org.springframework.r2dbc.core.DelegateConnectionFunction.apply(DelegateConnectionFunction.java:33)
	at org.springframework.r2dbc.core.DefaultDatabaseClient.lambda$inConnectionMany$6(DefaultDatabaseClient.java:148)
	at reactor.core.publisher.FluxUsingWhen.deriveFluxFromResource(FluxUsingWhen.java:122)
	at reactor.core.publisher.FluxUsingWhen.access$000(FluxUsingWhen.java:53)
	at reactor.core.publisher.FluxUsingWhen$ResourceSubscriber.onNext(FluxUsingWhen.java:195)
	at reactor.core.publisher.FluxMap$MapSubscriber.onNext(FluxMap.java:122)
	at reactor.core.publisher.FluxOnErrorResume$ResumeSubscriber.onNext(FluxOnErrorResume.java:79)
	at reactor.core.publisher.FluxOnErrorResume$ResumeSubscriber.onNext(FluxOnErrorResume.java:79)
	at reactor.core.publisher.MonoFlatMap$FlatMapMain.onNext(MonoFlatMap.java:158)
	at reactor.core.publisher.FluxMap$MapSubscriber.onNext(FluxMap.java:122)
	at reactor.core.publisher.Operators$ScalarSubscription.request(Operators.java:2570)
	at reactor.core.publisher.FluxMap$MapSubscriber.request(FluxMap.java:164)
	at reactor.core.publisher.MonoFlatMap$FlatMapMain.request(MonoFlatMap.java:194)
	at reactor.core.publisher.Operators$MultiSubscriptionSubscriber.set(Operators.java:2366)
	at reactor.core.publisher.FluxOnErrorResume$ResumeSubscriber.onSubscribe(FluxOnErrorResume.java:74)
	at reactor.core.publisher.MonoFlatMap$FlatMapMain.onSubscribe(MonoFlatMap.java:117)
	at reactor.core.publisher.FluxMap$MapSubscriber.onSubscribe(FluxMap.java:92)
	at reactor.core.publisher.MonoJust.subscribe(MonoJust.java:55)
	at reactor.core.publisher.MonoDeferContextual.subscribe(MonoDeferContextual.java:55)
	at reactor.core.publisher.Mono.subscribe(Mono.java:4576)
	at reactor.core.publisher.FluxUsingWhen.subscribe(FluxUsingWhen.java:105)
	at reactor.core.publisher.InternalMonoOperator.subscribe(InternalMonoOperator.java:76)
	at reactor.core.publisher.MonoUsingWhen$ResourceSubscriber.onNext(MonoUsingWhen.java:183)
	at reactor.core.publisher.FluxSwitchIfEmpty$SwitchIfEmptySubscriber.onNext(FluxSwitchIfEmpty.java:74)
	at reactor.core.publisher.FluxMapFuseable$MapFuseableSubscriber.onNext(FluxMapFuseable.java:129)
	at reactor.core.publisher.MonoFlatMap$FlatMapMain.secondComplete(MonoFlatMap.java:245)
	at reactor.core.publisher.MonoFlatMap$FlatMapInner.onNext(MonoFlatMap.java:305)
	at reactor.core.publisher.MonoFlatMap$FlatMapMain.secondComplete(MonoFlatMap.java:245)
	at reactor.core.publisher.MonoFlatMap$FlatMapInner.onNext(MonoFlatMap.java:305)
	at reactor.core.publisher.MonoFlatMap$FlatMapMain.secondComplete(MonoFlatMap.java:245)
	at reactor.core.publisher.MonoFlatMap$FlatMapInner.onNext(MonoFlatMap.java:305)
	at reactor.core.publisher.FluxOnErrorResume$ResumeSubscriber.onNext(FluxOnErrorResume.java:79)
	at reactor.core.publisher.MonoPeekTerminal$MonoTerminalPeekSubscriber.onNext(MonoPeekTerminal.java:180)
	at reactor.core.publisher.MonoIgnoreThen$ThenIgnoreMain.complete(MonoIgnoreThen.java:294)
	at reactor.core.publisher.MonoIgnoreThen$ThenIgnoreMain.onNext(MonoIgnoreThen.java:188)
	at reactor.core.publisher.MonoIgnoreThen$ThenIgnoreMain.subscribeNext(MonoIgnoreThen.java:237)
	at reactor.core.publisher.MonoIgnoreThen$ThenIgnoreMain.onComplete(MonoIgnoreThen.java:204)
	at reactor.core.publisher.MonoPeekTerminal$MonoTerminalPeekSubscriber.onComplete(MonoPeekTerminal.java:299)
	at reactor.core.publisher.MonoPeekTerminal$MonoTerminalPeekSubscriber.onComplete(MonoPeekTerminal.java:299)
	at reactor.core.publisher.MonoIgnoreElements$IgnoreElementsSubscriber.onComplete(MonoIgnoreElements.java:89)
	at reactor.core.publisher.MonoIgnoreElements$IgnoreElementsSubscriber.onComplete(MonoIgnoreElements.java:89)
	at reactor.core.publisher.Operators$MultiSubscriptionSubscriber.onComplete(Operators.java:2230)
	at reactor.core.publisher.MonoFlatMap$FlatMapMain.secondComplete(MonoFlatMap.java:246)
	at reactor.core.publisher.MonoFlatMap$FlatMapInner.onNext(MonoFlatMap.java:305)
	at reactor.core.publisher.FluxOnErrorResume$ResumeSubscriber.onNext(FluxOnErrorResume.java:79)
	at reactor.core.publisher.MonoIgnoreThen$ThenIgnoreMain.complete(MonoIgnoreThen.java:294)
	at reactor.core.publisher.MonoIgnoreThen$ThenIgnoreMain.onNext(MonoIgnoreThen.java:188)
	at reactor.core.publisher.MonoIgnoreThen$ThenIgnoreMain.subscribeNext(MonoIgnoreThen.java:237)
	at reactor.core.publisher.MonoIgnoreThen$ThenIgnoreMain.onComplete(MonoIgnoreThen.java:204)
	at reactor.core.publisher.MonoPeekTerminal$MonoTerminalPeekSubscriber.onComplete(MonoPeekTerminal.java:299)
	at reactor.core.publisher.MonoIgnoreThen$ThenIgnoreMain.onComplete(MonoIgnoreThen.java:210)
	at reactor.core.publisher.MonoIgnoreThen$ThenIgnoreMain.subscribeNext(MonoIgnoreThen.java:239)
	at reactor.core.publisher.MonoIgnoreThen$ThenIgnoreMain.onComplete(MonoIgnoreThen.java:204)
	at reactor.core.publisher.MonoPeekTerminal$MonoTerminalPeekSubscriber.onComplete(MonoPeekTerminal.java:299)
	at reactor.core.publisher.FluxPeekFuseable$PeekConditionalSubscriber.onComplete(FluxPeekFuseable.java:940)
	at reactor.core.publisher.MonoIgnoreElements$IgnoreElementsSubscriber.onComplete(MonoIgnoreElements.java:89)
	at io.r2dbc.postgresql.util.FluxDiscardOnCancel$FluxDiscardOnCancelSubscriber.onComplete(FluxDiscardOnCancel.java:104)
	at reactor.core.publisher.FluxPeek$PeekSubscriber.onComplete(FluxPeek.java:260)
	at reactor.core.publisher.FluxPeek$PeekSubscriber.onComplete(FluxPeek.java:260)
	at reactor.core.publisher.FluxHandle$HandleSubscriber.onComplete(FluxHandle.java:223)
	at io.r2dbc.postgresql.util.FluxDiscardOnCancel$FluxDiscardOnCancelSubscriber.onComplete(FluxDiscardOnCancel.java:104)
	at reactor.core.publisher.FluxContextWrite$ContextWriteSubscriber.onComplete(FluxContextWrite.java:126)
	at reactor.core.publisher.FluxCreate$BaseSink.complete(FluxCreate.java:465)
	at reactor.core.publisher.FluxCreate$BufferAsyncSink.drain(FluxCreate.java:871)
	at reactor.core.publisher.FluxCreate$BufferAsyncSink.complete(FluxCreate.java:819)
	at reactor.core.publisher.FluxCreate$SerializedFluxSink.drainLoop(FluxCreate.java:249)
	at reactor.core.publisher.FluxCreate$SerializedFluxSink.drain(FluxCreate.java:215)
	at reactor.core.publisher.FluxCreate$SerializedFluxSink.complete(FluxCreate.java:206)
	at io.r2dbc.postgresql.client.ReactorNettyClient$Conversation.complete(ReactorNettyClient.java:680)
	at io.r2dbc.postgresql.client.ReactorNettyClient$BackendMessageSubscriber.emit(ReactorNettyClient.java:946)
	at io.r2dbc.postgresql.client.ReactorNettyClient$BackendMessageSubscriber.onNext(ReactorNettyClient.java:822)
	at io.r2dbc.postgresql.client.ReactorNettyClient$BackendMessageSubscriber.onNext(ReactorNettyClient.java:728)
	at reactor.core.publisher.FluxHandle$HandleSubscriber.onNext(FluxHandle.java:129)
	at reactor.core.publisher.FluxPeekFuseable$PeekConditionalSubscriber.onNext(FluxPeekFuseable.java:854)
	at reactor.core.publisher.FluxMap$MapConditionalSubscriber.onNext(FluxMap.java:224)
	at reactor.core.publisher.FluxMap$MapConditionalSubscriber.onNext(FluxMap.java:224)
	at reactor.netty.channel.FluxReceive.drainReceiver(FluxReceive.java:292)
	at reactor.netty.channel.FluxReceive.onInboundNext(FluxReceive.java:401)
	at reactor.netty.channel.ChannelOperations.onInboundNext(ChannelOperations.java:435)
	at reactor.netty.channel.ChannelOperationsHandler.channelRead(ChannelOperationsHandler.java:115)
	at io.netty.channel.AbstractChannelHandlerContext.invokeChannelRead(AbstractChannelHandlerContext.java:444)
	at io.netty.channel.AbstractChannelHandlerContext.invokeChannelRead(AbstractChannelHandlerContext.java:420)
	at io.netty.channel.AbstractChannelHandlerContext.fireChannelRead(AbstractChannelHandlerContext.java:412)
	at io.netty.handler.codec.ByteToMessageDecoder.fireChannelRead(ByteToMessageDecoder.java:346)
	at io.netty.handler.codec.ByteToMessageDecoder.channelRead(ByteToMessageDecoder.java:318)
	at io.netty.channel.AbstractChannelHandlerContext.invokeChannelRead(AbstractChannelHandlerContext.java:444)
	at io.netty.channel.AbstractChannelHandlerContext.invokeChannelRead(AbstractChannelHandlerContext.java:420)
	at io.netty.channel.AbstractChannelHandlerContext.fireChannelRead(AbstractChannelHandlerContext.java:412)
	at io.netty.channel.DefaultChannelPipeline$HeadContext.channelRead(DefaultChannelPipeline.java:1357)
	at io.netty.channel.AbstractChannelHandlerContext.invokeChannelRead(AbstractChannelHandlerContext.java:440)
	at io.netty.channel.AbstractChannelHandlerContext.invokeChannelRead(AbstractChannelHandlerContext.java:420)
	at io.netty.channel.DefaultChannelPipeline.fireChannelRead(DefaultChannelPipeline.java:868)
	at io.netty.channel.epoll.AbstractEpollStreamChannel$EpollStreamUnsafe.epollInReady(AbstractEpollStreamChannel.java:799)
	at io.netty.channel.epoll.EpollEventLoop.processReady(EpollEventLoop.java:501)
	at io.netty.channel.epoll.EpollEventLoop.run(EpollEventLoop.java:399)
	at io.netty.util.concurrent.SingleThreadEventExecutor$4.run(SingleThreadEventExecutor.java:998)
	at io.netty.util.internal.ThreadExecutorMap$2.run(ThreadExecutorMap.java:74)
	at io.netty.util.concurrent.FastThreadLocalRunnable.run(FastThreadLocalRunnable.java:30)
	at java.base/java.lang.Thread.run(Thread.java:1474)
2025-11-20 14:12:01.207 [reactor-tcp-epoll-6] ERROR b.u.b.t.s.VehicleDataScheduler - Failed to process GPS batch of 58 vehicles: Binding index 0 when only 0 parameters are expected
2025-11-20 14:12:01.207 [reactor-tcp-epoll-7] ERROR b.u.b.t.s.VehicleDataScheduler - Failed to process GPS batch of 100 vehicles: Binding index 0 when only 0 parameters are expected
2025-11-20 14:12:01.207 [boundedElastic-1] INFO  b.u.b.t.s.VehicleDataScheduler - GPS update completed: duration=1207ms, updated=0, created=0, failed=158, invalid=0, conflict=0
2025-11-20 14:12:31.251 [reactor-http-epoll-5] INFO  b.u.b.s.i.external.GpsApiClient - Successfully fetched 164 GPS positions from 18 batches
2025-11-20 14:12:31.252 [parallel-3] INFO  b.u.b.t.a.u.UpdateVehiclePositionsUseCase - Processing 64 GPS positions (batch mode) - CorrelationId: CorrelationId[value=TRANS-997b9782]
2025-11-20 14:12:31.252 [parallel-2] INFO  b.u.b.t.a.u.UpdateVehiclePositionsUseCase - Processing 100 GPS positions (batch mode) - CorrelationId: CorrelationId[value=TRANS-6e6a9432]
2025-11-20 14:12:31.266 [reactor-tcp-epoll-8] ERROR b.u.b.t.a.u.UpdateVehiclePositionsUseCase - GPS batch update failed
java.lang.IndexOutOfBoundsException: Binding index 0 when only 0 parameters are expected
	at io.r2dbc.postgresql.client.Binding.add(Binding.java:75)
	at io.r2dbc.postgresql.PostgresqlStatement.bind(PostgresqlStatement.java:108)
	at io.r2dbc.postgresql.PostgresqlStatement.bind(PostgresqlStatement.java:59)
	at java.base/java.util.LinkedHashMap.forEach(LinkedHashMap.java:987)
	at org.springframework.r2dbc.core.DefaultDatabaseClient$DefaultGenericExecuteSpec.bindByIndex(DefaultDatabaseClient.java:507)
	at org.springframework.r2dbc.core.DefaultDatabaseClient$DefaultGenericExecuteSpec.lambda$getResultFunction$9(DefaultDatabaseClient.java:433)
	at org.springframework.r2dbc.core.ResultFunction.apply(ResultFunction.java:64)
	at org.springframework.r2dbc.core.DefaultFetchSpec.lambda$all$1(DefaultFetchSpec.java:77)
	at org.springframework.r2dbc.core.DelegateConnectionFunction.apply(DelegateConnectionFunction.java:48)
	at org.springframework.r2dbc.core.DelegateConnectionFunction.apply(DelegateConnectionFunction.java:33)
	at org.springframework.r2dbc.core.DefaultDatabaseClient.lambda$inConnectionMany$6(DefaultDatabaseClient.java:148)
	at reactor.core.publisher.FluxUsingWhen.deriveFluxFromResource(FluxUsingWhen.java:122)
	at reactor.core.publisher.FluxUsingWhen.access$000(FluxUsingWhen.java:53)
	at reactor.core.publisher.FluxUsingWhen$ResourceSubscriber.onNext(FluxUsingWhen.java:195)
	at reactor.core.publisher.FluxMap$MapSubscriber.onNext(FluxMap.java:122)
	at reactor.core.publisher.FluxOnErrorResume$ResumeSubscriber.onNext(FluxOnErrorResume.java:79)
	at reactor.core.publisher.FluxOnErrorResume$ResumeSubscriber.onNext(FluxOnErrorResume.java:79)
	at reactor.core.publisher.MonoFlatMap$FlatMapMain.onNext(MonoFlatMap.java:158)
	at reactor.core.publisher.FluxMap$MapSubscriber.onNext(FluxMap.java:122)
	at reactor.core.publisher.Operators$ScalarSubscription.request(Operators.java:2570)
	at reactor.core.publisher.FluxMap$MapSubscriber.request(FluxMap.java:164)
	at reactor.core.publisher.MonoFlatMap$FlatMapMain.request(MonoFlatMap.java:194)
	at reactor.core.publisher.Operators$MultiSubscriptionSubscriber.set(Operators.java:2366)
	at reactor.core.publisher.FluxOnErrorResume$ResumeSubscriber.onSubscribe(FluxOnErrorResume.java:74)
	at reactor.core.publisher.MonoFlatMap$FlatMapMain.onSubscribe(MonoFlatMap.java:117)
	at reactor.core.publisher.FluxMap$MapSubscriber.onSubscribe(FluxMap.java:92)
	at reactor.core.publisher.MonoJust.subscribe(MonoJust.java:55)
	at reactor.core.publisher.MonoDeferContextual.subscribe(MonoDeferContextual.java:55)
	at reactor.core.publisher.Mono.subscribe(Mono.java:4576)
	at reactor.core.publisher.FluxUsingWhen.subscribe(FluxUsingWhen.java:105)
	at reactor.core.publisher.InternalMonoOperator.subscribe(InternalMonoOperator.java:76)
	at reactor.core.publisher.MonoUsingWhen$ResourceSubscriber.onNext(MonoUsingWhen.java:183)
	at reactor.core.publisher.FluxSwitchIfEmpty$SwitchIfEmptySubscriber.onNext(FluxSwitchIfEmpty.java:74)
	at reactor.core.publisher.FluxMapFuseable$MapFuseableSubscriber.onNext(FluxMapFuseable.java:129)
	at reactor.core.publisher.MonoFlatMap$FlatMapMain.secondComplete(MonoFlatMap.java:245)
	at reactor.core.publisher.MonoFlatMap$FlatMapInner.onNext(MonoFlatMap.java:305)
	at reactor.core.publisher.MonoFlatMap$FlatMapMain.secondComplete(MonoFlatMap.java:245)
	at reactor.core.publisher.MonoFlatMap$FlatMapInner.onNext(MonoFlatMap.java:305)
	at reactor.core.publisher.MonoFlatMap$FlatMapMain.secondComplete(MonoFlatMap.java:245)
	at reactor.core.publisher.MonoFlatMap$FlatMapInner.onNext(MonoFlatMap.java:305)
	at reactor.core.publisher.FluxOnErrorResume$ResumeSubscriber.onNext(FluxOnErrorResume.java:79)
	at reactor.core.publisher.MonoPeekTerminal$MonoTerminalPeekSubscriber.onNext(MonoPeekTerminal.java:180)
	at reactor.core.publisher.MonoIgnoreThen$ThenIgnoreMain.complete(MonoIgnoreThen.java:294)
	at reactor.core.publisher.MonoIgnoreThen$ThenIgnoreMain.onNext(MonoIgnoreThen.java:188)
	at reactor.core.publisher.MonoIgnoreThen$ThenIgnoreMain.subscribeNext(MonoIgnoreThen.java:237)
	at reactor.core.publisher.MonoIgnoreThen$ThenIgnoreMain.onComplete(MonoIgnoreThen.java:204)
	at reactor.core.publisher.MonoPeekTerminal$MonoTerminalPeekSubscriber.onComplete(MonoPeekTerminal.java:299)
	at reactor.core.publisher.MonoPeekTerminal$MonoTerminalPeekSubscriber.onComplete(MonoPeekTerminal.java:299)
	at reactor.core.publisher.MonoIgnoreElements$IgnoreElementsSubscriber.onComplete(MonoIgnoreElements.java:89)
	at reactor.core.publisher.MonoIgnoreElements$IgnoreElementsSubscriber.onComplete(MonoIgnoreElements.java:89)
	at reactor.core.publisher.Operators$MultiSubscriptionSubscriber.onComplete(Operators.java:2230)
	at reactor.core.publisher.MonoFlatMap$FlatMapMain.secondComplete(MonoFlatMap.java:246)
	at reactor.core.publisher.MonoFlatMap$FlatMapInner.onNext(MonoFlatMap.java:305)
	at reactor.core.publisher.FluxOnErrorResume$ResumeSubscriber.onNext(FluxOnErrorResume.java:79)
	at reactor.core.publisher.MonoIgnoreThen$ThenIgnoreMain.complete(MonoIgnoreThen.java:294)
	at reactor.core.publisher.MonoIgnoreThen$ThenIgnoreMain.onNext(MonoIgnoreThen.java:188)
	at reactor.core.publisher.MonoIgnoreThen$ThenIgnoreMain.subscribeNext(MonoIgnoreThen.java:237)
	at reactor.core.publisher.MonoIgnoreThen$ThenIgnoreMain.onComplete(MonoIgnoreThen.java:204)
	at reactor.core.publisher.MonoPeekTerminal$MonoTerminalPeekSubscriber.onComplete(MonoPeekTerminal.java:299)
	at reactor.core.publisher.MonoIgnoreThen$ThenIgnoreMain.onComplete(MonoIgnoreThen.java:210)
	at reactor.core.publisher.MonoIgnoreThen$ThenIgnoreMain.subscribeNext(MonoIgnoreThen.java:239)
	at reactor.core.publisher.MonoIgnoreThen$ThenIgnoreMain.onComplete(MonoIgnoreThen.java:204)
	at reactor.core.publisher.MonoPeekTerminal$MonoTerminalPeekSubscriber.onComplete(MonoPeekTerminal.java:299)
	at reactor.core.publisher.FluxPeekFuseable$PeekConditionalSubscriber.onComplete(FluxPeekFuseable.java:940)
	at reactor.core.publisher.MonoIgnoreElements$IgnoreElementsSubscriber.onComplete(MonoIgnoreElements.java:89)
	at io.r2dbc.postgresql.util.FluxDiscardOnCancel$FluxDiscardOnCancelSubscriber.onComplete(FluxDiscardOnCancel.java:104)
	at reactor.core.publisher.FluxPeek$PeekSubscriber.onComplete(FluxPeek.java:260)
	at reactor.core.publisher.FluxPeek$PeekSubscriber.onComplete(FluxPeek.java:260)
	at reactor.core.publisher.FluxHandle$HandleSubscriber.onComplete(FluxHandle.java:223)
	at io.r2dbc.postgresql.util.FluxDiscardOnCancel$FluxDiscardOnCancelSubscriber.onComplete(FluxDiscardOnCancel.java:104)
	at reactor.core.publisher.FluxContextWrite$ContextWriteSubscriber.onComplete(FluxContextWrite.java:126)
	at reactor.core.publisher.FluxCreate$BaseSink.complete(FluxCreate.java:465)
	at reactor.core.publisher.FluxCreate$BufferAsyncSink.drain(FluxCreate.java:871)
	at reactor.core.publisher.FluxCreate$BufferAsyncSink.complete(FluxCreate.java:819)
	at reactor.core.publisher.FluxCreate$SerializedFluxSink.drainLoop(FluxCreate.java:249)
	at reactor.core.publisher.FluxCreate$SerializedFluxSink.drain(FluxCreate.java:215)
	at reactor.core.publisher.FluxCreate$SerializedFluxSink.complete(FluxCreate.java:206)
	at io.r2dbc.postgresql.client.ReactorNettyClient$Conversation.complete(ReactorNettyClient.java:680)
	at io.r2dbc.postgresql.client.ReactorNettyClient$BackendMessageSubscriber.emit(ReactorNettyClient.java:946)
	at io.r2dbc.postgresql.client.ReactorNettyClient$BackendMessageSubscriber.onNext(ReactorNettyClient.java:822)
	at io.r2dbc.postgresql.client.ReactorNettyClient$BackendMessageSubscriber.onNext(ReactorNettyClient.java:728)
	at reactor.core.publisher.FluxHandle$HandleSubscriber.onNext(FluxHandle.java:129)
	at reactor.core.publisher.FluxPeekFuseable$PeekConditionalSubscriber.onNext(FluxPeekFuseable.java:854)
	at reactor.core.publisher.FluxMap$MapConditionalSubscriber.onNext(FluxMap.java:224)
	at reactor.core.publisher.FluxMap$MapConditionalSubscriber.onNext(FluxMap.java:224)
	at reactor.netty.channel.FluxReceive.drainReceiver(FluxReceive.java:292)
	at reactor.netty.channel.FluxReceive.onInboundNext(FluxReceive.java:401)
	at reactor.netty.channel.ChannelOperations.onInboundNext(ChannelOperations.java:435)
	at reactor.netty.channel.ChannelOperationsHandler.channelRead(ChannelOperationsHandler.java:115)
	at io.netty.channel.AbstractChannelHandlerContext.invokeChannelRead(AbstractChannelHandlerContext.java:444)
	at io.netty.channel.AbstractChannelHandlerContext.invokeChannelRead(AbstractChannelHandlerContext.java:420)
	at io.netty.channel.AbstractChannelHandlerContext.fireChannelRead(AbstractChannelHandlerContext.java:412)
	at io.netty.handler.codec.ByteToMessageDecoder.fireChannelRead(ByteToMessageDecoder.java:346)
	at io.netty.handler.codec.ByteToMessageDecoder.channelRead(ByteToMessageDecoder.java:318)
	at io.netty.channel.AbstractChannelHandlerContext.invokeChannelRead(AbstractChannelHandlerContext.java:444)
	at io.netty.channel.AbstractChannelHandlerContext.invokeChannelRead(AbstractChannelHandlerContext.java:420)
	at io.netty.channel.AbstractChannelHandlerContext.fireChannelRead(AbstractChannelHandlerContext.java:412)
	at io.netty.channel.DefaultChannelPipeline$HeadContext.channelRead(DefaultChannelPipeline.java:1357)
	at io.netty.channel.AbstractChannelHandlerContext.invokeChannelRead(AbstractChannelHandlerContext.java:440)
	at io.netty.channel.AbstractChannelHandlerContext.invokeChannelRead(AbstractChannelHandlerContext.java:420)
	at io.netty.channel.DefaultChannelPipeline.fireChannelRead(DefaultChannelPipeline.java:868)
	at io.netty.channel.epoll.AbstractEpollStreamChannel$EpollStreamUnsafe.epollInReady(AbstractEpollStreamChannel.java:799)
	at io.netty.channel.epoll.EpollEventLoop.processReady(EpollEventLoop.java:501)
	at io.netty.channel.epoll.EpollEventLoop.run(EpollEventLoop.java:399)
	at io.netty.util.concurrent.SingleThreadEventExecutor$4.run(SingleThreadEventExecutor.java:998)
	at io.netty.util.internal.ThreadExecutorMap$2.run(ThreadExecutorMap.java:74)
	at io.netty.util.concurrent.FastThreadLocalRunnable.run(FastThreadLocalRunnable.java:30)
	at java.base/java.lang.Thread.run(Thread.java:1474)
2025-11-20 14:12:31.267 [reactor-tcp-epoll-8] ERROR b.u.b.t.s.VehicleDataScheduler - Failed to process GPS batch of 64 vehicles: Binding index 0 when only 0 parameters are expected
2025-11-20 14:12:31.267 [reactor-tcp-epoll-1] ERROR b.u.b.t.a.u.UpdateVehiclePositionsUseCase - GPS batch update failed
java.lang.IndexOutOfBoundsException: Binding index 0 when only 0 parameters are expected
	at io.r2dbc.postgresql.client.Binding.add(Binding.java:75)
	at io.r2dbc.postgresql.PostgresqlStatement.bind(PostgresqlStatement.java:108)
	at io.r2dbc.postgresql.PostgresqlStatement.bind(PostgresqlStatement.java:59)
	at java.base/java.util.LinkedHashMap.forEach(LinkedHashMap.java:987)
	at org.springframework.r2dbc.core.DefaultDatabaseClient$DefaultGenericExecuteSpec.bindByIndex(DefaultDatabaseClient.java:507)
	at org.springframework.r2dbc.core.DefaultDatabaseClient$DefaultGenericExecuteSpec.lambda$getResultFunction$9(DefaultDatabaseClient.java:433)
	at org.springframework.r2dbc.core.ResultFunction.apply(ResultFunction.java:64)
	at org.springframework.r2dbc.core.DefaultFetchSpec.lambda$all$1(DefaultFetchSpec.java:77)
	at org.springframework.r2dbc.core.DelegateConnectionFunction.apply(DelegateConnectionFunction.java:48)
	at org.springframework.r2dbc.core.DelegateConnectionFunction.apply(DelegateConnectionFunction.java:33)
	at org.springframework.r2dbc.core.DefaultDatabaseClient.lambda$inConnectionMany$6(DefaultDatabaseClient.java:148)
	at reactor.core.publisher.FluxUsingWhen.deriveFluxFromResource(FluxUsingWhen.java:122)
	at reactor.core.publisher.FluxUsingWhen.access$000(FluxUsingWhen.java:53)
	at reactor.core.publisher.FluxUsingWhen$ResourceSubscriber.onNext(FluxUsingWhen.java:195)
	at reactor.core.publisher.FluxMap$MapSubscriber.onNext(FluxMap.java:122)
	at reactor.core.publisher.FluxOnErrorResume$ResumeSubscriber.onNext(FluxOnErrorResume.java:79)
	at reactor.core.publisher.FluxOnErrorResume$ResumeSubscriber.onNext(FluxOnErrorResume.java:79)
	at reactor.core.publisher.MonoFlatMap$FlatMapMain.onNext(MonoFlatMap.java:158)
	at reactor.core.publisher.FluxMap$MapSubscriber.onNext(FluxMap.java:122)
	at reactor.core.publisher.Operators$ScalarSubscription.request(Operators.java:2570)
	at reactor.core.publisher.FluxMap$MapSubscriber.request(FluxMap.java:164)
	at reactor.core.publisher.MonoFlatMap$FlatMapMain.request(MonoFlatMap.java:194)
	at reactor.core.publisher.Operators$MultiSubscriptionSubscriber.set(Operators.java:2366)
	at reactor.core.publisher.FluxOnErrorResume$ResumeSubscriber.onSubscribe(FluxOnErrorResume.java:74)
	at reactor.core.publisher.MonoFlatMap$FlatMapMain.onSubscribe(MonoFlatMap.java:117)
	at reactor.core.publisher.FluxMap$MapSubscriber.onSubscribe(FluxMap.java:92)
	at reactor.core.publisher.MonoJust.subscribe(MonoJust.java:55)
	at reactor.core.publisher.MonoDeferContextual.subscribe(MonoDeferContextual.java:55)
	at reactor.core.publisher.Mono.subscribe(Mono.java:4576)
	at reactor.core.publisher.FluxUsingWhen.subscribe(FluxUsingWhen.java:105)
	at reactor.core.publisher.InternalMonoOperator.subscribe(InternalMonoOperator.java:76)
	at reactor.core.publisher.MonoUsingWhen$ResourceSubscriber.onNext(MonoUsingWhen.java:183)
	at reactor.core.publisher.FluxSwitchIfEmpty$SwitchIfEmptySubscriber.onNext(FluxSwitchIfEmpty.java:74)
	at reactor.core.publisher.FluxMapFuseable$MapFuseableSubscriber.onNext(FluxMapFuseable.java:129)
	at reactor.core.publisher.MonoFlatMap$FlatMapMain.secondComplete(MonoFlatMap.java:245)
	at reactor.core.publisher.MonoFlatMap$FlatMapInner.onNext(MonoFlatMap.java:305)
	at reactor.core.publisher.MonoFlatMap$FlatMapMain.secondComplete(MonoFlatMap.java:245)
	at reactor.core.publisher.MonoFlatMap$FlatMapInner.onNext(MonoFlatMap.java:305)
	at reactor.core.publisher.MonoFlatMap$FlatMapMain.secondComplete(MonoFlatMap.java:245)
	at reactor.core.publisher.MonoFlatMap$FlatMapInner.onNext(MonoFlatMap.java:305)
	at reactor.core.publisher.FluxOnErrorResume$ResumeSubscriber.onNext(FluxOnErrorResume.java:79)
	at reactor.core.publisher.MonoPeekTerminal$MonoTerminalPeekSubscriber.onNext(MonoPeekTerminal.java:180)
	at reactor.core.publisher.MonoIgnoreThen$ThenIgnoreMain.complete(MonoIgnoreThen.java:294)
	at reactor.core.publisher.MonoIgnoreThen$ThenIgnoreMain.onNext(MonoIgnoreThen.java:188)
	at reactor.core.publisher.MonoIgnoreThen$ThenIgnoreMain.subscribeNext(MonoIgnoreThen.java:237)
	at reactor.core.publisher.MonoIgnoreThen$ThenIgnoreMain.onComplete(MonoIgnoreThen.java:204)
	at reactor.core.publisher.MonoPeekTerminal$MonoTerminalPeekSubscriber.onComplete(MonoPeekTerminal.java:299)
	at reactor.core.publisher.MonoPeekTerminal$MonoTerminalPeekSubscriber.onComplete(MonoPeekTerminal.java:299)
	at reactor.core.publisher.MonoIgnoreElements$IgnoreElementsSubscriber.onComplete(MonoIgnoreElements.java:89)
	at reactor.core.publisher.MonoIgnoreElements$IgnoreElementsSubscriber.onComplete(MonoIgnoreElements.java:89)
	at reactor.core.publisher.Operators$MultiSubscriptionSubscriber.onComplete(Operators.java:2230)
	at reactor.core.publisher.MonoFlatMap$FlatMapMain.secondComplete(MonoFlatMap.java:246)
	at reactor.core.publisher.MonoFlatMap$FlatMapInner.onNext(MonoFlatMap.java:305)
	at reactor.core.publisher.FluxOnErrorResume$ResumeSubscriber.onNext(FluxOnErrorResume.java:79)
	at reactor.core.publisher.MonoIgnoreThen$ThenIgnoreMain.complete(MonoIgnoreThen.java:294)
	at reactor.core.publisher.MonoIgnoreThen$ThenIgnoreMain.onNext(MonoIgnoreThen.java:188)
	at reactor.core.publisher.MonoIgnoreThen$ThenIgnoreMain.subscribeNext(MonoIgnoreThen.java:237)
	at reactor.core.publisher.MonoIgnoreThen$ThenIgnoreMain.onComplete(MonoIgnoreThen.java:204)
	at reactor.core.publisher.MonoPeekTerminal$MonoTerminalPeekSubscriber.onComplete(MonoPeekTerminal.java:299)
	at reactor.core.publisher.MonoIgnoreThen$ThenIgnoreMain.onComplete(MonoIgnoreThen.java:210)
	at reactor.core.publisher.MonoIgnoreThen$ThenIgnoreMain.subscribeNext(MonoIgnoreThen.java:239)
	at reactor.core.publisher.MonoIgnoreThen$ThenIgnoreMain.onComplete(MonoIgnoreThen.java:204)
	at reactor.core.publisher.MonoPeekTerminal$MonoTerminalPeekSubscriber.onComplete(MonoPeekTerminal.java:299)
	at reactor.core.publisher.FluxPeekFuseable$PeekConditionalSubscriber.onComplete(FluxPeekFuseable.java:940)
	at reactor.core.publisher.MonoIgnoreElements$IgnoreElementsSubscriber.onComplete(MonoIgnoreElements.java:89)
	at io.r2dbc.postgresql.util.FluxDiscardOnCancel$FluxDiscardOnCancelSubscriber.onComplete(FluxDiscardOnCancel.java:104)
	at reactor.core.publisher.FluxPeek$PeekSubscriber.onComplete(FluxPeek.java:260)
	at reactor.core.publisher.FluxPeek$PeekSubscriber.onComplete(FluxPeek.java:260)
	at reactor.core.publisher.FluxHandle$HandleSubscriber.onComplete(FluxHandle.java:223)
	at io.r2dbc.postgresql.util.FluxDiscardOnCancel$FluxDiscardOnCancelSubscriber.onComplete(FluxDiscardOnCancel.java:104)
	at reactor.core.publisher.FluxContextWrite$ContextWriteSubscriber.onComplete(FluxContextWrite.java:126)
	at reactor.core.publisher.FluxCreate$BaseSink.complete(FluxCreate.java:465)
	at reactor.core.publisher.FluxCreate$BufferAsyncSink.drain(FluxCreate.java:871)
	at reactor.core.publisher.FluxCreate$BufferAsyncSink.complete(FluxCreate.java:819)
	at reactor.core.publisher.FluxCreate$SerializedFluxSink.drainLoop(FluxCreate.java:249)
	at reactor.core.publisher.FluxCreate$SerializedFluxSink.drain(FluxCreate.java:215)
	at reactor.core.publisher.FluxCreate$SerializedFluxSink.complete(FluxCreate.java:206)
	at io.r2dbc.postgresql.client.ReactorNettyClient$Conversation.complete(ReactorNettyClient.java:680)
	at io.r2dbc.postgresql.client.ReactorNettyClient$BackendMessageSubscriber.emit(ReactorNettyClient.java:946)
	at io.r2dbc.postgresql.client.ReactorNettyClient$BackendMessageSubscriber.onNext(ReactorNettyClient.java:822)
	at io.r2dbc.postgresql.client.ReactorNettyClient$BackendMessageSubscriber.onNext(ReactorNettyClient.java:728)
	at reactor.core.publisher.FluxHandle$HandleSubscriber.onNext(FluxHandle.java:129)
	at reactor.core.publisher.FluxPeekFuseable$PeekConditionalSubscriber.onNext(FluxPeekFuseable.java:854)
	at reactor.core.publisher.FluxMap$MapConditionalSubscriber.onNext(FluxMap.java:224)
	at reactor.core.publisher.FluxMap$MapConditionalSubscriber.onNext(FluxMap.java:224)
	at reactor.netty.channel.FluxReceive.drainReceiver(FluxReceive.java:292)
	at reactor.netty.channel.FluxReceive.onInboundNext(FluxReceive.java:401)
	at reactor.netty.channel.ChannelOperations.onInboundNext(ChannelOperations.java:435)
	at reactor.netty.channel.ChannelOperationsHandler.channelRead(ChannelOperationsHandler.java:115)
	at io.netty.channel.AbstractChannelHandlerContext.invokeChannelRead(AbstractChannelHandlerContext.java:444)
	at io.netty.channel.AbstractChannelHandlerContext.invokeChannelRead(AbstractChannelHandlerContext.java:420)
	at io.netty.channel.AbstractChannelHandlerContext.fireChannelRead(AbstractChannelHandlerContext.java:412)
	at io.netty.handler.codec.ByteToMessageDecoder.fireChannelRead(ByteToMessageDecoder.java:346)
	at io.netty.handler.codec.ByteToMessageDecoder.channelRead(ByteToMessageDecoder.java:318)
	at io.netty.channel.AbstractChannelHandlerContext.invokeChannelRead(AbstractChannelHandlerContext.java:444)
	at io.netty.channel.AbstractChannelHandlerContext.invokeChannelRead(AbstractChannelHandlerContext.java:420)
	at io.netty.channel.AbstractChannelHandlerContext.fireChannelRead(AbstractChannelHandlerContext.java:412)
	at io.netty.channel.DefaultChannelPipeline$HeadContext.channelRead(DefaultChannelPipeline.java:1357)
	at io.netty.channel.AbstractChannelHandlerContext.invokeChannelRead(AbstractChannelHandlerContext.java:440)
	at io.netty.channel.AbstractChannelHandlerContext.invokeChannelRead(AbstractChannelHandlerContext.java:420)
	at io.netty.channel.DefaultChannelPipeline.fireChannelRead(DefaultChannelPipeline.java:868)
	at io.netty.channel.epoll.AbstractEpollStreamChannel$EpollStreamUnsafe.epollInReady(AbstractEpollStreamChannel.java:799)
	at io.netty.channel.epoll.EpollEventLoop.processReady(EpollEventLoop.java:501)
	at io.netty.channel.epoll.EpollEventLoop.run(EpollEventLoop.java:399)
	at io.netty.util.concurrent.SingleThreadEventExecutor$4.run(SingleThreadEventExecutor.java:998)
	at io.netty.util.internal.ThreadExecutorMap$2.run(ThreadExecutorMap.java:74)
	at io.netty.util.concurrent.FastThreadLocalRunnable.run(FastThreadLocalRunnable.java:30)
	at java.base/java.lang.Thread.run(Thread.java:1474)
2025-11-20 14:12:31.268 [reactor-tcp-epoll-1] ERROR b.u.b.t.s.VehicleDataScheduler - Failed to process GPS batch of 100 vehicles: Binding index 0 when only 0 parameters are expected
2025-11-20 14:12:31.268 [boundedElastic-1] INFO  b.u.b.t.s.VehicleDataScheduler - GPS update completed: duration=7252519ms, updated=0, created=0, failed=164, invalid=0, conflict=0
2025-11-20 14:12:51.066 [scheduled-task-3] INFO  b.u.b.t.s.VehicleDataScheduler - Starting scheduled bus route assignments sync
2025-11-20 14:12:52.116 [reactor-http-epoll-8] INFO  b.u.b.s.i.external.BusInfoApiClient - Successfully fetched 342 bus route assignments
2025-11-20 14:12:52.117 [reactor-http-epoll-8] INFO  b.u.b.t.s.VehicleDataScheduler - Fetched 342 bus route assignments, processing...
2025-11-20 14:12:52.117 [reactor-http-epoll-8] INFO  b.u.b.t.a.u.SyncBusRouteAssignmentsUseCase - Syncing route assignments for 342 buses - CorrelationId: CorrelationId[value=TRANS-45512962]
2025-11-20 14:12:52.218 [reactor-tcp-epoll-4] INFO  b.u.b.t.a.u.SyncBusRouteAssignmentsUseCase - Route assignment sync completed: BusRouteAssignmentResult[assignedCount=5, unchangedCount=0, failedCount=0, vehicleNotFoundCount=337, routeNotFoundCount=0, processedAt=2025-11-20T11:12:52.218334153Z]
2025-11-20 14:12:52.218 [reactor-tcp-epoll-4] INFO  b.u.b.t.s.VehicleDataScheduler - Bus route sync completed in 1151ms: BusRouteAssignmentResult[assignedCount=5, unchangedCount=0, failedCount=0, vehicleNotFoundCount=337, routeNotFoundCount=0, processedAt=2025-11-20T11:12:52.218334153Z]
2025-11-20 14:13:04.225 [reactor-tcp-epoll-4] INFO  b.u.b.s.a.MaterializedViewRefreshService - [MaterializedView] mv_popular_direct_routes refreshed in 4134ms
2025-11-20 14:13:59.998 [scheduled-task-1] INFO  b.u.b.t.s.VehicleDataScheduler - Starting scheduled bus route assignments sync
2025-11-20 14:14:00.813 [reactor-http-epoll-1] INFO  b.u.b.s.i.external.BusInfoApiClient - Successfully fetched 343 bus route assignments
2025-11-20 14:14:00.813 [reactor-http-epoll-1] INFO  b.u.b.t.s.VehicleDataScheduler - Fetched 343 bus route assignments, processing...
2025-11-20 14:14:00.814 [reactor-http-epoll-1] INFO  b.u.b.t.a.u.SyncBusRouteAssignmentsUseCase - Syncing route assignments for 343 buses - CorrelationId: CorrelationId[value=TRANS-6b30d7b2]
2025-11-20 14:14:00.938 [reactor-tcp-epoll-1] INFO  b.u.b.t.a.u.SyncBusRouteAssignmentsUseCase - Route assignment sync completed: BusRouteAssignmentResult[assignedCount=6, unchangedCount=0, failedCount=0, vehicleNotFoundCount=337, routeNotFoundCount=0, processedAt=2025-11-20T11:14:00.938006866Z]
2025-11-20 14:14:00.938 [reactor-tcp-epoll-1] INFO  b.u.b.t.s.VehicleDataScheduler - Bus route sync completed in 939ms: BusRouteAssignmentResult[assignedCount=6, unchangedCount=0, failedCount=0, vehicleNotFoundCount=337, routeNotFoundCount=0, processedAt=2025-11-20T11:14:00.938006866Z]
2025-11-20 14:14:01.178 [reactor-tcp-epoll-5] INFO  b.u.b.s.a.MaterializedViewRefreshService - [MaterializedView] mv_stop_connections refreshed in 1090ms
2025-11-20 14:15:00.152 [reactor-tcp-epoll-2] INFO  b.u.b.s.a.MaterializedViewRefreshService - [MaterializedView] mv_route_statistics refreshed in 66ms
2025-11-20 14:15:59.996 [scheduled-task-3] INFO  b.u.b.t.s.VehicleDataScheduler - Starting scheduled bus route assignments sync
2025-11-20 14:16:00.670 [reactor-http-epoll-2] INFO  b.u.b.s.i.external.BusInfoApiClient - Successfully fetched 345 bus route assignments
2025-11-20 14:16:00.670 [reactor-http-epoll-2] INFO  b.u.b.t.s.VehicleDataScheduler - Fetched 345 bus route assignments, processing...
2025-11-20 14:16:00.670 [reactor-http-epoll-2] INFO  b.u.b.t.a.u.SyncBusRouteAssignmentsUseCase - Syncing route assignments for 345 buses - CorrelationId: CorrelationId[value=TRANS-1e10c97f]
2025-11-20 14:16:00.779 [reactor-tcp-epoll-5] INFO  b.u.b.t.a.u.SyncBusRouteAssignmentsUseCase - Route assignment sync completed: BusRouteAssignmentResult[assignedCount=6, unchangedCount=0, failedCount=0, vehicleNotFoundCount=339, routeNotFoundCount=0, processedAt=2025-11-20T11:16:00.779865834Z]
2025-11-20 14:16:00.780 [reactor-tcp-epoll-5] INFO  b.u.b.t.s.VehicleDataScheduler - Bus route sync completed in 783ms: BusRouteAssignmentResult[assignedCount=6, unchangedCount=0, failedCount=0, vehicleNotFoundCount=339, routeNotFoundCount=0, processedAt=2025-11-20T11:16:00.779865834Z]
2025-11-20 14:17:00.155 [reactor-tcp-epoll-1] INFO  b.u.b.s.a.MaterializedViewRefreshService - [MaterializedView] mv_active_routes_summary refreshed in 72ms
2025-11-20 14:17:59.998 [scheduled-task-1] INFO  b.u.b.t.s.VehicleDataScheduler - Starting scheduled bus route assignments sync
2025-11-20 14:18:00.736 [reactor-http-epoll-3] INFO  b.u.b.s.i.external.BusInfoApiClient - Successfully fetched 347 bus route assignments
2025-11-20 14:18:00.736 [reactor-http-epoll-3] INFO  b.u.b.t.s.VehicleDataScheduler - Fetched 347 bus route assignments, processing...
2025-11-20 14:18:00.736 [reactor-http-epoll-3] INFO  b.u.b.t.a.u.SyncBusRouteAssignmentsUseCase - Syncing route assignments for 347 buses - CorrelationId: CorrelationId[value=TRANS-1ed5a741]
2025-11-20 14:18:00.837 [reactor-tcp-epoll-3] INFO  b.u.b.t.a.u.SyncBusRouteAssignmentsUseCase - Route assignment sync completed: BusRouteAssignmentResult[assignedCount=6, unchangedCount=0, failedCount=0, vehicleNotFoundCount=341, routeNotFoundCount=0, processedAt=2025-11-20T11:18:00.837490720Z]
2025-11-20 14:18:00.837 [reactor-tcp-epoll-3] INFO  b.u.b.t.s.VehicleDataScheduler - Bus route sync completed in 839ms: BusRouteAssignmentResult[assignedCount=6, unchangedCount=0, failedCount=0, vehicleNotFoundCount=341, routeNotFoundCount=0, processedAt=2025-11-20T11:18:00.837490720Z]
2025-11-20 14:19:59.998 [scheduled-task-1] INFO  b.u.b.t.s.VehicleDataScheduler - Starting scheduled bus route assignments sync
2025-11-20 14:20:01.129 [reactor-http-epoll-4] INFO  b.u.b.s.i.external.BusInfoApiClient - Successfully fetched 348 bus route assignments
2025-11-20 14:20:01.129 [reactor-http-epoll-4] INFO  b.u.b.t.s.VehicleDataScheduler - Fetched 348 bus route assignments, processing...
2025-11-20 14:20:01.129 [reactor-http-epoll-4] INFO  b.u.b.t.a.u.SyncBusRouteAssignmentsUseCase - Syncing route assignments for 348 buses - CorrelationId: CorrelationId[value=TRANS-09221bb2]
2025-11-20 14:20:01.206 [reactor-tcp-epoll-1] INFO  b.u.b.t.a.u.SyncBusRouteAssignmentsUseCase - Route assignment sync completed: BusRouteAssignmentResult[assignedCount=6, unchangedCount=0, failedCount=0, vehicleNotFoundCount=342, routeNotFoundCount=0, processedAt=2025-11-20T11:20:01.206933200Z]
2025-11-20 14:20:01.207 [reactor-tcp-epoll-1] INFO  b.u.b.t.s.VehicleDataScheduler - Bus route sync completed in 1208ms: BusRouteAssignmentResult[assignedCount=6, unchangedCount=0, failedCount=0, vehicleNotFoundCount=342, routeNotFoundCount=0, processedAt=2025-11-20T11:20:01.206933200Z]
2025-11-20 14:21:59.993 [scheduled-task-1] INFO  b.u.b.t.s.VehicleDataScheduler - Starting scheduled bus route assignments sync
2025-11-20 14:22:00.142 [reactor-tcp-epoll-5] INFO  b.u.b.s.a.MaterializedViewRefreshService - [MaterializedView] mv_active_routes_summary refreshed in 70ms
2025-11-20 14:22:00.907 [reactor-http-epoll-5] INFO  b.u.b.s.i.external.BusInfoApiClient - Successfully fetched 348 bus route assignments
2025-11-20 14:22:00.907 [reactor-http-epoll-5] INFO  b.u.b.t.s.VehicleDataScheduler - Fetched 348 bus route assignments, processing...
2025-11-20 14:22:00.907 [reactor-http-epoll-5] INFO  b.u.b.t.a.u.SyncBusRouteAssignmentsUseCase - Syncing route assignments for 348 buses - CorrelationId: CorrelationId[value=TRANS-377a0bfd]
2025-11-20 14:22:01.000 [reactor-tcp-epoll-7] INFO  b.u.b.t.a.u.SyncBusRouteAssignmentsUseCase - Route assignment sync completed: BusRouteAssignmentResult[assignedCount=6, unchangedCount=0, failedCount=0, vehicleNotFoundCount=342, routeNotFoundCount=0, processedAt=2025-11-20T11:22:01.000740525Z]
2025-11-20 14:22:01.000 [reactor-tcp-epoll-7] INFO  b.u.b.t.s.VehicleDataScheduler - Bus route sync completed in 1006ms: BusRouteAssignmentResult[assignedCount=6, unchangedCount=0, failedCount=0, vehicleNotFoundCount=342, routeNotFoundCount=0, processedAt=2025-11-20T11:22:01.000740525Z]
2025-11-20 12:22:17.923 [reactor-http-epoll-6] INFO  b.u.b.s.i.c.CorrelationIdWebFilter - Request started - GET /api/vehicles/positions - Client: 0:0:0:0:0:0:0:1 - CorrelationId: REQ-f420336d
2025-11-20 12:22:17.961 [reactor-tcp-epoll-2] INFO  b.u.b.t.a.u.GetAllVehiclePositionsUseCase - Found 874 device IDs, fetching GPS positions
2025-11-20 12:22:18.254 [reactor-http-epoll-7] INFO  b.u.b.s.i.external.GpsApiClient - Successfully fetched 0 GPS positions from 1 batches
2025-11-20 12:22:18.254 [reactor-http-epoll-7] INFO  b.u.b.t.a.u.GetAllVehiclePositionsUseCase - Successfully fetched 0 vehicle positions
2025-11-20 12:22:18.257 [reactor-http-epoll-7] INFO  b.u.b.s.i.c.CorrelationIdWebFilter - Request completed successfully - CorrelationId: REQ-f420336d
2025-11-20 14:23:59.994 [scheduled-task-3] INFO  b.u.b.t.s.VehicleDataScheduler - Starting scheduled bus route assignments sync
2025-11-20 14:24:02.256 [reactor-http-epoll-8] INFO  b.u.b.s.i.external.BusInfoApiClient - Successfully fetched 347 bus route assignments
2025-11-20 14:24:02.256 [reactor-http-epoll-8] INFO  b.u.b.t.s.VehicleDataScheduler - Fetched 347 bus route assignments, processing...
2025-11-20 14:24:02.256 [reactor-http-epoll-8] INFO  b.u.b.t.a.u.SyncBusRouteAssignmentsUseCase - Syncing route assignments for 347 buses - CorrelationId: CorrelationId[value=TRANS-4efe09c6]
2025-11-20 12:23:11.210 [reactor-tcp-epoll-6] INFO  b.u.b.t.a.u.SyncBusRouteAssignmentsUseCase - Route assignment sync completed: BusRouteAssignmentResult[assignedCount=6, unchangedCount=0, failedCount=0, vehicleNotFoundCount=341, routeNotFoundCount=0, processedAt=2025-11-20T09:23:11.210500125Z]
2025-11-20 12:23:11.211 [reactor-tcp-epoll-6] INFO  b.u.b.t.s.VehicleDataScheduler - Bus route sync completed in -7248783ms: BusRouteAssignmentResult[assignedCount=6, unchangedCount=0, failedCount=0, vehicleNotFoundCount=341, routeNotFoundCount=0, processedAt=2025-11-20T09:23:11.210500125Z]
2025-11-20 12:25:08.781 [scheduled-task-3] INFO  b.u.b.t.s.VehicleDataScheduler - Starting scheduled bus route assignments sync
2025-11-20 12:25:09.535 [reactor-http-epoll-1] INFO  b.u.b.s.i.external.BusInfoApiClient - Successfully fetched 347 bus route assignments
2025-11-20 12:25:09.536 [reactor-http-epoll-1] INFO  b.u.b.t.s.VehicleDataScheduler - Fetched 347 bus route assignments, processing...
2025-11-20 12:25:09.536 [reactor-http-epoll-1] INFO  b.u.b.t.a.u.SyncBusRouteAssignmentsUseCase - Syncing route assignments for 347 buses - CorrelationId: CorrelationId[value=TRANS-5deb8499]
2025-11-20 12:25:09.617 [reactor-tcp-epoll-1] INFO  b.u.b.t.a.u.SyncBusRouteAssignmentsUseCase - Route assignment sync completed: BusRouteAssignmentResult[assignedCount=6, unchangedCount=0, failedCount=0, vehicleNotFoundCount=341, routeNotFoundCount=0, processedAt=2025-11-20T09:25:09.617036169Z]
2025-11-20 12:25:09.617 [reactor-tcp-epoll-1] INFO  b.u.b.t.s.VehicleDataScheduler - Bus route sync completed in 834ms: BusRouteAssignmentResult[assignedCount=6, unchangedCount=0, failedCount=0, vehicleNotFoundCount=341, routeNotFoundCount=0, processedAt=2025-11-20T09:25:09.617036169Z]
2025-11-20 12:26:08.964 [reactor-tcp-epoll-6] INFO  b.u.b.s.a.MaterializedViewRefreshService - [MaterializedView] mv_active_routes_summary refreshed in 70ms
2025-11-20 14:28:03.784 [reactor-tcp-epoll-8] INFO  b.u.b.s.a.MaterializedViewRefreshService - [MaterializedView] mv_popular_direct_routes refreshed in 3734ms
2025-11-20 12:31:08.909 [reactor-tcp-epoll-2] INFO  b.u.b.s.a.MaterializedViewRefreshService - [MaterializedView] mv_active_routes_summary refreshed in 50ms
2025-11-20 12:33:10.101 [reactor-tcp-epoll-4] INFO  b.u.b.s.a.MaterializedViewRefreshService - [MaterializedView] mv_stop_connections refreshed in 1239ms
2025-11-20 12:36:08.903 [reactor-tcp-epoll-6] INFO  b.u.b.s.a.MaterializedViewRefreshService - [MaterializedView] mv_active_routes_summary refreshed in 65ms
2025-11-20 12:41:08.877 [reactor-tcp-epoll-8] INFO  b.u.b.s.a.MaterializedViewRefreshService - [MaterializedView] mv_active_routes_summary refreshed in 57ms
2025-11-20 14:43:04.157 [reactor-tcp-epoll-2] INFO  b.u.b.s.a.MaterializedViewRefreshService - [MaterializedView] mv_popular_direct_routes refreshed in 7255425ms
2025-11-20 12:44:08.645 [reactor-tcp-epoll-2] INFO  b.u.b.s.a.MaterializedViewRefreshService - [MaterializedView] mv_route_statistics refreshed in 46ms
2025-11-20 14:46:59.822 [reactor-tcp-epoll-4] INFO  b.u.b.s.a.MaterializedViewRefreshService - [MaterializedView] mv_active_routes_summary refreshed in 7251237ms
[INFO] ------------------------------------------------------------------------
[INFO] BUILD FAILURE
[INFO] ------------------------------------------------------------------------
[INFO] Total time:  02:38 h
[INFO] Finished at: 2025-11-20T14:48:12+03:00
[INFO] ------------------------------------------------------------------------
[ERROR] Failed to execute goal org.springframework.boot:spring-boot-maven-plugin:3.5.3:run (default-cli) on project bus-route-backend: Process terminated with exit code: 137 -> [Help 1]
[ERROR] 
[ERROR] To see the full stack trace of the errors, re-run Maven with the -e switch.
[ERROR] Re-run Maven using the -X switch to enable full debug logging.
[ERROR] 
[ERROR] For more information about the errors and possible solutions, please read the following articles:
[ERROR] [Help 1] http://cwiki.apache.org/confluence/display/MAVEN/MojoExecutionException
