WARNING: A terminally deprecated method in sun.misc.Unsafe has been called
WARNING: sun.misc.Unsafe::staticFieldBase has been called by com.google.inject.internal.aop.HiddenClassDefiner (file:/root/.m2/wrapper/dists/apache-maven-3.9.11/a2d47e15/lib/guice-5.1.0-classes.jar)
WARNING: Please consider reporting this to the maintainers of class com.google.inject.internal.aop.HiddenClassDefiner
WARNING: sun.misc.Unsafe::staticFieldBase will be removed in a future release
[INFO] Scanning for projects...
[INFO] 
[INFO] ---------------------< biz.ugur:bus-route-backend >---------------------
[INFO] Building Bus Route Planning System 0.0.1
[INFO]   from pom.xml
[INFO] --------------------------------[ jar ]---------------------------------
[INFO] 
[INFO] >>> spring-boot:3.5.3:run (default-cli) > test-compile @ bus-route-backend >>>
[INFO] 
[INFO] --- jacoco:0.8.14:prepare-agent (default) @ bus-route-backend ---
[INFO] argLine set to -javaagent:/root/.m2/repository/org/jacoco/org.jacoco.agent/0.8.14/org.jacoco.agent-0.8.14-runtime.jar=destfile=/home/developer/projects/bus/ugur_v4/bus-route-backend/target/jacoco.exec,excludes=biz\\ugur\\busroutebackend\\admin\\**:biz\\ugur\\busroutebackend\\client\\**:biz\\ugur\\busroutebackend\\geospatial\\**:biz\\ugur\\busroutebackend\\interfaces\\**:biz\\ugur\\busroutebackend\\routing\\**:biz\\ugur\\busroutebackend\\shared\\**:biz\\ugur\\busroutebackend\\transport\\**:biz\\ugur\\busroutebackend\\BusRouteBackendApplication.class
[INFO] 
[INFO] --- resources:3.3.1:resources (default-resources) @ bus-route-backend ---
[INFO] Copying 4 resources from src/main/resources to target/classes
[INFO] Copying 26 resources from src/main/resources to target/classes
[INFO] 
[INFO] --- compiler:3.14.0:compile (default-compile) @ bus-route-backend ---
[INFO] Nothing to compile - all classes are up to date.
[INFO] 
[INFO] --- resources:3.3.1:testResources (default-testResources) @ bus-route-backend ---
[INFO] skip non existing resourceDirectory /home/developer/projects/bus/ugur_v4/bus-route-backend/src/test/resources
[INFO] 
[INFO] --- compiler:3.14.0:testCompile (default-testCompile) @ bus-route-backend ---
[INFO] Recompiling the module because of changed source code.
[INFO] Compiling 26 source files with javac [debug parameters release 24] to target/test-classes
[INFO] /home/developer/projects/bus/ugur_v4/bus-route-backend/src/test/java/biz/ugur/busroutebackend/banner/application/usecase/admin/GetBannersWithPaginationUseCaseTest.java: Some input files use unchecked or unsafe operations.
[INFO] /home/developer/projects/bus/ugur_v4/bus-route-backend/src/test/java/biz/ugur/busroutebackend/banner/application/usecase/admin/GetBannersWithPaginationUseCaseTest.java: Recompile with -Xlint:unchecked for details.
[INFO] 
[INFO] <<< spring-boot:3.5.3:run (default-cli) < test-compile @ bus-route-backend <<<
[INFO] 
[INFO] 
[INFO] --- spring-boot:3.5.3:run (default-cli) @ bus-route-backend ---
[INFO] Attaching agents: []

  .   ____          _            __ _ _
 /\\ / ___'_ __ _ _(_)_ __  __ _ \ \ \ \
( ( )\___ | '_ | '_| | '_ \/ _` | \ \ \ \
 \\/  ___)| |_)| | | | | || (_| |  ) ) ) )
  '  |____| .__|_| |_|_| |_\__, | / / / /
 =========|_|==============|___/=/_/_/_/

 :: Spring Boot ::                (v3.5.3)

2025-11-20 15:02:50.365 [main] INFO  b.u.b.BusRouteBackendApplication - Starting BusRouteBackendApplication using Java 25 with PID 46881 (/home/developer/projects/bus/ugur_v4/bus-route-backend/target/classes started by root in /home/developer/projects/bus/ugur_v4/bus-route-backend)
2025-11-20 15:02:50.366 [main] INFO  b.u.b.BusRouteBackendApplication - The following 1 profile is active: "dev"
2025-11-20 15:02:50.916 [main] INFO  o.s.d.r.c.RepositoryConfigurationDelegate - Multiple Spring Data modules found, entering strict repository configuration mode
2025-11-20 15:02:50.916 [main] INFO  o.s.d.r.c.RepositoryConfigurationDelegate - Bootstrapping Spring Data R2DBC repositories in DEFAULT mode.
2025-11-20 15:02:50.922 [main] INFO  o.s.d.r.c.RepositoryConfigurationDelegate - Finished Spring Data repository scanning in 2 ms. Found 0 R2DBC repository interfaces.
2025-11-20 15:02:51.225 [main] INFO  o.s.d.r.c.RepositoryConfigurationDelegate - Multiple Spring Data modules found, entering strict repository configuration mode
2025-11-20 15:02:51.225 [main] INFO  o.s.d.r.c.RepositoryConfigurationDelegate - Bootstrapping Spring Data R2DBC repositories in DEFAULT mode.
2025-11-20 15:02:51.246 [main] INFO  o.s.d.r.c.RepositoryConfigurationDelegate - Finished Spring Data repository scanning in 19 ms. Found 0 R2DBC repository interfaces.
2025-11-20 15:02:51.251 [main] INFO  o.s.d.r.c.RepositoryConfigurationDelegate - Multiple Spring Data modules found, entering strict repository configuration mode
2025-11-20 15:02:51.252 [main] INFO  o.s.d.r.c.RepositoryConfigurationDelegate - Bootstrapping Spring Data Redis repositories in DEFAULT mode.
2025-11-20 15:02:51.266 [main] INFO  o.s.d.r.c.RepositoryConfigurationDelegate - Finished Spring Data repository scanning in 9 ms. Found 0 Redis repository interfaces.
WARNING: A terminally deprecated method in sun.misc.Unsafe has been called
WARNING: sun.misc.Unsafe::allocateMemory has been called by io.netty.util.internal.PlatformDependent0$2 (file:/root/.m2/repository/io/netty/netty-common/4.1.122.Final/netty-common-4.1.122.Final.jar)
WARNING: Please consider reporting this to the maintainers of class io.netty.util.internal.PlatformDependent0$2
WARNING: sun.misc.Unsafe::allocateMemory will be removed in a future release
WARNING: A restricted method in java.lang.System has been called
WARNING: java.lang.System::loadLibrary has been called by io.netty.util.internal.NativeLibraryUtil in an unnamed module (file:/root/.m2/repository/io/netty/netty-common/4.1.122.Final/netty-common-4.1.122.Final.jar)
WARNING: Use --enable-native-access=ALL-UNNAMED to avoid a warning for callers in this module
WARNING: Restricted methods will be blocked in a future release unless native access is enabled

2025-11-20 15:02:52.060 [main] INFO  b.u.b.g.i.c.GeospatialServiceInitializer - Initializing geospatial services in value objects...
2025-11-20 15:02:52.061 [main] INFO  b.u.b.g.i.c.GeospatialServiceInitializer - ✅ Geospatial services initialization complete
2025-11-20 15:02:52.061 [main] INFO  b.u.b.g.i.c.GeospatialServiceInitializer -    - All distance calculations use centralized DistanceCalculationService
2025-11-20 15:02:52.061 [main] INFO  b.u.b.g.i.c.GeospatialServiceInitializer -    - Haversine formula: single source of truth
2025-11-20 15:02:52.061 [main] INFO  b.u.b.g.i.c.GeospatialServiceInitializer -    - Location → Coordinates migration: COMPLETED
2025-11-20 15:02:52.061 [main] INFO  b.u.b.g.i.c.GeospatialServiceInitializer -    - RoutePoint → Coordinates migration: COMPLETED
2025-11-20 15:02:52.266 [main] INFO  b.u.b.s.i.external.GpsApiClient - GpsApiClient initialized: batchSize=50, maxConcurrentBatches=3, timeWindowMinutes=60
2025-11-20 15:02:52.466 [main] INFO  b.u.b.s.i.config.WebSocketConfig - 🔌 WebSocketConfig initialized with handler: VehiclePositionHandler
2025-11-20 15:02:52.490 [main] INFO  o.s.b.a.s.r.ReactiveUserDetailsServiceAutoConfiguration - 

Using generated security password: 357ae71d-1cfb-4e58-b2db-97952e5e55c4

2025-11-20 15:02:52.572 [main] INFO  b.u.b.c.i.s.ClientSecurityConfig - Configuring Client Security Filter Chain for /api/v1/client/** and /api/v1/mobile/**
2025-11-20 15:02:52.574 [main] INFO  b.u.b.i.i.s.IntegrationSecurityConfig - Configuring Integration Security Filter Chain for external API token authentication
2025-11-20 15:02:52.591 [main] INFO  b.u.b.s.i.config.CorrelationConfig - Initializing Correlation ID Generator
2025-11-20 15:02:52.591 [main] INFO  b.u.b.s.i.config.CorrelationConfig - Initializing Correlation ID Web Filter
2025-11-20 15:02:52.650 [main] INFO  b.u.b.s.i.config.WebSocketConfig - 🗺️ Registering WebSocket handler mappings...
2025-11-20 15:02:52.651 [main] INFO  b.u.b.s.i.config.WebSocketConfig - ✅ WebSocket mappings registered:
2025-11-20 15:02:52.651 [main] INFO  b.u.b.s.i.config.WebSocketConfig -    📍 /api/v1/ws/vehicle-positions -> VehiclePositionHandler
2025-11-20 15:02:52.753 [main] INFO  o.s.b.a.e.web.EndpointLinksResolver - Exposing 4 endpoints beneath base path '/actuator'
2025-11-20 15:02:52.787 [main] INFO  b.u.b.s.i.config.WebSocketConfig - 🔧 Creating WebSocketHandlerAdapter...
2025-11-20 15:02:52.788 [main] INFO  b.u.b.s.i.config.WebSocketConfig - ✅ WebSocketHandlerAdapter created successfully
2025-11-20 15:02:53.047 [main] DEBUG o.s.c.e.EventListenerMethodProcessor - 1 @EventListener methods processed on bean 'adminBootstrap': {public void biz.ugur.busroutebackend.shared.infrastructure.bootstrap.AdminBootstrap.createDefaultAdminIfNotExists()=@org.springframework.context.event.EventListener(classes={org.springframework.boot.context.event.ApplicationReadyEvent.class}, condition="", defaultExecution=true, id="", value={org.springframework.boot.context.event.ApplicationReadyEvent.class})}
2025-11-20 15:02:53.048 [main] DEBUG o.s.c.e.EventListenerMethodProcessor - 3 @EventListener methods processed on bean 'vehicleEventHandler': {public void biz.ugur.busroutebackend.transport.infrastructure.messaging.VehicleEventHandler.handleVehiclePositionUpdated(biz.ugur.busroutebackend.transport.domain.event.VehiclePositionUpdatedEvent)=@org.springframework.context.event.EventListener(classes={}, condition="", defaultExecution=true, id="", value={}), public void biz.ugur.busroutebackend.transport.infrastructure.messaging.VehicleEventHandler.handleVehicleAssignedToRoute(biz.ugur.busroutebackend.transport.domain.event.VehicleAssignedToRouteEvent)=@org.springframework.context.event.EventListener(classes={}, condition="", defaultExecution=true, id="", value={}), public void biz.ugur.busroutebackend.transport.infrastructure.messaging.VehicleEventHandler.handleVehicleRegistered(biz.ugur.busroutebackend.transport.domain.event.VehicleRegisteredEvent)=@org.springframework.context.event.EventListener(classes={biz.ugur.busroutebackend.transport.domain.event.VehicleRegisteredEvent.class}, condition="", defaultExecution=true, id="", value={biz.ugur.busroutebackend.transport.domain.event.VehicleRegisteredEvent.class})}
2025-11-20 15:02:53.048 [main] DEBUG o.s.c.e.EventListenerMethodProcessor - 1 @EventListener methods processed on bean 'vehicleDataScheduler': {public void biz.ugur.busroutebackend.transport.scheduler.VehicleDataScheduler.onApplicationReady(org.springframework.boot.context.event.ApplicationReadyEvent)=@org.springframework.context.event.EventListener(classes={org.springframework.boot.context.event.ApplicationReadyEvent.class}, condition="", defaultExecution=true, id="", value={org.springframework.boot.context.event.ApplicationReadyEvent.class})}
2025-11-20 15:02:53.072 [main] INFO  o.s.b.w.e.netty.NettyWebServer - Netty started on port 8080 (http)
2025-11-20 15:02:53.081 [main] INFO  b.u.b.BusRouteBackendApplication - Started BusRouteBackendApplication in 3.038 seconds (process running for 3.195)
2025-11-20 15:02:53.083 [main] INFO  b.u.b.s.i.bootstrap.AdminBootstrap - Checking for default admin user...
2025-11-20 15:02:53.088 [main] INFO  b.u.b.s.i.bootstrap.AdminBootstrap - Creating default admin user: admin
2025-11-20 15:02:53.153 [main] INFO  b.u.b.t.s.VehicleDataScheduler - Application ready - triggering initial route sync
2025-11-20 15:02:53.250 [reactor-tcp-epoll-1] INFO  b.u.b.s.i.bootstrap.AdminBootstrap - Default admin user ensured: admin
2025-11-20 13:02:11.896 [reactor-http-epoll-4] INFO  b.u.b.s.i.external.GpsApiClient - Successfully fetched 181 GPS positions from 18 batches
2025-11-20 13:02:11.898 [parallel-6] INFO  b.u.b.t.a.u.UpdateVehiclePositionsUseCase - Processing 81 GPS positions (batch mode) - CorrelationId: CorrelationId[value=TRANS-b2bfaa14]
2025-11-20 13:02:11.898 [parallel-5] INFO  b.u.b.t.a.u.UpdateVehiclePositionsUseCase - Processing 100 GPS positions (batch mode) - CorrelationId: CorrelationId[value=TRANS-7c33aa05]
2025-11-20 13:02:11.915 [reactor-tcp-epoll-2] INFO  b.u.b.t.i.m.VehicleEventHandler - Handling VehiclePositionUpdated: VehiclePositionUpdatedEvent(vehicleId=5c52d065-0cac-4e1d-87e5-561528e7f07e, deviceId=1208505611478847488, licensePlate=1286 AGH, routeNumber=14, latitude=37.978377, longitude=58.327659, speedKmh=0.0, isInMotion=false, positionTimestamp=2025-11-20T07:02:50, eventOccurredAt=2025-11-20T10:02:11.915876348Z, course=37.0)
2025-11-20 13:02:11.915 [reactor-tcp-epoll-1] INFO  b.u.b.t.i.m.VehicleEventHandler - Handling VehiclePositionUpdated: VehiclePositionUpdatedEvent(vehicleId=7a542e4b-364b-4d9d-9d06-9643da3661e5, deviceId=1199819902056353792, licensePlate=1321 AGH, routeNumber=19, latitude=37.917196, longitude=58.441575, speedKmh=0.0, isInMotion=false, positionTimestamp=2025-11-20T07:02:49, eventOccurredAt=2025-11-20T10:02:11.915183435Z, course=283.0)
2025-11-20 13:02:11.930 [reactor-tcp-epoll-1] INFO  b.u.b.t.i.m.VehicleEventHandler - Handling VehiclePositionUpdated: VehiclePositionUpdatedEvent(vehicleId=9f089ad9-92e0-4129-8e5b-c6f52eddfcd7, deviceId=1217192894860054528, licensePlate=1301 AGH, routeNumber=1, latitude=37.91853, longitude=58.411132, speedKmh=0.0, isInMotion=false, positionTimestamp=2025-11-20T07:02:48, eventOccurredAt=2025-11-20T10:02:11.930582084Z, course=84.0)
2025-11-20 13:02:11.930 [reactor-tcp-epoll-2] INFO  b.u.b.t.i.m.VehicleEventHandler - Handling VehiclePositionUpdated: VehiclePositionUpdatedEvent(vehicleId=00dc8612-e7c2-4add-8289-d42ba872de9e, deviceId=1209979268709437440, licensePlate=1536 AGG, routeNumber=28, latitude=37.912576, longitude=58.397746, speedKmh=0.0, isInMotion=false, positionTimestamp=2025-11-20T07:02:48, eventOccurredAt=2025-11-20T10:02:11.930583179Z, course=181.0)
2025-11-20 13:02:11.931 [reactor-tcp-epoll-1] INFO  b.u.b.t.i.m.VehicleEventHandler - Handling VehiclePositionUpdated: VehiclePositionUpdatedEvent(vehicleId=c28b59fb-1a67-4850-b29f-8b9864824b59, deviceId=1209592627914297344, licensePlate=1402 AGG, routeNumber=89, latitude=37.948512, longitude=58.376084, speedKmh=32.0, isInMotion=true, positionTimestamp=2025-11-20T07:02:48, eventOccurredAt=2025-11-20T10:02:11.931401472Z, course=303.0)
2025-11-20 13:02:11.931 [reactor-tcp-epoll-2] INFO  b.u.b.t.i.m.VehicleEventHandler - Handling VehiclePositionUpdated: VehiclePositionUpdatedEvent(vehicleId=4b52e4d1-6d7c-4a02-9a0e-b21aace6d465, deviceId=1202067948496441344, licensePlate=1242 AGH, routeNumber=1, latitude=37.917189, longitude=58.441356, speedKmh=0.0, isInMotion=false, positionTimestamp=2025-11-20T07:02:43, eventOccurredAt=2025-11-20T10:02:11.931388796Z, course=266.0)
2025-11-20 13:02:11.931 [reactor-tcp-epoll-1] INFO  b.u.b.t.i.m.VehicleEventHandler - Handling VehiclePositionUpdated: VehiclePositionUpdatedEvent(vehicleId=e75c3090-d75b-4498-a597-52b7de92090a, deviceId=1210783340542775296, licensePlate=1679 AGG, routeNumber=null, latitude=37.947527, longitude=58.366662, speedKmh=0.0, isInMotion=false, positionTimestamp=2025-11-20T07:02:59, eventOccurredAt=2025-11-20T10:02:11.931695337Z, course=15.0)
2025-11-20 13:02:11.931 [reactor-tcp-epoll-2] INFO  b.u.b.t.i.m.VehicleEventHandler - Handling VehiclePositionUpdated: VehiclePositionUpdatedEvent(vehicleId=f6e9c87a-ced2-4552-a42c-ee9564035ebd, deviceId=1209731274760212480, licensePlate=1928 AGH, routeNumber=113, latitude=37.912144, longitude=58.436909, speedKmh=61.0, isInMotion=true, positionTimestamp=2025-11-20T07:02:43, eventOccurredAt=2025-11-20T10:02:11.931747122Z, course=14.0)
2025-11-20 13:02:11.931 [reactor-tcp-epoll-1] INFO  b.u.b.t.i.m.VehicleEventHandler - Handling VehiclePositionUpdated: VehiclePositionUpdatedEvent(vehicleId=8ef4b6d9-7396-49f0-97af-675e8dc8c2c0, deviceId=1208142914019086336, licensePlate=1338 AGH, routeNumber=13, latitude=37.958185, longitude=58.347668, speedKmh=0.0, isInMotion=false, positionTimestamp=2025-11-20T07:02:45, eventOccurredAt=2025-11-20T10:02:11.931953824Z, course=275.0)
2025-11-20 13:02:11.932 [reactor-tcp-epoll-2] INFO  b.u.b.t.i.m.VehicleEventHandler - Handling VehiclePositionUpdated: VehiclePositionUpdatedEvent(vehicleId=2ea83e87-1d0b-49aa-8c8d-0661578ca1ce, deviceId=1203045275212664832, licensePlate=1231 AGH, routeNumber=14, latitude=37.963721, longitude=58.421246, speedKmh=55.0, isInMotion=true, positionTimestamp=2025-11-20T07:02:49, eventOccurredAt=2025-11-20T10:02:11.931988178Z, course=207.0)
2025-11-20 13:02:11.932 [reactor-tcp-epoll-1] INFO  b.u.b.t.i.m.VehicleEventHandler - Handling VehiclePositionUpdated: VehiclePositionUpdatedEvent(vehicleId=ee459570-c5ae-4607-84ed-91ee684aa778, deviceId=1208141856563744768, licensePlate=1330 AGG, routeNumber=46, latitude=37.911955, longitude=58.389186, speedKmh=35.0, isInMotion=true, positionTimestamp=2025-11-20T07:02:48, eventOccurredAt=2025-11-20T10:02:11.932144770Z, course=188.0)
2025-11-20 13:02:11.932 [reactor-tcp-epoll-2] INFO  b.u.b.t.i.m.VehicleEventHandler - Handling VehiclePositionUpdated: VehiclePositionUpdatedEvent(vehicleId=1f03e4be-4a6e-41a1-b944-51001000b9f3, deviceId=1202089668267692032, licensePlate=1224 AGH, routeNumber=36, latitude=38.040342, longitude=58.400309, speedKmh=0.0, isInMotion=false, positionTimestamp=2025-11-20T07:02:50, eventOccurredAt=2025-11-20T10:02:11.932255933Z, course=241.0)
2025-11-20 13:02:11.932 [reactor-tcp-epoll-1] INFO  b.u.b.t.i.m.VehicleEventHandler - Handling VehiclePositionUpdated: VehiclePositionUpdatedEvent(vehicleId=75cb495d-0836-4834-8bed-51076571708c, deviceId=1208860828154155008, licensePlate=1364 AGG, routeNumber=6, latitude=37.940879, longitude=58.377446, speedKmh=38.0, isInMotion=true, positionTimestamp=2025-11-20T07:02:49, eventOccurredAt=2025-11-20T10:02:11.932372070Z, course=115.0)
2025-11-20 13:02:11.932 [reactor-tcp-epoll-1] INFO  b.u.b.t.i.m.VehicleEventHandler - Handling VehiclePositionUpdated: VehiclePositionUpdatedEvent(vehicleId=0e35b362-9380-40bf-a186-240aed7af8a1, deviceId=1204600559026524160, licensePlate=1317 AGH, routeNumber=13, latitude=37.960323, longitude=58.316532, speedKmh=38.0, isInMotion=true, positionTimestamp=2025-11-20T07:02:43, eventOccurredAt=2025-11-20T10:02:11.932608971Z, course=305.0)
2025-11-20 13:02:11.932 [reactor-tcp-epoll-2] INFO  b.u.b.t.i.m.VehicleEventHandler - Handling VehiclePositionUpdated: VehiclePositionUpdatedEvent(vehicleId=1beab06a-c091-42f7-b17c-3eb6dc2a6a1c, deviceId=1203943532897980416, licensePlate=1248 AGH, routeNumber=42, latitude=37.983948, longitude=58.331044, speedKmh=63.0, isInMotion=true, positionTimestamp=2025-11-20T07:02:55, eventOccurredAt=2025-11-20T10:02:11.932458817Z, course=124.0)
2025-11-20 13:02:11.932 [reactor-tcp-epoll-1] INFO  b.u.b.t.i.m.VehicleEventHandler - Handling VehiclePositionUpdated: VehiclePositionUpdatedEvent(vehicleId=e95c624d-f522-4e40-a8e6-6666b000f6c3, deviceId=1210069087460478976, licensePlate=1658 AGG, routeNumber=null, latitude=37.963563, longitude=58.317322, speedKmh=51.0, isInMotion=true, positionTimestamp=2025-11-20T07:02:59, eventOccurredAt=2025-11-20T10:02:11.932821185Z, course=216.0)
2025-11-20 13:02:11.933 [reactor-tcp-epoll-2] INFO  b.u.b.t.i.m.VehicleEventHandler - Handling VehiclePositionUpdated: VehiclePositionUpdatedEvent(vehicleId=f1d64618-ac08-4c30-a8e9-743e14a54173, deviceId=1207074022991548416, licensePlate=1318 AGH, routeNumber=13, latitude=37.940776, longitude=58.382177, speedKmh=54.0, isInMotion=true, positionTimestamp=2025-11-20T07:02:48, eventOccurredAt=2025-11-20T10:02:11.932991671Z, course=214.0)
2025-11-20 13:02:11.933 [reactor-tcp-epoll-1] INFO  b.u.b.t.i.m.VehicleEventHandler - Handling VehiclePositionUpdated: VehiclePositionUpdatedEvent(vehicleId=c3750025-3bbf-401e-bc3a-8aa9b0c84aa5, deviceId=1209706179836727296, licensePlate=1670 AGG, routeNumber=null, latitude=37.91196, longitude=58.38974, speedKmh=0.0, isInMotion=false, positionTimestamp=2025-11-20T07:02:53, eventOccurredAt=2025-11-20T10:02:11.933207794Z, course=2.0)
2025-11-20 13:02:11.933 [reactor-tcp-epoll-2] INFO  b.u.b.t.i.m.VehicleEventHandler - Handling VehiclePositionUpdated: VehiclePositionUpdatedEvent(vehicleId=19451d27-5e4d-4199-acba-ba14e6337b11, deviceId=1201972683936583680, licensePlate=1285 AGH, routeNumber=1, latitude=37.918537, longitude=58.407451, speedKmh=0.0, isInMotion=false, positionTimestamp=2025-11-20T07:02:55, eventOccurredAt=2025-11-20T10:02:11.933263014Z, course=88.0)
2025-11-20 13:02:11.933 [reactor-tcp-epoll-2] INFO  b.u.b.t.i.m.VehicleEventHandler - Handling VehiclePositionUpdated: VehiclePositionUpdatedEvent(vehicleId=46825836-8c8c-474a-8448-9b885908acd1, deviceId=1206777153941884928, licensePlate=1344 AGG, routeNumber=null, latitude=37.904827, longitude=58.380371, speedKmh=0.0, isInMotion=false, positionTimestamp=2025-11-20T07:02:41, eventOccurredAt=2025-11-20T10:02:11.933558693Z, course=355.0)
2025-11-20 13:02:11.933 [reactor-tcp-epoll-1] INFO  b.u.b.t.i.m.VehicleEventHandler - Handling VehiclePositionUpdated: VehiclePositionUpdatedEvent(vehicleId=0c03401d-ad81-494d-88b6-b9222c8da8b7, deviceId=1216573599754964992, licensePlate=1420 AGG, routeNumber=70, latitude=38.040648, longitude=58.401325, speedKmh=0.0, isInMotion=false, positionTimestamp=2025-11-20T06:28:05, eventOccurredAt=2025-11-20T10:02:11.933613173Z, course=161.0)
2025-11-20 13:02:11.933 [reactor-tcp-epoll-2] INFO  b.u.b.t.i.m.VehicleEventHandler - Handling VehiclePositionUpdated: VehiclePositionUpdatedEvent(vehicleId=3122d246-8cdb-45f6-9364-6282cd34a2d0, deviceId=1204620349300494336, licensePlate=1397 AGG, routeNumber=70, latitude=38.040023, longitude=58.401104, speedKmh=0.0, isInMotion=false, positionTimestamp=2025-11-20T06:54:13, eventOccurredAt=2025-11-20T10:02:11.933827207Z, course=150.0)
2025-11-20 13:02:11.933 [reactor-tcp-epoll-1] INFO  b.u.b.t.i.m.VehicleEventHandler - Handling VehiclePositionUpdated: VehiclePositionUpdatedEvent(vehicleId=5b3c4fec-014d-46fe-bf83-ced3d3dd3215, deviceId=1199890875933741056, licensePlate=1252 AGH, routeNumber=null, latitude=38.03992, longitude=58.399754, speedKmh=0.0, isInMotion=false, positionTimestamp=2025-11-20T07:02:54, eventOccurredAt=2025-11-20T10:02:11.933861457Z, course=345.0)
2025-11-20 13:02:11.934 [reactor-tcp-epoll-2] INFO  b.u.b.t.i.m.VehicleEventHandler - Handling VehiclePositionUpdated: VehiclePositionUpdatedEvent(vehicleId=2d260c81-420a-4787-99fe-39f0a30f9311, deviceId=1209666314382299136, licensePlate=1585 AGG, routeNumber=39, latitude=38.03707, longitude=58.401544, speedKmh=0.0, isInMotion=false, positionTimestamp=2025-11-20T07:02:41, eventOccurredAt=2025-11-20T10:02:11.934286344Z, course=332.0)
2025-11-20 13:02:11.934 [reactor-tcp-epoll-1] INFO  b.u.b.t.i.m.VehicleEventHandler - Handling VehiclePositionUpdated: VehiclePositionUpdatedEvent(vehicleId=e6036286-0944-47ed-b205-735816d7e4fe, deviceId=1209653912685203456, licensePlate=6320 AGD, routeNumber=128, latitude=37.958721, longitude=58.323905, speedKmh=42.0, isInMotion=true, positionTimestamp=2025-11-20T07:02:41, eventOccurredAt=2025-11-20T10:02:11.934310166Z, course=218.0)
2025-11-20 13:02:11.934 [reactor-tcp-epoll-1] INFO  b.u.b.t.i.m.VehicleEventHandler - Handling VehiclePositionUpdated: VehiclePositionUpdatedEvent(vehicleId=dd46ce42-d141-4c92-aef5-7e8a9fb8c941, deviceId=1216130801431957504, licensePlate=1308 AGH, routeNumber=13, latitude=37.955443, longitude=58.368391, speedKmh=26.0, isInMotion=true, positionTimestamp=2025-11-20T07:02:58, eventOccurredAt=2025-11-20T10:02:11.934604166Z, course=211.0)
2025-11-20 13:02:11.934 [reactor-tcp-epoll-2] INFO  b.u.b.t.i.m.VehicleEventHandler - Handling VehiclePositionUpdated: VehiclePositionUpdatedEvent(vehicleId=350b5dc7-0614-496b-bfed-6914cf02755f, deviceId=1210772726848114688, licensePlate=1577 AGG, routeNumber=null, latitude=37.910055, longitude=58.412971, speedKmh=43.0, isInMotion=true, positionTimestamp=2025-11-20T07:02:44, eventOccurredAt=2025-11-20T10:02:11.934710086Z, course=89.0)
2025-11-20 13:02:11.935 [reactor-tcp-epoll-2] INFO  b.u.b.t.i.m.VehicleEventHandler - Handling VehiclePositionUpdated: VehiclePositionUpdatedEvent(vehicleId=63aeee07-5d97-489a-a6e2-ce405bcb000a, deviceId=1207045360455995392, licensePlate=1307 AGH, routeNumber=13, latitude=38.029176, longitude=58.404732, speedKmh=0.0, isInMotion=false, positionTimestamp=2025-11-20T07:02:56, eventOccurredAt=2025-11-20T10:02:11.934986354Z, course=0.0)
2025-11-20 13:02:11.935 [reactor-tcp-epoll-1] INFO  b.u.b.t.i.m.VehicleEventHandler - Handling VehiclePositionUpdated: VehiclePositionUpdatedEvent(vehicleId=7674fe2e-6038-42b8-9fd8-35f795e62b05, deviceId=1209287945643839488, licensePlate=1339 AGH, routeNumber=113, latitude=37.916981, longitude=58.441396, speedKmh=0.0, isInMotion=false, positionTimestamp=2025-11-20T07:02:59, eventOccurredAt=2025-11-20T10:02:11.935155077Z, course=299.0)
2025-11-20 13:02:11.935 [reactor-tcp-epoll-2] INFO  b.u.b.t.i.m.VehicleEventHandler - Handling VehiclePositionUpdated: VehiclePositionUpdatedEvent(vehicleId=9bd1812e-9792-45f2-8e3f-a2b43300c89e, deviceId=1210030826801287168, licensePlate=1501 AGG, routeNumber=null, latitude=38.037109, longitude=58.401659, speedKmh=0.0, isInMotion=false, positionTimestamp=2025-11-20T06:34:06, eventOccurredAt=2025-11-20T10:02:11.935353781Z, course=162.0)
2025-11-20 13:02:11.935 [reactor-tcp-epoll-1] INFO  b.u.b.t.i.m.VehicleEventHandler - Handling VehiclePositionUpdated: VehiclePositionUpdatedEvent(vehicleId=607ed57a-3dc2-4ef4-8079-e58c4c17b30d, deviceId=1206075852241195008, licensePlate=1293 AGH, routeNumber=14, latitude=38.03987, longitude=58.400175, speedKmh=0.0, isInMotion=false, positionTimestamp=2025-11-20T07:02:59, eventOccurredAt=2025-11-20T10:02:11.935485643Z, course=189.0)
2025-11-20 13:02:11.935 [reactor-tcp-epoll-2] INFO  b.u.b.t.i.m.VehicleEventHandler - Handling VehiclePositionUpdated: VehiclePositionUpdatedEvent(vehicleId=0cf337bc-45e2-429d-a505-d6cecc9d7492, deviceId=1208481448508739584, licensePlate=1606 AGG, routeNumber=17, latitude=37.910372, longitude=58.389054, speedKmh=31.0, isInMotion=true, positionTimestamp=2025-11-20T07:02:54, eventOccurredAt=2025-11-20T10:02:11.935682141Z, course=171.0)
2025-11-20 13:02:11.935 [reactor-tcp-epoll-1] INFO  b.u.b.t.i.m.VehicleEventHandler - Handling VehiclePositionUpdated: VehiclePositionUpdatedEvent(vehicleId=5b87fd45-c543-4e8b-96a6-05bd74daaf2d, deviceId=1217179060036390912, licensePlate=1335 AGH, routeNumber=13, latitude=37.917755, longitude=58.441524, speedKmh=0.0, isInMotion=false, positionTimestamp=2025-11-20T07:02:41, eventOccurredAt=2025-11-20T10:02:11.935892432Z, course=178.0)
2025-11-20 13:02:11.936 [reactor-tcp-epoll-2] INFO  b.u.b.t.i.m.VehicleEventHandler - Handling VehiclePositionUpdated: VehiclePositionUpdatedEvent(vehicleId=e12f3963-bd5d-4647-92f2-d1f2055631bc, deviceId=1217293783507619840, licensePlate=1366 AGG, routeNumber=6, latitude=37.955429, longitude=58.328143, speedKmh=43.0, isInMotion=true, positionTimestamp=2025-11-20T07:02:41, eventOccurredAt=2025-11-20T10:02:11.936026384Z, course=127.0)
2025-11-20 13:02:11.936 [reactor-tcp-epoll-1] INFO  b.u.b.t.i.m.VehicleEventHandler - Handling VehiclePositionUpdated: VehiclePositionUpdatedEvent(vehicleId=5ea61c12-dad8-4850-a8e0-ef3f4ffbde16, deviceId=1209732947494785024, licensePlate=1952 AGH, routeNumber=73, latitude=37.910287, longitude=58.411012, speedKmh=0.0, isInMotion=false, positionTimestamp=2025-11-20T07:02:41, eventOccurredAt=2025-11-20T10:02:11.936199162Z, course=269.0)
2025-11-20 13:02:11.936 [reactor-tcp-epoll-2] INFO  b.u.b.t.i.m.VehicleEventHandler - Handling VehiclePositionUpdated: VehiclePositionUpdatedEvent(vehicleId=7c31b22d-6b3d-4664-97cd-33483d86c771, deviceId=1211868750123585536, licensePlate=1699 AGG, routeNumber=null, latitude=37.977538, longitude=58.32738, speedKmh=29.0, isInMotion=true, positionTimestamp=2025-11-20T07:02:42, eventOccurredAt=2025-11-20T10:02:11.936260247Z, course=214.0)
2025-11-20 13:02:11.936 [reactor-tcp-epoll-1] INFO  b.u.b.t.i.m.VehicleEventHandler - Handling VehiclePositionUpdated: VehiclePositionUpdatedEvent(vehicleId=d6e4efc7-c46f-4b5f-b168-a884f988b897, deviceId=1216814673962422272, licensePlate=1396 AGG, routeNumber=6, latitude=37.910422, longitude=58.340367, speedKmh=22.0, isInMotion=true, positionTimestamp=2025-11-20T07:02:47, eventOccurredAt=2025-11-20T10:02:11.936574709Z, course=29.0)
2025-11-20 13:02:11.936 [reactor-tcp-epoll-2] INFO  b.u.b.t.i.m.VehicleEventHandler - Handling VehiclePositionUpdated: VehiclePositionUpdatedEvent(vehicleId=c53daea4-7dd8-4819-b31c-484a6ff12e89, deviceId=1209979364092104704, licensePlate=1575 AGG, routeNumber=null, latitude=37.93415, longitude=58.393324, speedKmh=0.0, isInMotion=false, positionTimestamp=2025-11-20T07:02:54, eventOccurredAt=2025-11-20T10:02:11.936662577Z, course=304.0)
2025-11-20 13:02:11.936 [reactor-tcp-epoll-2] INFO  b.u.b.t.i.m.VehicleEventHandler - Handling VehiclePositionUpdated: VehiclePositionUpdatedEvent(vehicleId=d6fa9138-07cb-4078-a594-b513a6aae78b, deviceId=1210025429474430976, licensePlate=1969 AGH, routeNumber=73, latitude=37.917298, longitude=58.441591, speedKmh=0.0, isInMotion=false, positionTimestamp=2025-11-20T06:07:04, eventOccurredAt=2025-11-20T10:02:11.936958558Z, course=0.0)
2025-11-20 13:02:11.936 [reactor-tcp-epoll-1] INFO  b.u.b.t.i.m.VehicleEventHandler - Handling VehiclePositionUpdated: VehiclePositionUpdatedEvent(vehicleId=04504bc9-cf27-4915-85b6-32b11a309271, deviceId=1206754501118349312, licensePlate=1297 AGH, routeNumber=36, latitude=37.897332, longitude=58.388695, speedKmh=1.0, isInMotion=false, positionTimestamp=2025-11-20T07:02:55, eventOccurredAt=2025-11-20T10:02:11.936963422Z, course=3.0)
2025-11-20 13:02:11.937 [reactor-tcp-epoll-1] INFO  b.u.b.t.i.m.VehicleEventHandler - Handling VehiclePositionUpdated: VehiclePositionUpdatedEvent(vehicleId=b565540e-d0fd-4159-bfe4-5b085c03bb1d, deviceId=1209649675918069760, licensePlate=1605 AGG, routeNumber=null, latitude=37.942147, longitude=58.366511, speedKmh=68.0, isInMotion=true, positionTimestamp=2025-11-20T07:02:44, eventOccurredAt=2025-11-20T10:02:11.937171459Z, course=97.0)
2025-11-20 13:02:11.937 [reactor-tcp-epoll-2] INFO  b.u.b.t.i.m.VehicleEventHandler - Handling VehiclePositionUpdated: VehiclePositionUpdatedEvent(vehicleId=8066edec-56c3-4d84-97d2-a2edae206fc0, deviceId=1210027165593325568, licensePlate=1425 AGG, routeNumber=39, latitude=37.936195, longitude=58.389782, speedKmh=19.0, isInMotion=true, positionTimestamp=2025-11-20T07:02:57, eventOccurredAt=2025-11-20T10:02:11.937172343Z, course=9.0)
2025-11-20 13:02:11.937 [reactor-tcp-epoll-1] INFO  b.u.b.t.i.m.VehicleEventHandler - Handling VehiclePositionUpdated: VehiclePositionUpdatedEvent(vehicleId=0a146852-cb58-42bb-aeac-137439f086fb, deviceId=1211029531729809408, licensePlate=1668 AGG, routeNumber=39, latitude=37.941404, longitude=58.373427, speedKmh=56.0, isInMotion=true, positionTimestamp=2025-11-20T07:02:42, eventOccurredAt=2025-11-20T10:02:11.937399634Z, course=98.0)
2025-11-20 13:02:11.937 [reactor-tcp-epoll-2] INFO  b.u.b.t.i.m.VehicleEventHandler - Handling VehiclePositionUpdated: VehiclePositionUpdatedEvent(vehicleId=40d1935f-451f-4014-998b-0fde9883ee6d, deviceId=1204631358505439232, licensePlate=1294 AGH, routeNumber=1, latitude=37.91734, longitude=58.441464, speedKmh=0.0, isInMotion=false, positionTimestamp=2025-11-20T07:02:50, eventOccurredAt=2025-11-20T10:02:11.937411730Z, course=130.0)
2025-11-20 13:02:11.937 [reactor-tcp-epoll-2] INFO  b.u.b.t.i.m.VehicleEventHandler - Handling VehiclePositionUpdated: VehiclePositionUpdatedEvent(vehicleId=89c8abd9-05d2-4711-9b5d-c37ab0619996, deviceId=1199882076590133248, licensePlate=1247 AGH, routeNumber=null, latitude=37.978558, longitude=58.327856, speedKmh=0.0, isInMotion=false, positionTimestamp=2025-11-20T07:02:59, eventOccurredAt=2025-11-20T10:02:11.937844776Z, course=34.0)
2025-11-20 13:02:11.937 [reactor-tcp-epoll-1] INFO  b.u.b.t.i.m.VehicleEventHandler - Handling VehiclePositionUpdated: VehiclePositionUpdatedEvent(vehicleId=da257f29-fb94-4617-9b68-cc52c72d90d8, deviceId=1210791235346976768, licensePlate=1540 AGG, routeNumber=89, latitude=37.917404, longitude=58.441418, speedKmh=0.0, isInMotion=false, positionTimestamp=2025-11-20T07:02:49, eventOccurredAt=2025-11-20T10:02:11.937850329Z, course=268.0)
2025-11-20 13:02:11.938 [reactor-tcp-epoll-2] INFO  b.u.b.t.i.m.VehicleEventHandler - Handling VehiclePositionUpdated: VehiclePositionUpdatedEvent(vehicleId=33140137-b6cb-4e90-a82f-9ee9def26c58, deviceId=1216905576462897152, licensePlate=1345 AGG, routeNumber=28, latitude=37.880325, longitude=58.368318, speedKmh=61.0, isInMotion=true, positionTimestamp=2025-11-20T07:02:54, eventOccurredAt=2025-11-20T10:02:11.938068196Z, course=294.0)
2025-11-20 13:02:11.938 [reactor-tcp-epoll-1] INFO  b.u.b.t.i.m.VehicleEventHandler - Handling VehiclePositionUpdated: VehiclePositionUpdatedEvent(vehicleId=f60e8796-4e32-4c7d-bedc-93892e6b1d4e, deviceId=1204296726417199104, licensePlate=1282 AGH, routeNumber=14, latitude=37.900362, longitude=58.414276, speedKmh=30.0, isInMotion=true, positionTimestamp=2025-11-20T07:02:53, eventOccurredAt=2025-11-20T10:02:11.938133019Z, course=91.0)
2025-11-20 13:02:11.938 [reactor-tcp-epoll-2] INFO  b.u.b.t.i.m.VehicleEventHandler - Handling VehiclePositionUpdated: VehiclePositionUpdatedEvent(vehicleId=fd107892-fd5b-467f-aeaa-10fba257096c, deviceId=1216931728275492864, licensePlate=1382 AGG, routeNumber=46, latitude=37.893574, longitude=58.334764, speedKmh=31.0, isInMotion=true, positionTimestamp=2025-11-20T07:02:41, eventOccurredAt=2025-11-20T10:02:11.938314733Z, course=4.0)
2025-11-20 13:02:11.938 [reactor-tcp-epoll-1] INFO  b.u.b.t.i.m.VehicleEventHandler - Handling VehiclePositionUpdated: VehiclePositionUpdatedEvent(vehicleId=e32a4e35-b5a6-4efa-a1e7-902957afb216, deviceId=1212592207257804800, licensePlate=1522 AGG, routeNumber=28, latitude=38.040788, longitude=58.399217, speedKmh=0.0, isInMotion=false, positionTimestamp=2025-11-20T07:02:56, eventOccurredAt=2025-11-20T10:02:11.938412631Z, course=0.0)
2025-11-20 13:02:11.938 [reactor-tcp-epoll-2] INFO  b.u.b.t.i.m.VehicleEventHandler - Handling VehiclePositionUpdated: VehiclePositionUpdatedEvent(vehicleId=8943c0ab-1dc4-440f-846d-ae186f8394a4, deviceId=1209613564474773504, licensePlate=1948 AGH, routeNumber=73, latitude=38.029001, longitude=58.404631, speedKmh=0.0, isInMotion=false, positionTimestamp=2025-11-20T07:02:44, eventOccurredAt=2025-11-20T10:02:11.938562195Z, course=156.0)
2025-11-20 13:02:11.938 [reactor-tcp-epoll-2] INFO  b.u.b.t.i.m.VehicleEventHandler - Handling VehiclePositionUpdated: VehiclePositionUpdatedEvent(vehicleId=c73fd876-1469-4889-a299-bffdc987ff59, deviceId=1210781637168812032, licensePlate=1930 AGH, routeNumber=13, latitude=37.965881, longitude=58.378231, speedKmh=0.0, isInMotion=false, positionTimestamp=2025-11-20T07:02:44, eventOccurredAt=2025-11-20T10:02:11.938734982Z, course=39.0)
2025-11-20 13:02:11.938 [reactor-tcp-epoll-1] INFO  b.u.b.t.i.m.VehicleEventHandler - Handling VehiclePositionUpdated: VehiclePositionUpdatedEvent(vehicleId=fb23d308-8cc6-4757-b3cc-622635dc6036, deviceId=1202323228421476352, licensePlate=1289 AGH, routeNumber=1, latitude=37.965929, longitude=58.378109, speedKmh=0.0, isInMotion=false, positionTimestamp=2025-11-20T07:02:47, eventOccurredAt=2025-11-20T10:02:11.938632089Z, course=37.0)
2025-11-20 13:02:11.939 [reactor-tcp-epoll-1] INFO  b.u.b.t.i.m.VehicleEventHandler - Handling VehiclePositionUpdated: VehiclePositionUpdatedEvent(vehicleId=08aef5f4-adbb-4177-ae4e-259f3b79f3a0, deviceId=1210735022542376960, licensePlate=1516 AGG, routeNumber=33, latitude=37.978764, longitude=58.327445, speedKmh=0.0, isInMotion=false, positionTimestamp=2025-11-20T07:02:57, eventOccurredAt=2025-11-20T10:02:11.939177063Z, course=42.0)
2025-11-20 13:02:11.939 [reactor-tcp-epoll-2] INFO  b.u.b.t.i.m.VehicleEventHandler - Handling VehiclePositionUpdated: VehiclePositionUpdatedEvent(vehicleId=535046a2-3246-4e61-be4b-a9ebe07d33c6, deviceId=1201998880712118272, licensePlate=1230 AGH, routeNumber=14, latitude=37.941497, longitude=58.372528, speedKmh=0.0, isInMotion=false, positionTimestamp=2025-11-20T07:02:51, eventOccurredAt=2025-11-20T10:02:11.939256956Z, course=91.0)
2025-11-20 13:02:11.939 [reactor-tcp-epoll-1] INFO  b.u.b.t.i.m.VehicleEventHandler - Handling VehiclePositionUpdated: VehiclePositionUpdatedEvent(vehicleId=27f9747e-1580-48e6-86a1-421e6a4714ed, deviceId=1216906017313607680, licensePlate=1263 AGH, routeNumber=null, latitude=37.928545, longitude=58.36986, speedKmh=50.0, isInMotion=true, positionTimestamp=2025-11-20T07:02:58, eventOccurredAt=2025-11-20T10:02:11.939428993Z, course=145.0)
2025-11-20 13:02:11.939 [reactor-tcp-epoll-2] INFO  b.u.b.t.i.m.VehicleEventHandler - Handling VehiclePositionUpdated: VehiclePositionUpdatedEvent(vehicleId=7e9d2f06-2c1b-4d55-aa1e-2d79ef6bc814, deviceId=1203061757619425280, licensePlate=1292 AGH, routeNumber=14, latitude=37.891022, longitude=58.396289, speedKmh=53.0, isInMotion=true, positionTimestamp=2025-11-20T07:02:58, eventOccurredAt=2025-11-20T10:02:11.939517198Z, course=15.0)
2025-11-20 13:02:11.939 [reactor-tcp-epoll-2] INFO  b.u.b.t.i.m.VehicleEventHandler - Handling VehiclePositionUpdated: VehiclePositionUpdatedEvent(vehicleId=1e53fb7a-25b0-4530-b7b1-24c11f17bc98, deviceId=1211532333606457344, licensePlate=1506 AGG, routeNumber=70, latitude=37.91775, longitude=58.441657, speedKmh=0.0, isInMotion=false, positionTimestamp=2025-11-20T07:02:55, eventOccurredAt=2025-11-20T10:02:11.939757151Z, course=2.0)
2025-11-20 13:02:11.939 [reactor-tcp-epoll-1] INFO  b.u.b.t.i.m.VehicleEventHandler - Handling VehiclePositionUpdated: VehiclePositionUpdatedEvent(vehicleId=9102a49f-121f-42a6-becc-7812e66a711c, deviceId=1213195293848457216, licensePlate=1379 AGG, routeNumber=28, latitude=37.934121, longitude=58.387901, speedKmh=49.0, isInMotion=true, positionTimestamp=2025-11-20T07:02:43, eventOccurredAt=2025-11-20T10:02:11.939780079Z, course=206.0)
2025-11-20 13:02:11.940 [reactor-tcp-epoll-2] INFO  b.u.b.t.i.m.VehicleEventHandler - Handling VehiclePositionUpdated: VehiclePositionUpdatedEvent(vehicleId=154675a9-5169-441c-ae8e-f31a4cee781f, deviceId=1202330366850060288, licensePlate=1245 AGH, routeNumber=1, latitude=38.02942, longitude=58.404455, speedKmh=0.0, isInMotion=false, positionTimestamp=2025-11-20T07:02:46, eventOccurredAt=2025-11-20T10:02:11.940004238Z, course=253.0)
2025-11-20 13:02:11.940 [reactor-tcp-epoll-2] INFO  b.u.b.t.i.m.VehicleEventHandler - Handling VehiclePositionUpdated: VehiclePositionUpdatedEvent(vehicleId=e009a2a5-8a0e-4697-b485-6166ebb4ba5f, deviceId=1212549912089284608, licensePlate=1531 AGG, routeNumber=52, latitude=38.041809, longitude=58.399881, speedKmh=0.0, isInMotion=false, positionTimestamp=2025-11-20T07:02:56, eventOccurredAt=2025-11-20T10:02:11.940257018Z, course=0.0)
2025-11-20 13:02:11.940 [reactor-tcp-epoll-2] INFO  b.u.b.t.i.m.VehicleEventHandler - Handling VehiclePositionUpdated: VehiclePositionUpdatedEvent(vehicleId=03b9c7db-b42e-4ea2-aa82-31d40b976e80, deviceId=1209705505212289024, licensePlate=1659 AGG, routeNumber=null, latitude=37.934247, longitude=58.393165, speedKmh=0.0, isInMotion=false, positionTimestamp=2025-11-20T07:02:47, eventOccurredAt=2025-11-20T10:02:11.940535967Z, course=295.0)
2025-11-20 13:02:11.940 [reactor-tcp-epoll-2] INFO  b.u.b.t.i.m.VehicleEventHandler - Handling VehiclePositionUpdated: VehiclePositionUpdatedEvent(vehicleId=72621421-c3ad-4034-b25e-7222610d984b, deviceId=1208882599720865792, licensePlate=1244 AGH, routeNumber=null, latitude=37.915583, longitude=58.381725, speedKmh=6.0, isInMotion=true, positionTimestamp=2025-11-20T07:03, eventOccurredAt=2025-11-20T10:02:11.940762859Z, course=1.0)
2025-11-20 13:02:11.940 [reactor-tcp-epoll-1] INFO  b.u.b.t.i.m.VehicleEventHandler - Handling VehiclePositionUpdated: VehiclePositionUpdatedEvent(vehicleId=100d3284-8ab5-4d34-a710-54150fb5d847, deviceId=1211880267653009408, licensePlate=1604 AGG, routeNumber=90, latitude=37.949319, longitude=58.346883, speedKmh=30.0, isInMotion=true, positionTimestamp=2025-11-20T07:02:53, eventOccurredAt=2025-11-20T10:02:11.940724864Z, course=302.0)
2025-11-20 13:02:11.941 [reactor-tcp-epoll-2] INFO  b.u.b.t.i.m.VehicleEventHandler - Handling VehiclePositionUpdated: VehiclePositionUpdatedEvent(vehicleId=fb1228f0-8129-47d2-895b-ffc6da8cd9a4, deviceId=1212193385843216384, licensePlate=1966 AGH, routeNumber=35, latitude=38.028974, longitude=58.404588, speedKmh=0.0, isInMotion=false, positionTimestamp=2025-11-20T07:02:50, eventOccurredAt=2025-11-20T10:02:11.941064379Z, course=0.0)
2025-11-20 13:02:11.941 [reactor-tcp-epoll-1] INFO  b.u.b.t.i.m.VehicleEventHandler - Handling VehiclePositionUpdated: VehiclePositionUpdatedEvent(vehicleId=c979984c-9f67-4c3f-9a95-a1d5f275ce0b, deviceId=1216571737806950400, licensePlate=1439 AGG, routeNumber=null, latitude=37.978524, longitude=58.3274, speedKmh=0.0, isInMotion=false, positionTimestamp=2025-11-20T07:02:58, eventOccurredAt=2025-11-20T10:02:11.941201466Z, course=32.0)
2025-11-20 13:02:11.941 [reactor-tcp-epoll-2] INFO  b.u.b.t.i.m.VehicleEventHandler - Handling VehiclePositionUpdated: VehiclePositionUpdatedEvent(vehicleId=e3c393df-6214-4640-b9d0-5caf29d26b00, deviceId=1211038930393321472, licensePlate=1568 AGG, routeNumber=null, latitude=38.041535, longitude=58.399153, speedKmh=0.0, isInMotion=false, positionTimestamp=2025-11-20T06:14:22, eventOccurredAt=2025-11-20T10:02:11.941378998Z, course=0.0)
2025-11-20 13:02:11.941 [reactor-tcp-epoll-1] INFO  b.u.b.t.i.m.VehicleEventHandler - Handling VehiclePositionUpdated: VehiclePositionUpdatedEvent(vehicleId=e06970d5-33c1-4329-ab3c-b171280e0ba5, deviceId=1211389165921587200, licensePlate=1988 AGH, routeNumber=101, latitude=37.933267, longitude=58.394524, speedKmh=30.0, isInMotion=true, positionTimestamp=2025-11-20T07:02:47, eventOccurredAt=2025-11-20T10:02:11.941452353Z, course=154.0)
2025-11-20 13:02:11.941 [reactor-tcp-epoll-1] INFO  b.u.b.t.i.m.VehicleEventHandler - Handling VehiclePositionUpdated: VehiclePositionUpdatedEvent(vehicleId=499ddae9-75b7-421e-9260-afedf366a202, deviceId=1206339382471249920, licensePlate=1602 AGG, routeNumber=96, latitude=37.975241, longitude=58.33996, speedKmh=1.0, isInMotion=false, positionTimestamp=2025-11-20T07:02:47, eventOccurredAt=2025-11-20T10:02:11.941777116Z, course=32.0)
2025-11-20 13:02:11.941 [reactor-tcp-epoll-2] INFO  b.u.b.t.i.m.VehicleEventHandler - Handling VehiclePositionUpdated: VehiclePositionUpdatedEvent(vehicleId=8337405e-869d-4c91-b58d-580f6656650b, deviceId=1203529830893834240, licensePlate=1380 AGG, routeNumber=6, latitude=37.962139, longitude=58.416541, speedKmh=51.0, isInMotion=true, positionTimestamp=2025-11-20T07:02:58, eventOccurredAt=2025-11-20T10:02:11.941964609Z, course=285.0)
2025-11-20 13:02:11.942 [reactor-tcp-epoll-1] INFO  b.u.b.t.i.m.VehicleEventHandler - Handling VehiclePositionUpdated: VehiclePositionUpdatedEvent(vehicleId=5df06204-865d-4a5f-8817-798ea5272c36, deviceId=1208198935450177536, licensePlate=1343 AGH, routeNumber=110, latitude=37.916985, longitude=58.441403, speedKmh=0.0, isInMotion=false, positionTimestamp=2025-11-20T06:22:36, eventOccurredAt=2025-11-20T10:02:11.942089238Z, course=101.0)
2025-11-20 13:02:11.942 [reactor-tcp-epoll-2] INFO  b.u.b.t.i.m.VehicleEventHandler - Handling VehiclePositionUpdated: VehiclePositionUpdatedEvent(vehicleId=2891d690-7f37-433f-bc0a-fa986af7e415, deviceId=1206670049960742912, licensePlate=1288 AGH, routeNumber=null, latitude=38.040224, longitude=58.401493, speedKmh=0.0, isInMotion=false, positionTimestamp=2025-11-20T07:02:57, eventOccurredAt=2025-11-20T10:02:11.942193232Z, course=0.0)
2025-11-20 13:02:11.942 [reactor-tcp-epoll-1] INFO  b.u.b.t.i.m.VehicleEventHandler - Handling VehiclePositionUpdated: VehiclePositionUpdatedEvent(vehicleId=60782ac2-fe97-4e77-b49a-83f165695b4e, deviceId=1216131382317895680, licensePlate=1362 AGG, routeNumber=28, latitude=37.918728, longitude=58.38939, speedKmh=57.0, isInMotion=true, positionTimestamp=2025-11-20T07:02:53, eventOccurredAt=2025-11-20T10:02:11.942347571Z, course=344.0)
2025-11-20 13:02:11.942 [reactor-tcp-epoll-2] INFO  b.u.b.t.i.m.VehicleEventHandler - Handling VehiclePositionUpdated: VehiclePositionUpdatedEvent(vehicleId=659e4f37-6743-4f0d-b37f-eafcd050d275, deviceId=1182884945270624256, licensePlate=1556 AGG, routeNumber=null, latitude=38.039076, longitude=58.401726, speedKmh=0.0, isInMotion=false, positionTimestamp=2025-11-20T07:00:25, eventOccurredAt=2025-11-20T10:02:11.942360353Z, course=159.0)
2025-11-20 13:02:11.942 [reactor-tcp-epoll-2] INFO  b.u.b.t.i.m.VehicleEventHandler - Handling VehiclePositionUpdated: VehiclePositionUpdatedEvent(vehicleId=85da4748-8ca5-4ee6-bfe0-50aa34e9c76f, deviceId=1217300678221975552, licensePlate=1409 AGG, routeNumber=38, latitude=37.944512, longitude=58.383421, speedKmh=57.0, isInMotion=true, positionTimestamp=2025-11-20T07:02:57, eventOccurredAt=2025-11-20T10:02:11.942547769Z, course=123.0)
2025-11-20 13:02:11.942 [reactor-tcp-epoll-1] INFO  b.u.b.t.i.m.VehicleEventHandler - Handling VehiclePositionUpdated: VehiclePositionUpdatedEvent(vehicleId=7320f79f-ad53-4fd4-a28b-42f4d8fed1b2, deviceId=1211500285869117440, licensePlate=1920 AGH, routeNumber=113, latitude=37.935968, longitude=58.431777, speedKmh=45.0, isInMotion=true, positionTimestamp=2025-11-20T07:02:46, eventOccurredAt=2025-11-20T10:02:11.942634961Z, course=125.0)
2025-11-20 13:02:11.942 [reactor-tcp-epoll-2] INFO  b.u.b.t.i.m.VehicleEventHandler - Handling VehiclePositionUpdated: VehiclePositionUpdatedEvent(vehicleId=ab2becaf-2085-40e2-a041-75420ec738d0, deviceId=1202006863084998656, licensePlate=1227 AGH, routeNumber=null, latitude=37.939477, longitude=58.39267, speedKmh=3.0, isInMotion=true, positionTimestamp=2025-11-20T07:02:45, eventOccurredAt=2025-11-20T10:02:11.942711831Z, course=27.0)
2025-11-20 13:02:11.942 [reactor-tcp-epoll-2] INFO  b.u.b.t.i.m.VehicleEventHandler - Handling VehiclePositionUpdated: VehiclePositionUpdatedEvent(vehicleId=6a96e74a-dae8-4113-8001-21e6cd0bae61, deviceId=1211852111730659328, licensePlate=1938 AGH, routeNumber=35, latitude=37.976532, longitude=58.32643, speedKmh=29.0, isInMotion=true, positionTimestamp=2025-11-20T07:02:42, eventOccurredAt=2025-11-20T10:02:11.942872951Z, course=216.0)
2025-11-20 13:02:11.942 [reactor-tcp-epoll-1] INFO  b.u.b.t.i.m.VehicleEventHandler - Handling VehiclePositionUpdated: VehiclePositionUpdatedEvent(vehicleId=1fda9b99-7710-48e4-a80e-c9602655af2e, deviceId=1209668019400429568, licensePlate=1935 AGH, routeNumber=101, latitude=37.973445, longitude=58.34835, speedKmh=58.0, isInMotion=true, positionTimestamp=2025-11-20T07:03, eventOccurredAt=2025-11-20T10:02:11.942880123Z, course=313.0)
2025-11-20 13:02:11.943 [reactor-tcp-epoll-1] INFO  b.u.b.t.i.m.VehicleEventHandler - Handling VehiclePositionUpdated: VehiclePositionUpdatedEvent(vehicleId=50d5484d-1b15-42d3-8fb3-6f65382e51a3, deviceId=1211061397530824704, licensePlate=1909 AGH, routeNumber=110, latitude=38.039609, longitude=58.399774, speedKmh=0.0, isInMotion=false, positionTimestamp=2025-11-20T07:02:45, eventOccurredAt=2025-11-20T10:02:11.943053880Z, course=344.0)
2025-11-20 13:02:11.943 [reactor-tcp-epoll-2] INFO  b.u.b.t.i.m.VehicleEventHandler - Handling VehiclePositionUpdated: VehiclePositionUpdatedEvent(vehicleId=9ca88c06-65c9-49f3-8762-cd20399d7191, deviceId=1210735665260744704, licensePlate=1936 AGH, routeNumber=73, latitude=37.945516, longitude=58.361839, speedKmh=11.0, isInMotion=true, positionTimestamp=2025-11-20T07:02:54, eventOccurredAt=2025-11-20T10:02:11.943062191Z, course=283.0)
2025-11-20 13:02:11.943 [reactor-tcp-epoll-2] INFO  b.u.b.t.i.m.VehicleEventHandler - Handling VehiclePositionUpdated: VehiclePositionUpdatedEvent(vehicleId=73b1f131-a6d6-4019-ad9b-78c4cf9b922b, deviceId=1211500887261007872, licensePlate=1547 AGG, routeNumber=null, latitude=37.880909, longitude=58.284835, speedKmh=46.0, isInMotion=true, positionTimestamp=2025-11-20T07:02:54, eventOccurredAt=2025-11-20T10:02:11.943227351Z, course=8.0)
2025-11-20 13:02:11.943 [reactor-tcp-epoll-1] INFO  b.u.b.t.i.m.VehicleEventHandler - Handling VehiclePositionUpdated: VehiclePositionUpdatedEvent(vehicleId=f27f15a7-0b2e-4b96-a007-3b59150a2feb, deviceId=1211114618278334464, licensePlate=1565 AGG, routeNumber=null, latitude=37.978473, longitude=58.327008, speedKmh=0.0, isInMotion=false, positionTimestamp=2025-11-20T07:02:58, eventOccurredAt=2025-11-20T10:02:11.943234279Z, course=32.0)
2025-11-20 13:02:11.943 [reactor-tcp-epoll-2] INFO  b.u.b.t.i.m.VehicleEventHandler - Handling VehiclePositionUpdated: VehiclePositionUpdatedEvent(vehicleId=98b7db62-c370-4d82-b041-abc3d57edeed, deviceId=1216486836801851392, licensePlate=1375 AGG, routeNumber=77, latitude=37.905152, longitude=58.423369, speedKmh=27.0, isInMotion=true, positionTimestamp=2025-11-20T07:02:58, eventOccurredAt=2025-11-20T10:02:11.943392360Z, course=174.0)
2025-11-20 13:02:11.943 [reactor-tcp-epoll-1] INFO  b.u.b.t.i.m.VehicleEventHandler - Handling VehiclePositionUpdated: VehiclePositionUpdatedEvent(vehicleId=b29909dc-3ba3-4074-b4b1-57c253b1af73, deviceId=1216571220670238720, licensePlate=1410 AGG, routeNumber=39, latitude=37.917521, longitude=58.441896, speedKmh=0.0, isInMotion=false, positionTimestamp=2025-11-20T07:02:43, eventOccurredAt=2025-11-20T10:02:11.943414367Z, course=10.0)
2025-11-20 13:02:11.943 [reactor-tcp-epoll-1] INFO  b.u.b.t.i.m.VehicleEventHandler - Handling VehiclePositionUpdated: VehiclePositionUpdatedEvent(vehicleId=debdd937-a4f2-4ef8-b467-98fb0e39c4b8, deviceId=1210732162668777472, licensePlate=1982 AGH, routeNumber=29, latitude=37.917421, longitude=58.441453, speedKmh=0.0, isInMotion=false, positionTimestamp=2025-11-20T07:02:52, eventOccurredAt=2025-11-20T10:02:11.943581949Z, course=112.0)
2025-11-20 13:02:11.943 [reactor-tcp-epoll-2] INFO  b.u.b.t.i.m.VehicleEventHandler - Handling VehiclePositionUpdated: VehiclePositionUpdatedEvent(vehicleId=de924593-1d35-4b72-a978-a4cb157d022b, deviceId=1217314279498403840, licensePlate=1372 AGG, routeNumber=6, latitude=37.915686, longitude=58.397802, speedKmh=0.0, isInMotion=false, positionTimestamp=2025-11-20T07:02:58, eventOccurredAt=2025-11-20T10:02:11.943649641Z, course=168.0)
2025-11-20 13:02:11.944 [reactor-tcp-epoll-1] INFO  b.u.b.t.i.m.VehicleEventHandler - Handling VehiclePositionUpdated: VehiclePositionUpdatedEvent(vehicleId=6115cc47-9d39-46e8-a9ba-cd6ad17a43ec, deviceId=1208602326676492288, licensePlate=1278 AGH, routeNumber=14, latitude=37.946322, longitude=58.353897, speedKmh=45.0, isInMotion=true, positionTimestamp=2025-11-20T07:02:55, eventOccurredAt=2025-11-20T10:02:11.944112587Z, course=114.0)
2025-11-20 13:02:11.944 [reactor-tcp-epoll-2] INFO  b.u.b.t.i.m.VehicleEventHandler - Handling VehiclePositionUpdated: VehiclePositionUpdatedEvent(vehicleId=ac0d4e92-daea-497d-9ebc-39d2b49d9f0a, deviceId=1211050011224395776, licensePlate=1399 AGG, routeNumber=3, latitude=38.039564, longitude=58.400768, speedKmh=0.0, isInMotion=false, positionTimestamp=2025-11-20T07:02:55, eventOccurredAt=2025-11-20T10:02:11.944099480Z, course=0.0)
2025-11-20 13:02:11.944 [reactor-tcp-epoll-1] INFO  b.u.b.t.i.m.VehicleEventHandler - Handling VehiclePositionUpdated: VehiclePositionUpdatedEvent(vehicleId=597ed7fe-1429-4b2e-9457-465bb58b24d7, deviceId=1216488046153912320, licensePlate=1369 AGG, routeNumber=31, latitude=37.920505, longitude=58.395541, speedKmh=30.0, isInMotion=true, positionTimestamp=2025-11-20T07:02:57, eventOccurredAt=2025-11-20T10:02:11.944378996Z, course=112.0)
2025-11-20 13:02:11.944 [reactor-tcp-epoll-2] INFO  b.u.b.t.i.m.VehicleEventHandler - Handling VehiclePositionUpdated: VehiclePositionUpdatedEvent(vehicleId=18338170-22c7-4d3a-beef-36f4db81c0f9, deviceId=1208281381407510528, licensePlate=1299 AGH, routeNumber=14, latitude=37.978589, longitude=58.327809, speedKmh=0.0, isInMotion=false, positionTimestamp=2025-11-20T07:02:59, eventOccurredAt=2025-11-20T10:02:11.944406020Z, course=34.0)
2025-11-20 13:02:11.944 [reactor-tcp-epoll-1] INFO  b.u.b.t.i.m.VehicleEventHandler - Handling VehiclePositionUpdated: VehiclePositionUpdatedEvent(vehicleId=ad7c7e26-9182-44a5-9db2-bd333fca8944, deviceId=1211499625488535552, licensePlate=1993 AGH, routeNumber=73, latitude=37.905012, longitude=58.40591, speedKmh=57.0, isInMotion=true, positionTimestamp=2025-11-20T07:02:47, eventOccurredAt=2025-11-20T10:02:11.944563333Z, course=1.0)
2025-11-20 13:02:11.944 [reactor-tcp-epoll-2] INFO  b.u.b.t.i.m.VehicleEventHandler - Handling VehiclePositionUpdated: VehiclePositionUpdatedEvent(vehicleId=76d1a027-5063-4cda-9cb6-03db3d635165, deviceId=1206405997581783040, licensePlate=1633 AGG, routeNumber=null, latitude=37.917957, longitude=58.441191, speedKmh=0.0, isInMotion=false, positionTimestamp=2025-11-20T07:03, eventOccurredAt=2025-11-20T10:02:11.944579589Z, course=319.0)
2025-11-20 13:02:11.944 [reactor-tcp-epoll-1] INFO  b.u.b.t.i.m.VehicleEventHandler - Handling VehiclePositionUpdated: VehiclePositionUpdatedEvent(vehicleId=a1ca5df6-a685-418a-9725-676ed2c31369, deviceId=1205962795800285184, licensePlate=1373 AGG, routeNumber=77, latitude=37.944413, longitude=58.365645, speedKmh=0.0, isInMotion=false, positionTimestamp=2025-11-20T07:02:41, eventOccurredAt=2025-11-20T10:02:11.944769328Z, course=194.0)
2025-11-20 13:02:11.944 [reactor-tcp-epoll-2] INFO  b.u.b.t.i.m.VehicleEventHandler - Handling VehiclePositionUpdated: VehiclePositionUpdatedEvent(vehicleId=9087db8d-06f5-4f28-8df4-1d91f9d30c98, deviceId=1209972034881409024, licensePlate=1583 AGG, routeNumber=52, latitude=37.917937, longitude=58.441653, speedKmh=0.0, isInMotion=false, positionTimestamp=2025-11-20T07:03, eventOccurredAt=2025-11-20T10:02:11.944787717Z, course=258.0)
2025-11-20 13:02:11.944 [reactor-tcp-epoll-1] INFO  b.u.b.t.i.m.VehicleEventHandler - Handling VehiclePositionUpdated: VehiclePositionUpdatedEvent(vehicleId=5b4dbe2c-4ba1-4274-9f94-4d241504cb9b, deviceId=1211400002765803520, licensePlate=1599 AGG, routeNumber=null, latitude=37.952186, longitude=58.337701, speedKmh=0.0, isInMotion=false, positionTimestamp=2025-11-20T07:02:51, eventOccurredAt=2025-11-20T10:02:11.944936893Z, course=99.0)
2025-11-20 13:02:11.944 [reactor-tcp-epoll-2] INFO  b.u.b.t.i.m.VehicleEventHandler - Handling VehiclePositionUpdated: VehiclePositionUpdatedEvent(vehicleId=25bdf3aa-162d-4680-82c1-314006c6a8c2, deviceId=1216574704299757568, licensePlate=1429 AGG, routeNumber=97, latitude=37.910574, longitude=58.386541, speedKmh=64.0, isInMotion=true, positionTimestamp=2025-11-20T07:02:52, eventOccurredAt=2025-11-20T10:02:11.944947090Z, course=275.0)
2025-11-20 13:02:11.945 [reactor-tcp-epoll-1] INFO  b.u.b.t.i.m.VehicleEventHandler - Handling VehiclePositionUpdated: VehiclePositionUpdatedEvent(vehicleId=8c417ae3-d62b-4bdd-8244-334d7f118c64, deviceId=1208876358999166976, licensePlate=1246 AGH, routeNumber=null, latitude=37.949959, longitude=58.409146, speedKmh=1.0, isInMotion=false, positionTimestamp=2025-11-20T07:02:55, eventOccurredAt=2025-11-20T10:02:11.945079616Z, course=216.0)
2025-11-20 13:02:11.945 [reactor-tcp-epoll-2] INFO  b.u.b.t.i.m.VehicleEventHandler - Handling VehiclePositionUpdated: VehiclePositionUpdatedEvent(vehicleId=8b923b15-7641-4985-b386-f4d19f060a07, deviceId=1211135674099650560, licensePlate=1905 AGH, routeNumber=19, latitude=37.978766, longitude=58.379264, speedKmh=52.0, isInMotion=true, positionTimestamp=2025-11-20T07:03, eventOccurredAt=2025-11-20T10:02:11.945081880Z, course=299.0)
2025-11-20 13:02:11.945 [reactor-tcp-epoll-2] INFO  b.u.b.t.i.m.VehicleEventHandler - Handling VehiclePositionUpdated: VehiclePositionUpdatedEvent(vehicleId=eee30da0-d65c-4ec7-b05e-8e449353e67f, deviceId=1211426828619829248, licensePlate=1560 AGG, routeNumber=77, latitude=37.942474, longitude=58.36404, speedKmh=74.0, isInMotion=true, positionTimestamp=2025-11-20T07:02:42, eventOccurredAt=2025-11-20T10:02:11.945521143Z, course=100.0)
2025-11-20 13:02:11.945 [reactor-tcp-epoll-1] INFO  b.u.b.t.i.m.VehicleEventHandler - Handling VehiclePositionUpdated: VehiclePositionUpdatedEvent(vehicleId=3e886240-25c6-47bb-8396-adcdfb46d2a0, deviceId=1210774528733696000, licensePlate=1543 AGG, routeNumber=31, latitude=37.94555, longitude=58.36161, speedKmh=0.0, isInMotion=false, positionTimestamp=2025-11-20T07:03, eventOccurredAt=2025-11-20T10:02:11.945415987Z, course=282.0)
2025-11-20 13:02:11.945 [reactor-tcp-epoll-2] INFO  b.u.b.t.i.m.VehicleEventHandler - Handling VehiclePositionUpdated: VehiclePositionUpdatedEvent(vehicleId=d3e49baa-25b2-449b-9555-ab2649c2fb8a, deviceId=1216904594349838336, licensePlate=1498 AGG, routeNumber=31, latitude=37.938398, longitude=58.427756, speedKmh=0.0, isInMotion=false, positionTimestamp=2025-11-20T07:02:45, eventOccurredAt=2025-11-20T10:02:11.945769962Z, course=304.0)
2025-11-20 13:02:11.945 [reactor-tcp-epoll-1] INFO  b.u.b.t.i.m.VehicleEventHandler - Handling VehiclePositionUpdated: VehiclePositionUpdatedEvent(vehicleId=2089880c-66a0-4153-92c0-7f731c4610fa, deviceId=1212609662541844480, licensePlate=1525 AGG, routeNumber=53, latitude=37.91805, longitude=58.442212, speedKmh=0.0, isInMotion=false, positionTimestamp=2025-11-20T07:02:42, eventOccurredAt=2025-11-20T10:02:11.945758505Z, course=6.0)
2025-11-20 13:02:11.945 [reactor-tcp-epoll-2] INFO  b.u.b.t.i.m.VehicleEventHandler - Handling VehiclePositionUpdated: VehiclePositionUpdatedEvent(vehicleId=e620c052-e452-4fc9-80a2-e8be71c873a0, deviceId=1211019322340888576, licensePlate=1572 AGG, routeNumber=17, latitude=37.885202, longitude=58.406152, speedKmh=0.0, isInMotion=false, positionTimestamp=2025-11-20T07:02:53, eventOccurredAt=2025-11-20T10:02:11.945949571Z, course=272.0)
2025-11-20 13:02:11.946 [reactor-tcp-epoll-2] INFO  b.u.b.t.i.m.VehicleEventHandler - Handling VehiclePositionUpdated: VehiclePositionUpdatedEvent(vehicleId=52d910a7-64d3-405a-baaa-89efef243304, deviceId=1199917744758411264, licensePlate=1336 AGH, routeNumber=113, latitude=38.039705, longitude=58.400021, speedKmh=0.0, isInMotion=false, positionTimestamp=2025-11-20T07:02:49, eventOccurredAt=2025-11-20T10:02:11.946091142Z, course=341.0)
2025-11-20 13:02:11.946 [reactor-tcp-epoll-1] INFO  b.u.b.t.i.m.VehicleEventHandler - Handling VehiclePositionUpdated: VehiclePositionUpdatedEvent(vehicleId=bf8a2afc-86f0-46e0-8cad-0a93e82af454, deviceId=1205945273105469440, licensePlate=1273 AGH, routeNumber=36, latitude=37.985955, longitude=58.40633, speedKmh=0.0, isInMotion=false, positionTimestamp=2025-11-20T07:02:54, eventOccurredAt=2025-11-20T10:02:11.946081774Z, course=41.0)
2025-11-20 13:02:11.946 [reactor-tcp-epoll-2] INFO  b.u.b.t.i.m.VehicleEventHandler - Handling VehiclePositionUpdated: VehiclePositionUpdatedEvent(vehicleId=62e4dcc2-8c6f-4c33-8192-f87f5a5ae444, deviceId=1212607959180464128, licensePlate=1507 AGG, routeNumber=32, latitude=38.041969, longitude=58.399485, speedKmh=0.0, isInMotion=false, positionTimestamp=2025-11-20T07:02:57, eventOccurredAt=2025-11-20T10:02:11.946247079Z, course=0.0)
2025-11-20 13:02:11.946 [reactor-tcp-epoll-1] INFO  b.u.b.t.i.m.VehicleEventHandler - Handling VehiclePositionUpdated: VehiclePositionUpdatedEvent(vehicleId=9c407b3e-8b41-444c-a853-3f90a8d29c3b, deviceId=1206676240967356416, licensePlate=1349 AGG, routeNumber=30, latitude=37.978583, longitude=58.327343, speedKmh=0.0, isInMotion=false, positionTimestamp=2025-11-20T07:02:57, eventOccurredAt=2025-11-20T10:02:11.946249927Z, course=33.0)
2025-11-20 13:02:11.946 [reactor-tcp-epoll-2] INFO  b.u.b.t.i.m.VehicleEventHandler - Handling VehiclePositionUpdated: VehiclePositionUpdatedEvent(vehicleId=151353ca-c9c2-4909-a0b6-27cbaf862e53, deviceId=1216816291323793408, licensePlate=1413 AGG, routeNumber=96, latitude=37.915819, longitude=58.374759, speedKmh=0.0, isInMotion=false, positionTimestamp=2025-11-20T07:02:44, eventOccurredAt=2025-11-20T10:02:11.946400122Z, course=287.0)
2025-11-20 13:02:11.946 [reactor-tcp-epoll-2] INFO  b.u.b.t.i.m.VehicleEventHandler - Handling VehiclePositionUpdated: VehiclePositionUpdatedEvent(vehicleId=b6e97a64-a781-4c23-8df3-a9ad0279e57f, deviceId=1212152112981692416, licensePlate=1533 AGG, routeNumber=70, latitude=37.924597, longitude=58.379083, speedKmh=0.0, isInMotion=false, positionTimestamp=2025-11-20T07:02:52, eventOccurredAt=2025-11-20T10:02:11.946684313Z, course=284.0)
2025-11-20 13:02:11.946 [reactor-tcp-epoll-1] INFO  b.u.b.t.i.m.VehicleEventHandler - Handling VehiclePositionUpdated: VehiclePositionUpdatedEvent(vehicleId=34947a83-8a5e-48c9-9cc4-a1d4d68796b1, deviceId=1211530699249766400, licensePlate=1548 AGG, routeNumber=33, latitude=37.915186, longitude=58.38978, speedKmh=6.0, isInMotion=true, positionTimestamp=2025-11-20T07:02:49, eventOccurredAt=2025-11-20T10:02:11.946794856Z, course=1.0)
2025-11-20 13:02:11.947 [reactor-tcp-epoll-1] INFO  b.u.b.t.i.m.VehicleEventHandler - Handling VehiclePositionUpdated: VehiclePositionUpdatedEvent(vehicleId=0c234f9a-ba32-428d-89c5-fb91cb16ed09, deviceId=1209581658395856896, licensePlate=1526 AGG, routeNumber=null, latitude=37.95253, longitude=58.336415, speedKmh=2.0, isInMotion=true, positionTimestamp=2025-11-20T07:02:55, eventOccurredAt=2025-11-20T10:02:11.947312638Z, course=276.0)
2025-11-20 13:02:11.947 [reactor-tcp-epoll-2] INFO  b.u.b.t.i.m.VehicleEventHandler - Handling VehiclePositionUpdated: VehiclePositionUpdatedEvent(vehicleId=13535036-87ec-4de8-90a8-677127107f81, deviceId=1211786567841173504, licensePlate=1593 AGG, routeNumber=89, latitude=37.960009, longitude=58.325436, speedKmh=0.0, isInMotion=false, positionTimestamp=2025-11-20T07:03, eventOccurredAt=2025-11-20T10:02:11.947450020Z, course=34.0)
2025-11-20 13:02:11.947 [reactor-tcp-epoll-1] INFO  b.u.b.t.i.m.VehicleEventHandler - Handling VehiclePositionUpdated: VehiclePositionUpdatedEvent(vehicleId=87237848-d40f-461c-b1ac-922de1c51cea, deviceId=1217302061205639168, licensePlate=1381 AGG, routeNumber=null, latitude=37.910107, longitude=58.423053, speedKmh=33.0, isInMotion=true, positionTimestamp=2025-11-20T07:02:49, eventOccurredAt=2025-11-20T10:02:11.947566004Z, course=260.0)
2025-11-20 13:02:11.947 [reactor-tcp-epoll-2] INFO  b.u.b.t.i.m.VehicleEventHandler - Handling VehiclePositionUpdated: VehiclePositionUpdatedEvent(vehicleId=ade99a58-af61-4f05-97ef-fc6ef7561e0b, deviceId=1209601854158360576, licensePlate=1567 AGG, routeNumber=47, latitude=37.982913, longitude=58.402009, speedKmh=49.0, isInMotion=true, positionTimestamp=2025-11-20T07:02:53, eventOccurredAt=2025-11-20T10:02:11.947655651Z, course=225.0)
2025-11-20 13:02:11.947 [reactor-tcp-epoll-1] INFO  b.u.b.t.i.m.VehicleEventHandler - Handling VehiclePositionUpdated: VehiclePositionUpdatedEvent(vehicleId=4c7011d1-23cf-4cb2-9df3-bbdd4856a504, deviceId=1217194664206225408, licensePlate=1346 AGG, routeNumber=46, latitude=38.039997, longitude=58.40264, speedKmh=0.0, isInMotion=false, positionTimestamp=2025-11-20T07:03, eventOccurredAt=2025-11-20T10:02:11.947800548Z, course=247.0)
2025-11-20 13:02:11.947 [reactor-tcp-epoll-2] INFO  b.u.b.t.i.m.VehicleEventHandler - Handling VehiclePositionUpdated: VehiclePositionUpdatedEvent(vehicleId=baf4fdac-598e-4b11-8cd2-04fc9ec14436, deviceId=1206407257458429952, licensePlate=1603 AGG, routeNumber=17, latitude=38.041481, longitude=58.400311, speedKmh=0.0, isInMotion=false, positionTimestamp=2025-11-20T07:02:57, eventOccurredAt=2025-11-20T10:02:11.947909066Z, course=0.0)
2025-11-20 13:02:11.947 [reactor-tcp-epoll-1] INFO  b.u.b.t.i.m.VehicleEventHandler - Handling VehiclePositionUpdated: VehiclePositionUpdatedEvent(vehicleId=5a361a41-e86d-4909-9f13-105cb59d53e0, deviceId=1212105330251747328, licensePlate=1698 AGG, routeNumber=62, latitude=38.038944, longitude=58.401685, speedKmh=0.0, isInMotion=false, positionTimestamp=2025-11-20T07:02:56, eventOccurredAt=2025-11-20T10:02:11.947959871Z, course=156.0)
2025-11-20 13:02:11.948 [reactor-tcp-epoll-2] INFO  b.u.b.t.i.m.VehicleEventHandler - Handling VehiclePositionUpdated: VehiclePositionUpdatedEvent(vehicleId=3c4f46db-ee87-4891-bf39-8e660b2602b9, deviceId=1210008827202850816, licensePlate=1518 AGG, routeNumber=11, latitude=37.920053, longitude=58.388677, speedKmh=0.0, isInMotion=false, positionTimestamp=2025-11-20T07:02:53, eventOccurredAt=2025-11-20T10:02:11.948121277Z, course=161.0)
2025-11-20 13:02:11.948 [reactor-tcp-epoll-1] INFO  b.u.b.t.i.m.VehicleEventHandler - Handling VehiclePositionUpdated: VehiclePositionUpdatedEvent(vehicleId=92c4825c-760c-4d17-9a81-fb3e6c75076e, deviceId=1208152611103133696, licensePlate=1320 AGG, routeNumber=28, latitude=37.910277, longitude=58.391598, speedKmh=0.0, isInMotion=false, positionTimestamp=2025-11-20T07:02:46, eventOccurredAt=2025-11-20T10:02:11.948354311Z, course=86.0)
2025-11-20 13:02:11.948 [reactor-tcp-epoll-2] INFO  b.u.b.t.i.m.VehicleEventHandler - Handling VehiclePositionUpdated: VehiclePositionUpdatedEvent(vehicleId=c6f55e00-febb-4004-a5af-2366674890bb, deviceId=1218664994871398400, licensePlate=1667 AGG, routeNumber=62, latitude=37.976699, longitude=58.434652, speedKmh=0.0, isInMotion=false, positionTimestamp=2025-11-20T07:02:59, eventOccurredAt=2025-11-20T10:02:11.948313806Z, course=191.0)
2025-11-20 13:02:11.948 [reactor-tcp-epoll-1] INFO  b.u.b.t.i.m.VehicleEventHandler - Handling VehiclePositionUpdated: VehiclePositionUpdatedEvent(vehicleId=5d5ad3ac-fd5a-4014-ae06-db79fa7b889e, deviceId=1203813838936559616, licensePlate=1226 AGH, routeNumber=36, latitude=37.944016, longitude=58.404483, speedKmh=33.0, isInMotion=true, positionTimestamp=2025-11-20T07:02:56, eventOccurredAt=2025-11-20T10:02:11.948568834Z, course=31.0)
2025-11-20 13:02:11.948 [reactor-tcp-epoll-2] INFO  b.u.b.t.i.m.VehicleEventHandler - Handling VehiclePositionUpdated: VehiclePositionUpdatedEvent(vehicleId=e8d9a760-0c00-413c-819b-ae607ec729a0, deviceId=1202438392198156288, licensePlate=1225 AGH, routeNumber=14, latitude=37.898387, longitude=58.423464, speedKmh=0.0, isInMotion=false, positionTimestamp=2025-11-20T07:03, eventOccurredAt=2025-11-20T10:02:11.948949433Z, course=359.0)
2025-11-20 13:02:11.949 [reactor-tcp-epoll-1] INFO  b.u.b.t.i.m.VehicleEventHandler - Handling VehiclePositionUpdated: VehiclePositionUpdatedEvent(vehicleId=229c862f-71d5-4956-9deb-406938e4c2fd, deviceId=1212188977155756032, licensePlate=1949 AGH, routeNumber=29, latitude=37.956892, longitude=58.359992, speedKmh=0.0, isInMotion=false, positionTimestamp=2025-11-20T07:02:44, eventOccurredAt=2025-11-20T10:02:11.949225396Z, course=122.0)
2025-11-20 13:02:11.949 [reactor-tcp-epoll-2] INFO  b.u.b.t.i.m.VehicleEventHandler - Handling VehiclePositionUpdated: VehiclePositionUpdatedEvent(vehicleId=1d0d6137-4ded-4eba-aef1-bdf4d40a651a, deviceId=1206031060073402368, licensePlate=1265 AGH, routeNumber=null, latitude=37.877527, longitude=58.448307, speedKmh=71.0, isInMotion=true, positionTimestamp=2025-11-20T07:02:57, eventOccurredAt=2025-11-20T10:02:11.949231060Z, course=272.0)
2025-11-20 13:02:11.949 [reactor-tcp-epoll-1] INFO  b.u.b.t.i.m.VehicleEventHandler - Handling VehiclePositionUpdated: VehiclePositionUpdatedEvent(vehicleId=8f11376b-4da1-40d9-85cd-89490243ec1c, deviceId=1203523867386269696, licensePlate=1262 AGH, routeNumber=14, latitude=37.886886, longitude=58.405605, speedKmh=0.0, isInMotion=false, positionTimestamp=2025-11-20T07:02:41, eventOccurredAt=2025-11-20T10:02:11.949435682Z, course=20.0)
2025-11-20 13:02:11.949 [reactor-tcp-epoll-2] INFO  b.u.b.t.i.m.VehicleEventHandler - Handling VehiclePositionUpdated: VehiclePositionUpdatedEvent(vehicleId=2e7f0fd8-9479-430f-9326-5cf87552e818, deviceId=1212481377149341696, licensePlate=1903 AGH, routeNumber=20, latitude=37.87955, longitude=58.377361, speedKmh=45.0, isInMotion=true, positionTimestamp=2025-11-20T07:02:43, eventOccurredAt=2025-11-20T10:02:11.949466156Z, course=303.0)
2025-11-20 13:02:11.949 [reactor-tcp-epoll-1] INFO  b.u.b.t.i.m.VehicleEventHandler - Handling VehiclePositionUpdated: VehiclePositionUpdatedEvent(vehicleId=5d4f73d2-382e-4829-a3e6-b891d642d257, deviceId=1209972571144146944, licensePlate=1503 AGG, routeNumber=null, latitude=37.978002, longitude=58.320379, speedKmh=3.0, isInMotion=true, positionTimestamp=2025-11-20T07:02:57, eventOccurredAt=2025-11-20T10:02:11.949626011Z, course=31.0)
2025-11-20 13:02:11.949 [reactor-tcp-epoll-2] INFO  b.u.b.t.i.m.VehicleEventHandler - Handling VehiclePositionUpdated: VehiclePositionUpdatedEvent(vehicleId=29dbce43-a9e9-47fa-94dd-f63f8c45a65f, deviceId=1216468597749272576, licensePlate=1316 AGH, routeNumber=19, latitude=37.918661, longitude=58.414034, speedKmh=2.0, isInMotion=true, positionTimestamp=2025-11-20T07:02:55, eventOccurredAt=2025-11-20T10:02:11.949623773Z, course=270.0)
2025-11-20 13:02:11.950 [reactor-tcp-epoll-2] INFO  b.u.b.t.i.m.VehicleEventHandler - Handling VehiclePositionUpdated: VehiclePositionUpdatedEvent(vehicleId=9e45a000-6055-4ea3-8165-1fc1a44a0275, deviceId=1217194067109302272, licensePlate=1378 AGG, routeNumber=31, latitude=37.975442, longitude=58.319707, speedKmh=41.0, isInMotion=true, positionTimestamp=2025-11-20T07:02:51, eventOccurredAt=2025-11-20T10:02:11.950077511Z, course=128.0)
2025-11-20 13:02:11.950 [reactor-tcp-epoll-1] INFO  b.u.b.t.i.m.VehicleEventHandler - Handling VehiclePositionUpdated: VehiclePositionUpdatedEvent(vehicleId=d20f21df-d549-4e72-8c49-1fcdfbeeaa65, deviceId=1206714021311631360, licensePlate=1322 AGH, routeNumber=110, latitude=37.990424, longitude=58.410017, speedKmh=45.0, isInMotion=true, positionTimestamp=2025-11-20T07:02:58, eventOccurredAt=2025-11-20T10:02:11.950183966Z, course=13.0)
2025-11-20 13:02:11.950 [reactor-tcp-epoll-2] INFO  b.u.b.t.i.m.VehicleEventHandler - Handling VehiclePositionUpdated: VehiclePositionUpdatedEvent(vehicleId=1dc21dd8-2b03-44d2-948f-b6a31e72a83f, deviceId=1209580859070566400, licensePlate=1401 AGG, routeNumber=6, latitude=37.885657, longitude=58.405408, speedKmh=0.0, isInMotion=false, positionTimestamp=2025-11-20T07:02:57, eventOccurredAt=2025-11-20T10:02:11.950256539Z, course=179.0)
2025-11-20 13:02:11.950 [lettuce-epollEventLoop-5-1] WARN  b.u.b.i.w.VehiclePositionHandler - Failed to broadcast vehicle position: FAIL_ZERO_SUBSCRIBER
2025-11-20 13:02:11.950 [reactor-tcp-epoll-1] INFO  b.u.b.t.i.m.VehicleEventHandler - Handling VehiclePositionUpdated: VehiclePositionUpdatedEvent(vehicleId=bc99caef-ce07-4cc6-ac71-2a33a052eed8, deviceId=1204622566329896960, licensePlate=1232 AGH, routeNumber=1, latitude=37.924513, longitude=58.379504, speedKmh=1.0, isInMotion=false, positionTimestamp=2025-11-20T07:02:52, eventOccurredAt=2025-11-20T10:02:11.950402639Z, course=287.0)
2025-11-20 13:02:11.950 [reactor-tcp-epoll-2] INFO  b.u.b.t.i.m.VehicleEventHandler - Handling VehiclePositionUpdated: VehiclePositionUpdatedEvent(vehicleId=5b1b29d8-0fbc-4835-90da-a2e0f16cf13e, deviceId=1216938466412285952, licensePlate=1407 AGG, routeNumber=46, latitude=37.917442, longitude=58.441711, speedKmh=0.0, isInMotion=false, positionTimestamp=2025-11-20T07:02:58, eventOccurredAt=2025-11-20T10:02:11.950456505Z, course=263.0)
2025-11-20 13:02:11.950 [reactor-tcp-epoll-1] INFO  b.u.b.t.i.m.VehicleEventHandler - Handling VehiclePositionUpdated: VehiclePositionUpdatedEvent(vehicleId=bb091444-51c4-4ae2-b8f7-bc059cecbf60, deviceId=1211032519294799872, licensePlate=1913 AGH, routeNumber=110, latitude=37.917409, longitude=58.441557, speedKmh=0.0, isInMotion=false, positionTimestamp=2025-11-20T07:02:53, eventOccurredAt=2025-11-20T10:02:11.950556437Z, course=277.0)
2025-11-20 13:02:11.950 [reactor-tcp-epoll-2] INFO  b.u.b.t.i.m.VehicleEventHandler - Handling VehiclePositionUpdated: VehiclePositionUpdatedEvent(vehicleId=0ac3dbe3-bc92-4afe-97d9-05f20f842637, deviceId=1199916244661391360, licensePlate=1279 AGH, routeNumber=14, latitude=37.895634, longitude=58.394252, speedKmh=0.0, isInMotion=false, positionTimestamp=2025-11-20T07:02:58, eventOccurredAt=2025-11-20T10:02:11.950590528Z, course=271.0)
2025-11-20 13:02:11.950 [reactor-tcp-epoll-1] INFO  b.u.b.t.i.m.VehicleEventHandler - Handling VehiclePositionUpdated: VehiclePositionUpdatedEvent(vehicleId=71ba5a41-57cd-4258-b9fd-c7d1ed8ed64d, deviceId=1212549062075830272, licensePlate=1680 AGG, routeNumber=null, latitude=37.969119, longitude=58.32238, speedKmh=34.0, isInMotion=true, positionTimestamp=2025-11-20T07:02:51, eventOccurredAt=2025-11-20T10:02:11.950689571Z, course=216.0)
2025-11-20 13:02:11.950 [reactor-tcp-epoll-2] INFO  b.u.b.t.i.m.VehicleEventHandler - Handling VehiclePositionUpdated: VehiclePositionUpdatedEvent(vehicleId=61c60f33-dadc-472d-a98b-4be3cd1ec35c, deviceId=1210029897163165696, licensePlate=1303 AGH, routeNumber=14, latitude=37.880025, longitude=58.363261, speedKmh=44.0, isInMotion=true, positionTimestamp=2025-11-20T07:02:59, eventOccurredAt=2025-11-20T10:02:11.950721430Z, course=32.0)
2025-11-20 13:02:11.950 [reactor-tcp-epoll-1] INFO  b.u.b.t.i.m.VehicleEventHandler - Handling VehiclePositionUpdated: VehiclePositionUpdatedEvent(vehicleId=90b679b4-cdcd-421f-b8a0-3cb23a46734d, deviceId=1212184461442240512, licensePlate=1360 AGG, routeNumber=77, latitude=38.029245, longitude=58.404302, speedKmh=0.0, isInMotion=false, positionTimestamp=2025-11-20T07:02:53, eventOccurredAt=2025-11-20T10:02:11.950824995Z, course=355.0)
2025-11-20 13:02:11.950 [reactor-tcp-epoll-2] INFO  b.u.b.t.i.m.VehicleEventHandler - Handling VehiclePositionUpdated: VehiclePositionUpdatedEvent(vehicleId=b5128d47-3c82-4cdc-93c2-2bc1b5593f99, deviceId=1209930964571213824, licensePlate=1436 AGG, routeNumber=38, latitude=38.04069, longitude=58.40235, speedKmh=0.0, isInMotion=false, positionTimestamp=2025-11-20T07:02:45, eventOccurredAt=2025-11-20T10:02:11.950842337Z, course=0.0)
2025-11-20 13:02:11.950 [reactor-tcp-epoll-2] INFO  b.u.b.t.i.m.VehicleEventHandler - Handling VehiclePositionUpdated: VehiclePositionUpdatedEvent(vehicleId=67755e93-451e-4f0f-b609-ce8262ad8e53, deviceId=1212117040857567232, licensePlate=1240 AGH, routeNumber=14, latitude=37.944901, longitude=58.365697, speedKmh=37.0, isInMotion=true, positionTimestamp=2025-11-20T07:02:49, eventOccurredAt=2025-11-20T10:02:11.950958690Z, course=279.0)
2025-11-20 13:02:11.951 [reactor-tcp-epoll-2] INFO  b.u.b.t.i.m.VehicleEventHandler - Handling VehiclePositionUpdated: VehiclePositionUpdatedEvent(vehicleId=32717eac-4144-45ad-b71d-7fcbb323b617, deviceId=1210014635990929408, licensePlate=1549 AGG, routeNumber=90, latitude=38.043374, longitude=58.399568, speedKmh=0.0, isInMotion=false, positionTimestamp=2025-11-20T06:14:57, eventOccurredAt=2025-11-20T10:02:11.951075269Z, course=194.0)
2025-11-20 13:02:11.951 [reactor-tcp-epoll-2] INFO  b.u.b.t.i.m.VehicleEventHandler - Handling VehiclePositionUpdated: VehiclePositionUpdatedEvent(vehicleId=8d4c331a-67ef-4246-87b7-d919760615e1, deviceId=1210791908323053568, licensePlate=1426 AGG, routeNumber=null, latitude=37.974429, longitude=58.339178, speedKmh=42.0, isInMotion=true, positionTimestamp=2025-11-20T06:02:42, eventOccurredAt=2025-11-20T10:02:11.951290079Z, course=37.0)
2025-11-20 13:02:11.951 [reactor-tcp-epoll-2] INFO  b.u.b.t.i.m.VehicleEventHandler - Handling VehiclePositionUpdated: VehiclePositionUpdatedEvent(vehicleId=f0bacf8b-b3a5-4ba2-8bac-40c77ca50f20, deviceId=1211097977079418880, licensePlate=1315 AGH, routeNumber=13, latitude=38.02877, longitude=58.40404, speedKmh=0.0, isInMotion=false, positionTimestamp=2025-11-20T06:16:06, eventOccurredAt=2025-11-20T10:02:11.951420732Z, course=0.0)
2025-11-20 13:02:11.951 [reactor-tcp-epoll-2] INFO  b.u.b.t.i.m.VehicleEventHandler - Handling VehiclePositionUpdated: VehiclePositionUpdatedEvent(vehicleId=611daa26-a492-4df9-a7c4-dc482adaf6f1, deviceId=1203556055569879040, licensePlate=1284 AGH, routeNumber=14, latitude=38.040272, longitude=58.400347, speedKmh=0.0, isInMotion=false, positionTimestamp=2025-11-20T07:02:34, eventOccurredAt=2025-11-20T10:02:11.951549072Z, course=254.0)
2025-11-20 13:02:11.951 [reactor-tcp-epoll-2] INFO  b.u.b.t.i.m.VehicleEventHandler - Handling VehiclePositionUpdated: VehiclePositionUpdatedEvent(vehicleId=5ff4c342-dd88-4d06-b260-8007b4df85e8, deviceId=1210054310700994560, licensePlate=1553 AGG, routeNumber=28, latitude=37.936094, longitude=58.389076, speedKmh=6.0, isInMotion=true, positionTimestamp=2025-11-20T07:02:47, eventOccurredAt=2025-11-20T10:02:11.951690832Z, course=102.0)
2025-11-20 13:02:11.951 [reactor-tcp-epoll-2] INFO  b.u.b.t.i.m.VehicleEventHandler - Handling VehiclePositionUpdated: VehiclePositionUpdatedEvent(vehicleId=e65fbc35-5894-42cd-98f4-2fab3db4177b, deviceId=1201964192442306560, licensePlate=1238 AGH, routeNumber=36, latitude=37.939013, longitude=58.392176, speedKmh=0.0, isInMotion=false, positionTimestamp=2025-11-20T07:02:41, eventOccurredAt=2025-11-20T10:02:11.951816202Z, course=213.0)
2025-11-20 13:02:11.951 [reactor-tcp-epoll-2] INFO  b.u.b.t.i.m.VehicleEventHandler - Handling VehiclePositionUpdated: VehiclePositionUpdatedEvent(vehicleId=7019b6d1-5bf6-4301-932f-194e04c5c6ee, deviceId=1204159276839555072, licensePlate=1376 AGG, routeNumber=47, latitude=37.917234, longitude=58.441453, speedKmh=0.0, isInMotion=false, positionTimestamp=2025-11-20T07:02:46, eventOccurredAt=2025-11-20T10:02:11.951953120Z, course=278.0)
2025-11-20 13:02:11.952 [reactor-tcp-epoll-2] INFO  b.u.b.t.i.m.VehicleEventHandler - Handling VehiclePositionUpdated: VehiclePositionUpdatedEvent(vehicleId=453220ec-312c-4d6a-9c22-98d5b1a127a7, deviceId=1212199974683758592, licensePlate=1682 AGG, routeNumber=38, latitude=37.978558, longitude=58.328037, speedKmh=0.0, isInMotion=false, positionTimestamp=2025-11-20T06:49:13, eventOccurredAt=2025-11-20T10:02:11.952079464Z, course=43.0)
2025-11-20 13:02:11.952 [reactor-tcp-epoll-2] INFO  b.u.b.t.i.m.VehicleEventHandler - Handling VehiclePositionUpdated: VehiclePositionUpdatedEvent(vehicleId=a555dc0c-208b-4720-84fa-9e1d80e6b03b, deviceId=1212475509108330496, licensePlate=1529 AGG, routeNumber=null, latitude=38.040834, longitude=58.399975, speedKmh=0.0, isInMotion=false, positionTimestamp=2025-11-20T07:02:59, eventOccurredAt=2025-11-20T10:02:11.952210469Z, course=336.0)
2025-11-20 13:02:11.952 [reactor-tcp-epoll-2] INFO  b.u.b.t.i.m.VehicleEventHandler - Handling VehiclePositionUpdated: VehiclePositionUpdatedEvent(vehicleId=dac2de84-ddc9-46fa-9523-cb2f8806ab38, deviceId=1209945944750247936, licensePlate=1427 AGG, routeNumber=null, latitude=37.936292, longitude=58.389774, speedKmh=0.0, isInMotion=false, positionTimestamp=2025-11-20T07:02:43, eventOccurredAt=2025-11-20T10:02:11.952332900Z, course=216.0)
2025-11-20 13:02:11.952 [reactor-tcp-epoll-2] INFO  b.u.b.t.i.m.VehicleEventHandler - Handling VehiclePositionUpdated: VehiclePositionUpdatedEvent(vehicleId=da82de4e-c47c-4947-b826-c5a34674479e, deviceId=1211858260563546112, licensePlate=1673 AGG, routeNumber=38, latitude=37.946454, longitude=58.379947, speedKmh=35.0, isInMotion=true, positionTimestamp=2025-11-20T07:02:59, eventOccurredAt=2025-11-20T10:02:11.952441238Z, course=307.0)
2025-11-20 13:02:11.952 [reactor-tcp-epoll-2] INFO  b.u.b.t.i.m.VehicleEventHandler - Handling VehiclePositionUpdated: VehiclePositionUpdatedEvent(vehicleId=67e56782-8171-427b-98fa-07a3918ec761, deviceId=1202354668219617280, licensePlate=1276 AGH, routeNumber=36, latitude=38.002581, longitude=58.405544, speedKmh=35.0, isInMotion=true, positionTimestamp=2025-11-20T07:02:49, eventOccurredAt=2025-11-20T10:02:11.952592378Z, course=337.0)
2025-11-20 13:02:11.952 [reactor-tcp-epoll-2] INFO  b.u.b.t.i.m.VehicleEventHandler - Handling VehiclePositionUpdated: VehiclePositionUpdatedEvent(vehicleId=d3564d62-00c7-4239-a38f-789fbea48e93, deviceId=1209703060545425408, licensePlate=1233 AGH, routeNumber=null, latitude=37.890278, longitude=58.387812, speedKmh=65.0, isInMotion=true, positionTimestamp=2025-11-20T07:02:41, eventOccurredAt=2025-11-20T10:02:11.952725439Z, course=183.0)
2025-11-20 13:02:11.952 [reactor-tcp-epoll-2] INFO  b.u.b.t.i.m.VehicleEventHandler - Handling VehiclePositionUpdated: VehiclePositionUpdatedEvent(vehicleId=8133063a-1b41-46d5-a198-2b0f65c81c4c, deviceId=1209668666770280448, licensePlate=1528 AGG, routeNumber=6, latitude=37.95126, longitude=58.338769, speedKmh=0.0, isInMotion=false, positionTimestamp=2025-11-20T07:02:51, eventOccurredAt=2025-11-20T10:02:11.952871264Z, course=191.0)
2025-11-20 13:02:11.952 [reactor-tcp-epoll-1] INFO  b.u.b.t.i.m.VehicleEventHandler - Handling VehiclePositionUpdated: VehiclePositionUpdatedEvent(vehicleId=16556ae2-d836-4901-b021-0abef67452c1, deviceId=1217193456783544320, licensePlate=1328 AGH, routeNumber=13, latitude=38.028886, longitude=58.4039, speedKmh=0.0, isInMotion=false, positionTimestamp=2025-11-20T06:04:14, eventOccurredAt=2025-11-20T10:02:11.952860364Z, course=0.0)
2025-11-20 13:02:11.952 [reactor-tcp-epoll-2] INFO  b.u.b.t.i.m.VehicleEventHandler - Handling VehiclePositionUpdated: VehiclePositionUpdatedEvent(vehicleId=c72692fe-ba08-4215-b3f5-570a8b54b118, deviceId=1201762902021984256, licensePlate=1309 AGH, routeNumber=113, latitude=37.913761, longitude=58.389398, speedKmh=45.0, isInMotion=true, positionTimestamp=2025-11-20T07:02:57, eventOccurredAt=2025-11-20T10:02:11.952985827Z, course=181.0)
2025-11-20 13:02:11.953 [reactor-tcp-epoll-2] INFO  b.u.b.t.i.m.VehicleEventHandler - Handling VehiclePositionUpdated: VehiclePositionUpdatedEvent(vehicleId=8762014c-d049-4d4b-80df-a206fa7dee52, deviceId=1208939003827671040, licensePlate=1312 AGH, routeNumber=20, latitude=37.918204, longitude=58.441787, speedKmh=22.0, isInMotion=true, positionTimestamp=2025-11-20T07:02:57, eventOccurredAt=2025-11-20T10:02:11.953093925Z, course=91.0)
2025-11-20 13:02:11.953 [reactor-tcp-epoll-1] INFO  b.u.b.t.i.m.VehicleEventHandler - Handling VehiclePositionUpdated: VehiclePositionUpdatedEvent(vehicleId=ec16d895-e75a-4b8d-95b8-88f542cd8a4e, deviceId=1208928508945059840, licensePlate=1323 AGH, routeNumber=null, latitude=38.043449, longitude=58.398589, speedKmh=0.0, isInMotion=false, positionTimestamp=2025-11-20T07:02:52, eventOccurredAt=2025-11-20T10:02:11.953071599Z, course=0.0)
2025-11-20 13:02:11.953 [reactor-tcp-epoll-2] INFO  b.u.b.t.i.m.VehicleEventHandler - Handling VehiclePositionUpdated: VehiclePositionUpdatedEvent(vehicleId=c515826c-7bf8-4cba-b310-8c179336e127, deviceId=1211426200170483712, licensePlate=1990 AGH, routeNumber=37, latitude=37.974385, longitude=58.390596, speedKmh=32.0, isInMotion=true, positionTimestamp=2025-11-20T07:02:48, eventOccurredAt=2025-11-20T10:02:11.953213799Z, course=255.0)
2025-11-20 13:02:11.953 [reactor-tcp-epoll-1] INFO  b.u.b.t.i.m.VehicleEventHandler - Handling VehiclePositionUpdated: VehiclePositionUpdatedEvent(vehicleId=ca6dc222-47d8-43e8-bf8a-29f010c71a1b, deviceId=1211130883889909760, licensePlate=1325 AGH, routeNumber=20, latitude=37.917121, longitude=58.441416, speedKmh=0.0, isInMotion=false, positionTimestamp=2025-11-20T07:02:53, eventOccurredAt=2025-11-20T10:02:11.953235192Z, course=345.0)
2025-11-20 13:02:11.953 [reactor-tcp-epoll-2] INFO  b.u.b.t.i.m.VehicleEventHandler - Handling VehiclePositionUpdated: VehiclePositionUpdatedEvent(vehicleId=07018ffb-b963-4775-935e-4b556f5f5d8e, deviceId=1216932299359342592, licensePlate=1394 AGG, routeNumber=90, latitude=38.039738, longitude=58.401353, speedKmh=0.0, isInMotion=false, positionTimestamp=2025-11-20T07:02:58, eventOccurredAt=2025-11-20T10:02:11.953322988Z, course=314.0)
2025-11-20 13:02:11.953 [reactor-tcp-epoll-1] INFO  b.u.b.t.i.m.VehicleEventHandler - Handling VehiclePositionUpdated: VehiclePositionUpdatedEvent(vehicleId=7b93a6dc-b72a-47e4-a8af-e97160791ccd, deviceId=1211043194708643840, licensePlate=1550 AGG, routeNumber=28, latitude=37.967316, longitude=58.331855, speedKmh=6.0, isInMotion=true, positionTimestamp=2025-11-20T07:02:46, eventOccurredAt=2025-11-20T10:02:11.953424013Z, course=214.0)
2025-11-20 13:02:11.953 [reactor-tcp-epoll-2] INFO  b.u.b.t.i.m.VehicleEventHandler - Handling VehiclePositionUpdated: VehiclePositionUpdatedEvent(vehicleId=74771546-d874-4785-831e-2142e69e6095, deviceId=1204537729803833344, licensePlate=1272 AGH, routeNumber=36, latitude=38.035458, longitude=58.406544, speedKmh=64.0, isInMotion=true, positionTimestamp=2025-11-20T07:02:41, eventOccurredAt=2025-11-20T10:02:11.953518376Z, course=169.0)
2025-11-20 13:02:11.953 [reactor-tcp-epoll-1] INFO  b.u.b.t.i.m.VehicleEventHandler - Handling VehiclePositionUpdated: VehiclePositionUpdatedEvent(vehicleId=224e7038-808d-458c-b623-9c810ab819a9, deviceId=1209645388878008320, licensePlate=1901 AGH, routeNumber=19, latitude=37.917378, longitude=58.441254, speedKmh=0.0, isInMotion=false, positionTimestamp=2025-11-20T07:02:45, eventOccurredAt=2025-11-20T10:02:11.953545695Z, course=99.0)
2025-11-20 13:02:11.953 [reactor-tcp-epoll-1] INFO  b.u.b.t.i.m.VehicleEventHandler - Handling VehiclePositionUpdated: VehiclePositionUpdatedEvent(vehicleId=8d70464b-c960-41c5-a184-dd7228492408, deviceId=1206394802984407040, licensePlate=1261 AGH, routeNumber=1, latitude=37.930347, longitude=58.368605, speedKmh=48.0, isInMotion=true, positionTimestamp=2025-11-20T07:02:42, eventOccurredAt=2025-11-20T10:02:11.953664480Z, course=156.0)
2025-11-20 13:02:11.953 [reactor-tcp-epoll-2] INFO  b.u.b.t.i.m.VehicleEventHandler - Handling VehiclePositionUpdated: VehiclePositionUpdatedEvent(vehicleId=cf19ef8a-262b-4af3-9edc-bfb69959876e, deviceId=1210741686729396224, licensePlate=1541 AGG, routeNumber=90, latitude=37.865576, longitude=58.342489, speedKmh=70.0, isInMotion=true, positionTimestamp=2025-11-20T07:03, eventOccurredAt=2025-11-20T10:02:11.953798914Z, course=276.0)
2025-11-20 13:02:11.953 [reactor-tcp-epoll-1] INFO  b.u.b.t.i.m.VehicleEventHandler - Handling VehiclePositionUpdated: VehiclePositionUpdatedEvent(vehicleId=e66c0e98-6750-4d63-940b-992a93f824c8, deviceId=1211407519935844352, licensePlate=1685 AGG, routeNumber=12, latitude=37.964367, longitude=58.329109, speedKmh=30.0, isInMotion=true, positionTimestamp=2025-11-20T07:02:43, eventOccurredAt=2025-11-20T10:02:11.953836528Z, course=178.0)
2025-11-20 13:02:11.953 [reactor-tcp-epoll-1] INFO  b.u.b.t.i.m.VehicleEventHandler - Handling VehiclePositionUpdated: VehiclePositionUpdatedEvent(vehicleId=6cdc1ffb-bc82-4b9f-baad-4f225ec61cd4, deviceId=1217313722264145920, licensePlate=1329 AGH, routeNumber=19, latitude=37.917204, longitude=58.44162, speedKmh=0.0, isInMotion=false, positionTimestamp=2025-11-20T07:02:45, eventOccurredAt=2025-11-20T10:02:11.953955662Z, course=286.0)
2025-11-20 13:02:11.954 [reactor-tcp-epoll-2] INFO  b.u.b.t.i.m.VehicleEventHandler - Handling VehiclePositionUpdated: VehiclePositionUpdatedEvent(vehicleId=bd911880-4274-4db6-8efc-eb54d52b9764, deviceId=1208256426884157440, licensePlate=1310 AGH, routeNumber=13, latitude=37.95825, longitude=58.341472, speedKmh=0.0, isInMotion=false, positionTimestamp=2025-11-20T07:02:46, eventOccurredAt=2025-11-20T10:02:11.953993589Z, course=87.0)
2025-11-20 13:02:11.954 [reactor-tcp-epoll-2] INFO  b.u.b.t.i.m.VehicleEventHandler - Handling VehiclePositionUpdated: VehiclePositionUpdatedEvent(vehicleId=86d3a3c4-241c-4052-90fa-c06d85b38130, deviceId=1212516462116425728, licensePlate=1512 AGG, routeNumber=null, latitude=38.037121, longitude=58.402095, speedKmh=0.0, isInMotion=false, positionTimestamp=2025-11-20T07:02:54, eventOccurredAt=2025-11-20T10:02:11.954152462Z, course=73.0)
2025-11-20 13:02:11.954 [reactor-tcp-epoll-1] INFO  b.u.b.t.i.m.VehicleEventHandler - Handling VehiclePositionUpdated: VehiclePositionUpdatedEvent(vehicleId=78c8fba9-6200-45f3-a837-0172b1de7b62, deviceId=1211097208259301376, licensePlate=1681 AGG, routeNumber=62, latitude=37.957834, longitude=58.355313, speedKmh=0.0, isInMotion=false, positionTimestamp=2025-11-20T07:02:59, eventOccurredAt=2025-11-20T10:02:11.954179140Z, course=87.0)
2025-11-20 13:02:11.954 [reactor-tcp-epoll-2] INFO  b.u.b.t.i.m.VehicleEventHandler - Handling VehiclePositionUpdated: VehiclePositionUpdatedEvent(vehicleId=b7933b35-2465-45ed-ac31-8fa03e6fe5bf, deviceId=1217301394743316480, licensePlate=1412 AGG, routeNumber=null, latitude=37.890834, longitude=58.405491, speedKmh=0.0, isInMotion=false, positionTimestamp=2025-11-20T07:02:52, eventOccurredAt=2025-11-20T10:02:11.954281699Z, course=179.0)
2025-11-20 13:02:11.954 [reactor-tcp-epoll-1] INFO  b.u.b.t.i.m.VehicleEventHandler - Handling VehiclePositionUpdated: VehiclePositionUpdatedEvent(vehicleId=e187ae78-20db-476a-a2e7-37dc6d66d25e, deviceId=1210685895834030080, licensePlate=1918 AGH, routeNumber=13, latitude=37.967108, longitude=58.332209, speedKmh=0.0, isInMotion=false, positionTimestamp=2025-11-20T07:02:55, eventOccurredAt=2025-11-20T10:02:11.954357123Z, course=37.0)
2025-11-20 13:02:11.954 [reactor-tcp-epoll-2] INFO  b.u.b.t.i.m.VehicleEventHandler - Handling VehiclePositionUpdated: VehiclePositionUpdatedEvent(vehicleId=c472a61c-fddf-4714-8a4c-4cfdd785180d, deviceId=1212137492522946560, licensePlate=1546 AGG, routeNumber=null, latitude=37.980368, longitude=58.337643, speedKmh=2.0, isInMotion=true, positionTimestamp=2025-11-20T07:02:54, eventOccurredAt=2025-11-20T10:02:11.954396904Z, course=121.0)
2025-11-20 13:02:11.954 [reactor-tcp-epoll-1] INFO  b.u.b.t.i.m.VehicleEventHandler - Handling VehiclePositionUpdated: VehiclePositionUpdatedEvent(vehicleId=561a523a-56f1-4912-8ec8-ae08a62e02eb, deviceId=1202055006363275264, licensePlate=1146 AGG, routeNumber=13, latitude=37.918295, longitude=58.429767, speedKmh=0.0, isInMotion=false, positionTimestamp=2025-11-20T06:02:59, eventOccurredAt=2025-11-20T10:02:11.954496388Z, course=0.0)
2025-11-20 13:02:11.955 [reactor-tcp-epoll-1] INFO  b.u.b.t.i.m.VehicleEventHandler - Handling VehiclePositionUpdated: VehiclePositionUpdatedEvent(vehicleId=47d7f873-c58d-4c89-a0b5-6c31e684a30f, deviceId=1216490345861435392, licensePlate=1306 AGH, routeNumber=20, latitude=37.920928, longitude=58.389457, speedKmh=0.0, isInMotion=false, positionTimestamp=2025-11-20T07:02:41, eventOccurredAt=2025-11-20T10:02:11.955408545Z, course=15.0)
2025-11-20 13:02:11.955 [reactor-tcp-epoll-1] INFO  b.u.b.t.i.m.VehicleEventHandler - Handling VehiclePositionUpdated: VehiclePositionUpdatedEvent(vehicleId=f14a49ae-a241-45f1-aeb6-0df8b75717c6, deviceId=1217178326200963072, licensePlate=1390 AGG, routeNumber=11, latitude=37.917378, longitude=58.441495, speedKmh=0.0, isInMotion=false, positionTimestamp=2025-11-20T07:02:57, eventOccurredAt=2025-11-20T10:02:11.955877369Z, course=293.0)
2025-11-20 13:02:11.956 [reactor-tcp-epoll-1] INFO  b.u.b.t.i.m.VehicleEventHandler - Handling VehiclePositionUpdated: VehiclePositionUpdatedEvent(vehicleId=21b2a09e-d1b7-4563-abad-50a06ac1c40c, deviceId=1209925075046977536, licensePlate=1912 AGH, routeNumber=20, latitude=37.934941, longitude=58.391613, speedKmh=0.0, isInMotion=false, positionTimestamp=2025-11-20T07:02:45, eventOccurredAt=2025-11-20T10:02:11.956089852Z, course=127.0)
2025-11-20 13:02:11.958 [parallel-3] INFO  b.u.b.t.s.VehicleDataScheduler - Performing initial route synchronization...
2025-11-20 13:02:11.963 [lettuce-epollEventLoop-5-1] WARN  b.u.b.i.w.VehiclePositionHandler - Failed to broadcast vehicle position: FAIL_ZERO_SUBSCRIBER
2025-11-20 13:02:11.963 [lettuce-epollEventLoop-5-1] WARN  b.u.b.i.w.VehiclePositionHandler - Failed to broadcast vehicle position: FAIL_ZERO_SUBSCRIBER
2025-11-20 13:02:11.964 [lettuce-epollEventLoop-5-1] WARN  b.u.b.i.w.VehiclePositionHandler - Failed to broadcast vehicle position: FAIL_ZERO_SUBSCRIBER
2025-11-20 13:02:11.964 [lettuce-epollEventLoop-5-1] WARN  b.u.b.i.w.VehiclePositionHandler - Failed to broadcast vehicle position: FAIL_ZERO_SUBSCRIBER
2025-11-20 13:02:11.964 [lettuce-epollEventLoop-5-1] WARN  b.u.b.i.w.VehiclePositionHandler - Failed to broadcast vehicle position: FAIL_ZERO_SUBSCRIBER
2025-11-20 13:02:11.986 [lettuce-epollEventLoop-5-2] WARN  b.u.b.i.w.VehiclePositionHandler - Error parsing Redis message: Cannot construct instance of `biz.ugur.busroutebackend.transport.infrastructure.messaging.VehiclePositionWebSocketMessage` (no Creators, like default constructor, exist): cannot deserialize from Object value (no delegate- or property-based Creator)
 at [Source: REDACTED (`StreamReadFeature.INCLUDE_SOURCE_IN_LOCATION` disabled); line: 1, column: 2]
2025-11-20 13:02:11.987 [lettuce-epollEventLoop-5-2] WARN  b.u.b.i.w.VehiclePositionHandler - Error parsing Redis message: Cannot construct instance of `biz.ugur.busroutebackend.transport.infrastructure.messaging.VehiclePositionWebSocketMessage` (no Creators, like default constructor, exist): cannot deserialize from Object value (no delegate- or property-based Creator)
 at [Source: REDACTED (`StreamReadFeature.INCLUDE_SOURCE_IN_LOCATION` disabled); line: 1, column: 2]
2025-11-20 13:02:11.987 [lettuce-epollEventLoop-5-2] WARN  b.u.b.i.w.VehiclePositionHandler - Error parsing Redis message: Cannot construct instance of `biz.ugur.busroutebackend.transport.infrastructure.messaging.VehiclePositionWebSocketMessage` (no Creators, like default constructor, exist): cannot deserialize from Object value (no delegate- or property-based Creator)
 at [Source: REDACTED (`StreamReadFeature.INCLUDE_SOURCE_IN_LOCATION` disabled); line: 1, column: 2]
2025-11-20 13:02:11.987 [lettuce-epollEventLoop-5-2] WARN  b.u.b.i.w.VehiclePositionHandler - Error parsing Redis message: Cannot construct instance of `biz.ugur.busroutebackend.transport.infrastructure.messaging.VehiclePositionWebSocketMessage` (no Creators, like default constructor, exist): cannot deserialize from Object value (no delegate- or property-based Creator)
 at [Source: REDACTED (`StreamReadFeature.INCLUDE_SOURCE_IN_LOCATION` disabled); line: 1, column: 2]
2025-11-20 13:02:11.987 [lettuce-epollEventLoop-5-2] WARN  b.u.b.i.w.VehiclePositionHandler - Error parsing Redis message: Cannot construct instance of `biz.ugur.busroutebackend.transport.infrastructure.messaging.VehiclePositionWebSocketMessage` (no Creators, like default constructor, exist): cannot deserialize from Object value (no delegate- or property-based Creator)
 at [Source: REDACTED (`StreamReadFeature.INCLUDE_SOURCE_IN_LOCATION` disabled); line: 1, column: 2]
2025-11-20 13:02:11.988 [lettuce-epollEventLoop-5-2] WARN  b.u.b.i.w.VehiclePositionHandler - Error parsing Redis message: Cannot construct instance of `biz.ugur.busroutebackend.transport.infrastructure.messaging.VehiclePositionWebSocketMessage` (no Creators, like default constructor, exist): cannot deserialize from Object value (no delegate- or property-based Creator)
 at [Source: REDACTED (`StreamReadFeature.INCLUDE_SOURCE_IN_LOCATION` disabled); line: 1, column: 2]
2025-11-20 13:02:12.001 [lettuce-epollEventLoop-5-1] WARN  b.u.b.i.w.VehiclePositionHandler - Failed to broadcast vehicle position: FAIL_ZERO_SUBSCRIBER
2025-11-20 13:02:12.001 [lettuce-epollEventLoop-5-1] WARN  b.u.b.i.w.VehiclePositionHandler - Failed to broadcast vehicle position: FAIL_ZERO_SUBSCRIBER
2025-11-20 13:02:12.001 [lettuce-epollEventLoop-5-1] WARN  b.u.b.i.w.VehiclePositionHandler - Failed to broadcast vehicle position: FAIL_ZERO_SUBSCRIBER
2025-11-20 13:02:12.002 [lettuce-epollEventLoop-5-1] WARN  b.u.b.i.w.VehiclePositionHandler - Failed to broadcast vehicle position: FAIL_ZERO_SUBSCRIBER
2025-11-20 13:02:12.002 [lettuce-epollEventLoop-5-1] WARN  b.u.b.i.w.VehiclePositionHandler - Failed to broadcast vehicle position: FAIL_ZERO_SUBSCRIBER
2025-11-20 13:02:12.002 [lettuce-epollEventLoop-5-2] WARN  b.u.b.i.w.VehiclePositionHandler - Error parsing Redis message: Cannot construct instance of `biz.ugur.busroutebackend.transport.infrastructure.messaging.VehiclePositionWebSocketMessage` (no Creators, like default constructor, exist): cannot deserialize from Object value (no delegate- or property-based Creator)
 at [Source: REDACTED (`StreamReadFeature.INCLUDE_SOURCE_IN_LOCATION` disabled); line: 1, column: 2]
2025-11-20 13:02:12.002 [lettuce-epollEventLoop-5-1] WARN  b.u.b.i.w.VehiclePositionHandler - Failed to broadcast vehicle position: FAIL_ZERO_SUBSCRIBER
2025-11-20 13:02:12.002 [lettuce-epollEventLoop-5-2] WARN  b.u.b.i.w.VehiclePositionHandler - Error parsing Redis message: Cannot construct instance of `biz.ugur.busroutebackend.transport.infrastructure.messaging.VehiclePositionWebSocketMessage` (no Creators, like default constructor, exist): cannot deserialize from Object value (no delegate- or property-based Creator)
 at [Source: REDACTED (`StreamReadFeature.INCLUDE_SOURCE_IN_LOCATION` disabled); line: 1, column: 2]
2025-11-20 13:02:12.003 [lettuce-epollEventLoop-5-2] WARN  b.u.b.i.w.VehiclePositionHandler - Error parsing Redis message: Cannot construct instance of `biz.ugur.busroutebackend.transport.infrastructure.messaging.VehiclePositionWebSocketMessage` (no Creators, like default constructor, exist): cannot deserialize from Object value (no delegate- or property-based Creator)
 at [Source: REDACTED (`StreamReadFeature.INCLUDE_SOURCE_IN_LOCATION` disabled); line: 1, column: 2]
2025-11-20 13:02:12.003 [lettuce-epollEventLoop-5-1] WARN  b.u.b.i.w.VehiclePositionHandler - Failed to broadcast vehicle position: FAIL_ZERO_SUBSCRIBER
2025-11-20 13:02:12.003 [lettuce-epollEventLoop-5-1] WARN  b.u.b.i.w.VehiclePositionHandler - Failed to broadcast vehicle position: FAIL_ZERO_SUBSCRIBER
2025-11-20 13:02:12.003 [lettuce-epollEventLoop-5-2] WARN  b.u.b.i.w.VehiclePositionHandler - Error parsing Redis message: Cannot construct instance of `biz.ugur.busroutebackend.transport.infrastructure.messaging.VehiclePositionWebSocketMessage` (no Creators, like default constructor, exist): cannot deserialize from Object value (no delegate- or property-based Creator)
 at [Source: REDACTED (`StreamReadFeature.INCLUDE_SOURCE_IN_LOCATION` disabled); line: 1, column: 2]
2025-11-20 13:02:12.003 [lettuce-epollEventLoop-5-1] WARN  b.u.b.i.w.VehiclePositionHandler - Failed to broadcast vehicle position: FAIL_ZERO_SUBSCRIBER
2025-11-20 13:02:12.003 [lettuce-epollEventLoop-5-1] WARN  b.u.b.i.w.VehiclePositionHandler - Failed to broadcast vehicle position: FAIL_ZERO_SUBSCRIBER
2025-11-20 13:02:12.004 [lettuce-epollEventLoop-5-2] WARN  b.u.b.i.w.VehiclePositionHandler - Error parsing Redis message: Cannot construct instance of `biz.ugur.busroutebackend.transport.infrastructure.messaging.VehiclePositionWebSocketMessage` (no Creators, like default constructor, exist): cannot deserialize from Object value (no delegate- or property-based Creator)
 at [Source: REDACTED (`StreamReadFeature.INCLUDE_SOURCE_IN_LOCATION` disabled); line: 1, column: 2]
2025-11-20 13:02:12.004 [lettuce-epollEventLoop-5-2] WARN  b.u.b.i.w.VehiclePositionHandler - Error parsing Redis message: Cannot construct instance of `biz.ugur.busroutebackend.transport.infrastructure.messaging.VehiclePositionWebSocketMessage` (no Creators, like default constructor, exist): cannot deserialize from Object value (no delegate- or property-based Creator)
 at [Source: REDACTED (`StreamReadFeature.INCLUDE_SOURCE_IN_LOCATION` disabled); line: 1, column: 2]
2025-11-20 13:02:12.004 [lettuce-epollEventLoop-5-1] WARN  b.u.b.i.w.VehiclePositionHandler - Failed to broadcast vehicle position: FAIL_ZERO_SUBSCRIBER
2025-11-20 13:02:12.004 [lettuce-epollEventLoop-5-2] WARN  b.u.b.i.w.VehiclePositionHandler - Error parsing Redis message: Cannot construct instance of `biz.ugur.busroutebackend.transport.infrastructure.messaging.VehiclePositionWebSocketMessage` (no Creators, like default constructor, exist): cannot deserialize from Object value (no delegate- or property-based Creator)
 at [Source: REDACTED (`StreamReadFeature.INCLUDE_SOURCE_IN_LOCATION` disabled); line: 1, column: 2]
2025-11-20 13:02:12.004 [lettuce-epollEventLoop-5-2] WARN  b.u.b.i.w.VehiclePositionHandler - Error parsing Redis message: Cannot construct instance of `biz.ugur.busroutebackend.transport.infrastructure.messaging.VehiclePositionWebSocketMessage` (no Creators, like default constructor, exist): cannot deserialize from Object value (no delegate- or property-based Creator)
 at [Source: REDACTED (`StreamReadFeature.INCLUDE_SOURCE_IN_LOCATION` disabled); line: 1, column: 2]
2025-11-20 13:02:12.004 [lettuce-epollEventLoop-5-1] WARN  b.u.b.i.w.VehiclePositionHandler - Failed to broadcast vehicle position: FAIL_ZERO_SUBSCRIBER
2025-11-20 13:02:12.005 [lettuce-epollEventLoop-5-2] WARN  b.u.b.i.w.VehiclePositionHandler - Error parsing Redis message: Cannot construct instance of `biz.ugur.busroutebackend.transport.infrastructure.messaging.VehiclePositionWebSocketMessage` (no Creators, like default constructor, exist): cannot deserialize from Object value (no delegate- or property-based Creator)
 at [Source: REDACTED (`StreamReadFeature.INCLUDE_SOURCE_IN_LOCATION` disabled); line: 1, column: 2]
2025-11-20 13:02:12.005 [lettuce-epollEventLoop-5-2] WARN  b.u.b.i.w.VehiclePositionHandler - Error parsing Redis message: Cannot construct instance of `biz.ugur.busroutebackend.transport.infrastructure.messaging.VehiclePositionWebSocketMessage` (no Creators, like default constructor, exist): cannot deserialize from Object value (no delegate- or property-based Creator)
 at [Source: REDACTED (`StreamReadFeature.INCLUDE_SOURCE_IN_LOCATION` disabled); line: 1, column: 2]
2025-11-20 13:02:12.005 [lettuce-epollEventLoop-5-1] WARN  b.u.b.i.w.VehiclePositionHandler - Failed to broadcast vehicle position: FAIL_ZERO_SUBSCRIBER
2025-11-20 13:02:12.006 [lettuce-epollEventLoop-5-1] WARN  b.u.b.i.w.VehiclePositionHandler - Failed to broadcast vehicle position: FAIL_ZERO_SUBSCRIBER
2025-11-20 13:02:12.006 [lettuce-epollEventLoop-5-2] WARN  b.u.b.i.w.VehiclePositionHandler - Error parsing Redis message: Cannot construct instance of `biz.ugur.busroutebackend.transport.infrastructure.messaging.VehiclePositionWebSocketMessage` (no Creators, like default constructor, exist): cannot deserialize from Object value (no delegate- or property-based Creator)
 at [Source: REDACTED (`StreamReadFeature.INCLUDE_SOURCE_IN_LOCATION` disabled); line: 1, column: 2]
2025-11-20 13:02:12.006 [lettuce-epollEventLoop-5-2] WARN  b.u.b.i.w.VehiclePositionHandler - Error parsing Redis message: Cannot construct instance of `biz.ugur.busroutebackend.transport.infrastructure.messaging.VehiclePositionWebSocketMessage` (no Creators, like default constructor, exist): cannot deserialize from Object value (no delegate- or property-based Creator)
 at [Source: REDACTED (`StreamReadFeature.INCLUDE_SOURCE_IN_LOCATION` disabled); line: 1, column: 2]
2025-11-20 13:02:12.006 [lettuce-epollEventLoop-5-1] WARN  b.u.b.i.w.VehiclePositionHandler - Failed to broadcast vehicle position: FAIL_ZERO_SUBSCRIBER
2025-11-20 13:02:12.006 [lettuce-epollEventLoop-5-2] WARN  b.u.b.i.w.VehiclePositionHandler - Error parsing Redis message: Cannot construct instance of `biz.ugur.busroutebackend.transport.infrastructure.messaging.VehiclePositionWebSocketMessage` (no Creators, like default constructor, exist): cannot deserialize from Object value (no delegate- or property-based Creator)
 at [Source: REDACTED (`StreamReadFeature.INCLUDE_SOURCE_IN_LOCATION` disabled); line: 1, column: 2]
2025-11-20 13:02:12.007 [lettuce-epollEventLoop-5-2] WARN  b.u.b.i.w.VehiclePositionHandler - Error parsing Redis message: Cannot construct instance of `biz.ugur.busroutebackend.transport.infrastructure.messaging.VehiclePositionWebSocketMessage` (no Creators, like default constructor, exist): cannot deserialize from Object value (no delegate- or property-based Creator)
 at [Source: REDACTED (`StreamReadFeature.INCLUDE_SOURCE_IN_LOCATION` disabled); line: 1, column: 2]
2025-11-20 13:02:12.008 [lettuce-epollEventLoop-5-1] WARN  b.u.b.i.w.VehiclePositionHandler - Failed to broadcast vehicle position: FAIL_ZERO_SUBSCRIBER
2025-11-20 13:02:12.008 [lettuce-epollEventLoop-5-1] WARN  b.u.b.i.w.VehiclePositionHandler - Failed to broadcast vehicle position: FAIL_ZERO_SUBSCRIBER
2025-11-20 13:02:12.008 [lettuce-epollEventLoop-5-2] WARN  b.u.b.i.w.VehiclePositionHandler - Error parsing Redis message: Cannot construct instance of `biz.ugur.busroutebackend.transport.infrastructure.messaging.VehiclePositionWebSocketMessage` (no Creators, like default constructor, exist): cannot deserialize from Object value (no delegate- or property-based Creator)
 at [Source: REDACTED (`StreamReadFeature.INCLUDE_SOURCE_IN_LOCATION` disabled); line: 1, column: 2]
2025-11-20 13:02:12.008 [lettuce-epollEventLoop-5-1] WARN  b.u.b.i.w.VehiclePositionHandler - Failed to broadcast vehicle position: FAIL_ZERO_SUBSCRIBER
2025-11-20 13:02:12.009 [lettuce-epollEventLoop-5-1] WARN  b.u.b.i.w.VehiclePositionHandler - Failed to broadcast vehicle position: FAIL_ZERO_SUBSCRIBER
2025-11-20 13:02:12.009 [lettuce-epollEventLoop-5-1] WARN  b.u.b.i.w.VehiclePositionHandler - Failed to broadcast vehicle position: FAIL_ZERO_SUBSCRIBER
2025-11-20 13:02:12.010 [lettuce-epollEventLoop-5-1] WARN  b.u.b.i.w.VehiclePositionHandler - Failed to broadcast vehicle position: FAIL_ZERO_SUBSCRIBER
2025-11-20 13:02:12.010 [lettuce-epollEventLoop-5-1] WARN  b.u.b.i.w.VehiclePositionHandler - Failed to broadcast vehicle position: FAIL_ZERO_SUBSCRIBER
2025-11-20 13:02:12.010 [lettuce-epollEventLoop-5-1] WARN  b.u.b.i.w.VehiclePositionHandler - Failed to broadcast vehicle position: FAIL_ZERO_SUBSCRIBER
2025-11-20 13:02:12.011 [lettuce-epollEventLoop-5-1] WARN  b.u.b.i.w.VehiclePositionHandler - Failed to broadcast vehicle position: FAIL_ZERO_SUBSCRIBER
2025-11-20 13:02:12.011 [lettuce-epollEventLoop-5-1] WARN  b.u.b.i.w.VehiclePositionHandler - Failed to broadcast vehicle position: FAIL_ZERO_SUBSCRIBER
2025-11-20 13:02:12.011 [lettuce-epollEventLoop-5-1] WARN  b.u.b.i.w.VehiclePositionHandler - Failed to broadcast vehicle position: FAIL_ZERO_SUBSCRIBER
2025-11-20 13:02:12.012 [lettuce-epollEventLoop-5-1] WARN  b.u.b.i.w.VehiclePositionHandler - Failed to broadcast vehicle position: FAIL_ZERO_SUBSCRIBER
2025-11-20 13:02:12.012 [lettuce-epollEventLoop-5-1] WARN  b.u.b.i.w.VehiclePositionHandler - Failed to broadcast vehicle position: FAIL_ZERO_SUBSCRIBER
2025-11-20 13:02:12.012 [lettuce-epollEventLoop-5-1] WARN  b.u.b.i.w.VehiclePositionHandler - Failed to broadcast vehicle position: FAIL_ZERO_SUBSCRIBER
2025-11-20 13:02:12.012 [lettuce-epollEventLoop-5-1] WARN  b.u.b.i.w.VehiclePositionHandler - Failed to broadcast vehicle position: FAIL_ZERO_SUBSCRIBER
2025-11-20 13:02:12.012 [lettuce-epollEventLoop-5-2] WARN  b.u.b.i.w.VehiclePositionHandler - Error parsing Redis message: Cannot construct instance of `biz.ugur.busroutebackend.transport.infrastructure.messaging.VehiclePositionWebSocketMessage` (no Creators, like default constructor, exist): cannot deserialize from Object value (no delegate- or property-based Creator)
 at [Source: REDACTED (`StreamReadFeature.INCLUDE_SOURCE_IN_LOCATION` disabled); line: 1, column: 2]
2025-11-20 13:02:12.012 [lettuce-epollEventLoop-5-1] WARN  b.u.b.i.w.VehiclePositionHandler - Failed to broadcast vehicle position: FAIL_ZERO_SUBSCRIBER
2025-11-20 13:02:12.013 [lettuce-epollEventLoop-5-1] WARN  b.u.b.i.w.VehiclePositionHandler - Failed to broadcast vehicle position: FAIL_ZERO_SUBSCRIBER
2025-11-20 13:02:12.013 [lettuce-epollEventLoop-5-2] WARN  b.u.b.i.w.VehiclePositionHandler - Error parsing Redis message: Cannot construct instance of `biz.ugur.busroutebackend.transport.infrastructure.messaging.VehiclePositionWebSocketMessage` (no Creators, like default constructor, exist): cannot deserialize from Object value (no delegate- or property-based Creator)
 at [Source: REDACTED (`StreamReadFeature.INCLUDE_SOURCE_IN_LOCATION` disabled); line: 1, column: 2]
2025-11-20 13:02:12.013 [lettuce-epollEventLoop-5-2] WARN  b.u.b.i.w.VehiclePositionHandler - Error parsing Redis message: Cannot construct instance of `biz.ugur.busroutebackend.transport.infrastructure.messaging.VehiclePositionWebSocketMessage` (no Creators, like default constructor, exist): cannot deserialize from Object value (no delegate- or property-based Creator)
 at [Source: REDACTED (`StreamReadFeature.INCLUDE_SOURCE_IN_LOCATION` disabled); line: 1, column: 2]
2025-11-20 13:02:12.013 [lettuce-epollEventLoop-5-2] WARN  b.u.b.i.w.VehiclePositionHandler - Error parsing Redis message: Cannot construct instance of `biz.ugur.busroutebackend.transport.infrastructure.messaging.VehiclePositionWebSocketMessage` (no Creators, like default constructor, exist): cannot deserialize from Object value (no delegate- or property-based Creator)
 at [Source: REDACTED (`StreamReadFeature.INCLUDE_SOURCE_IN_LOCATION` disabled); line: 1, column: 2]
2025-11-20 13:02:12.013 [lettuce-epollEventLoop-5-2] WARN  b.u.b.i.w.VehiclePositionHandler - Error parsing Redis message: Cannot construct instance of `biz.ugur.busroutebackend.transport.infrastructure.messaging.VehiclePositionWebSocketMessage` (no Creators, like default constructor, exist): cannot deserialize from Object value (no delegate- or property-based Creator)
 at [Source: REDACTED (`StreamReadFeature.INCLUDE_SOURCE_IN_LOCATION` disabled); line: 1, column: 2]
2025-11-20 13:02:12.014 [lettuce-epollEventLoop-5-2] WARN  b.u.b.i.w.VehiclePositionHandler - Error parsing Redis message: Cannot construct instance of `biz.ugur.busroutebackend.transport.infrastructure.messaging.VehiclePositionWebSocketMessage` (no Creators, like default constructor, exist): cannot deserialize from Object value (no delegate- or property-based Creator)
 at [Source: REDACTED (`StreamReadFeature.INCLUDE_SOURCE_IN_LOCATION` disabled); line: 1, column: 2]
2025-11-20 13:02:12.014 [lettuce-epollEventLoop-5-1] WARN  b.u.b.i.w.VehiclePositionHandler - Failed to broadcast vehicle position: FAIL_ZERO_SUBSCRIBER
2025-11-20 13:02:12.014 [lettuce-epollEventLoop-5-2] WARN  b.u.b.i.w.VehiclePositionHandler - Error parsing Redis message: Cannot construct instance of `biz.ugur.busroutebackend.transport.infrastructure.messaging.VehiclePositionWebSocketMessage` (no Creators, like default constructor, exist): cannot deserialize from Object value (no delegate- or property-based Creator)
 at [Source: REDACTED (`StreamReadFeature.INCLUDE_SOURCE_IN_LOCATION` disabled); line: 1, column: 2]
2025-11-20 13:02:12.014 [lettuce-epollEventLoop-5-2] WARN  b.u.b.i.w.VehiclePositionHandler - Error parsing Redis message: Cannot construct instance of `biz.ugur.busroutebackend.transport.infrastructure.messaging.VehiclePositionWebSocketMessage` (no Creators, like default constructor, exist): cannot deserialize from Object value (no delegate- or property-based Creator)
 at [Source: REDACTED (`StreamReadFeature.INCLUDE_SOURCE_IN_LOCATION` disabled); line: 1, column: 2]
2025-11-20 13:02:12.015 [lettuce-epollEventLoop-5-2] WARN  b.u.b.i.w.VehiclePositionHandler - Error parsing Redis message: Cannot construct instance of `biz.ugur.busroutebackend.transport.infrastructure.messaging.VehiclePositionWebSocketMessage` (no Creators, like default constructor, exist): cannot deserialize from Object value (no delegate- or property-based Creator)
 at [Source: REDACTED (`StreamReadFeature.INCLUDE_SOURCE_IN_LOCATION` disabled); line: 1, column: 2]
2025-11-20 13:02:12.015 [lettuce-epollEventLoop-5-2] WARN  b.u.b.i.w.VehiclePositionHandler - Error parsing Redis message: Cannot construct instance of `biz.ugur.busroutebackend.transport.infrastructure.messaging.VehiclePositionWebSocketMessage` (no Creators, like default constructor, exist): cannot deserialize from Object value (no delegate- or property-based Creator)
 at [Source: REDACTED (`StreamReadFeature.INCLUDE_SOURCE_IN_LOCATION` disabled); line: 1, column: 2]
2025-11-20 13:02:12.015 [lettuce-epollEventLoop-5-1] WARN  b.u.b.i.w.VehiclePositionHandler - Failed to broadcast vehicle position: FAIL_ZERO_SUBSCRIBER
2025-11-20 13:02:12.015 [lettuce-epollEventLoop-5-2] WARN  b.u.b.i.w.VehiclePositionHandler - Error parsing Redis message: Cannot construct instance of `biz.ugur.busroutebackend.transport.infrastructure.messaging.VehiclePositionWebSocketMessage` (no Creators, like default constructor, exist): cannot deserialize from Object value (no delegate- or property-based Creator)
 at [Source: REDACTED (`StreamReadFeature.INCLUDE_SOURCE_IN_LOCATION` disabled); line: 1, column: 2]
2025-11-20 13:02:12.015 [lettuce-epollEventLoop-5-2] WARN  b.u.b.i.w.VehiclePositionHandler - Error parsing Redis message: Cannot construct instance of `biz.ugur.busroutebackend.transport.infrastructure.messaging.VehiclePositionWebSocketMessage` (no Creators, like default constructor, exist): cannot deserialize from Object value (no delegate- or property-based Creator)
 at [Source: REDACTED (`StreamReadFeature.INCLUDE_SOURCE_IN_LOCATION` disabled); line: 1, column: 2]
2025-11-20 13:02:12.015 [lettuce-epollEventLoop-5-1] WARN  b.u.b.i.w.VehiclePositionHandler - Failed to broadcast vehicle position: FAIL_ZERO_SUBSCRIBER
2025-11-20 13:02:12.015 [lettuce-epollEventLoop-5-2] WARN  b.u.b.i.w.VehiclePositionHandler - Error parsing Redis message: Cannot construct instance of `biz.ugur.busroutebackend.transport.infrastructure.messaging.VehiclePositionWebSocketMessage` (no Creators, like default constructor, exist): cannot deserialize from Object value (no delegate- or property-based Creator)
 at [Source: REDACTED (`StreamReadFeature.INCLUDE_SOURCE_IN_LOCATION` disabled); line: 1, column: 2]
2025-11-20 13:02:12.015 [lettuce-epollEventLoop-5-2] WARN  b.u.b.i.w.VehiclePositionHandler - Error parsing Redis message: Cannot construct instance of `biz.ugur.busroutebackend.transport.infrastructure.messaging.VehiclePositionWebSocketMessage` (no Creators, like default constructor, exist): cannot deserialize from Object value (no delegate- or property-based Creator)
 at [Source: REDACTED (`StreamReadFeature.INCLUDE_SOURCE_IN_LOCATION` disabled); line: 1, column: 2]
2025-11-20 13:02:12.015 [lettuce-epollEventLoop-5-1] WARN  b.u.b.i.w.VehiclePositionHandler - Failed to broadcast vehicle position: FAIL_ZERO_SUBSCRIBER
2025-11-20 13:02:12.015 [lettuce-epollEventLoop-5-2] WARN  b.u.b.i.w.VehiclePositionHandler - Error parsing Redis message: Cannot construct instance of `biz.ugur.busroutebackend.transport.infrastructure.messaging.VehiclePositionWebSocketMessage` (no Creators, like default constructor, exist): cannot deserialize from Object value (no delegate- or property-based Creator)
 at [Source: REDACTED (`StreamReadFeature.INCLUDE_SOURCE_IN_LOCATION` disabled); line: 1, column: 2]
2025-11-20 13:02:12.015 [lettuce-epollEventLoop-5-2] WARN  b.u.b.i.w.VehiclePositionHandler - Error parsing Redis message: Cannot construct instance of `biz.ugur.busroutebackend.transport.infrastructure.messaging.VehiclePositionWebSocketMessage` (no Creators, like default constructor, exist): cannot deserialize from Object value (no delegate- or property-based Creator)
 at [Source: REDACTED (`StreamReadFeature.INCLUDE_SOURCE_IN_LOCATION` disabled); line: 1, column: 2]
2025-11-20 13:02:12.015 [lettuce-epollEventLoop-5-1] WARN  b.u.b.i.w.VehiclePositionHandler - Failed to broadcast vehicle position: FAIL_ZERO_SUBSCRIBER
2025-11-20 13:02:12.015 [lettuce-epollEventLoop-5-2] WARN  b.u.b.i.w.VehiclePositionHandler - Error parsing Redis message: Cannot construct instance of `biz.ugur.busroutebackend.transport.infrastructure.messaging.VehiclePositionWebSocketMessage` (no Creators, like default constructor, exist): cannot deserialize from Object value (no delegate- or property-based Creator)
 at [Source: REDACTED (`StreamReadFeature.INCLUDE_SOURCE_IN_LOCATION` disabled); line: 1, column: 2]
2025-11-20 13:02:12.015 [lettuce-epollEventLoop-5-2] WARN  b.u.b.i.w.VehiclePositionHandler - Error parsing Redis message: Cannot construct instance of `biz.ugur.busroutebackend.transport.infrastructure.messaging.VehiclePositionWebSocketMessage` (no Creators, like default constructor, exist): cannot deserialize from Object value (no delegate- or property-based Creator)
 at [Source: REDACTED (`StreamReadFeature.INCLUDE_SOURCE_IN_LOCATION` disabled); line: 1, column: 2]
2025-11-20 13:02:12.015 [lettuce-epollEventLoop-5-1] WARN  b.u.b.i.w.VehiclePositionHandler - Failed to broadcast vehicle position: FAIL_ZERO_SUBSCRIBER
2025-11-20 13:02:12.016 [lettuce-epollEventLoop-5-2] WARN  b.u.b.i.w.VehiclePositionHandler - Error parsing Redis message: Cannot construct instance of `biz.ugur.busroutebackend.transport.infrastructure.messaging.VehiclePositionWebSocketMessage` (no Creators, like default constructor, exist): cannot deserialize from Object value (no delegate- or property-based Creator)
 at [Source: REDACTED (`StreamReadFeature.INCLUDE_SOURCE_IN_LOCATION` disabled); line: 1, column: 2]
2025-11-20 13:02:12.016 [lettuce-epollEventLoop-5-2] WARN  b.u.b.i.w.VehiclePositionHandler - Error parsing Redis message: Cannot construct instance of `biz.ugur.busroutebackend.transport.infrastructure.messaging.VehiclePositionWebSocketMessage` (no Creators, like default constructor, exist): cannot deserialize from Object value (no delegate- or property-based Creator)
 at [Source: REDACTED (`StreamReadFeature.INCLUDE_SOURCE_IN_LOCATION` disabled); line: 1, column: 2]
2025-11-20 13:02:12.016 [lettuce-epollEventLoop-5-2] WARN  b.u.b.i.w.VehiclePositionHandler - Error parsing Redis message: Cannot construct instance of `biz.ugur.busroutebackend.transport.infrastructure.messaging.VehiclePositionWebSocketMessage` (no Creators, like default constructor, exist): cannot deserialize from Object value (no delegate- or property-based Creator)
 at [Source: REDACTED (`StreamReadFeature.INCLUDE_SOURCE_IN_LOCATION` disabled); line: 1, column: 2]
2025-11-20 13:02:12.016 [lettuce-epollEventLoop-5-2] WARN  b.u.b.i.w.VehiclePositionHandler - Error parsing Redis message: Cannot construct instance of `biz.ugur.busroutebackend.transport.infrastructure.messaging.VehiclePositionWebSocketMessage` (no Creators, like default constructor, exist): cannot deserialize from Object value (no delegate- or property-based Creator)
 at [Source: REDACTED (`StreamReadFeature.INCLUDE_SOURCE_IN_LOCATION` disabled); line: 1, column: 2]
2025-11-20 13:02:12.016 [lettuce-epollEventLoop-5-1] WARN  b.u.b.i.w.VehiclePositionHandler - Failed to broadcast vehicle position: FAIL_ZERO_SUBSCRIBER
2025-11-20 13:02:12.017 [lettuce-epollEventLoop-5-2] WARN  b.u.b.i.w.VehiclePositionHandler - Error parsing Redis message: Cannot construct instance of `biz.ugur.busroutebackend.transport.infrastructure.messaging.VehiclePositionWebSocketMessage` (no Creators, like default constructor, exist): cannot deserialize from Object value (no delegate- or property-based Creator)
 at [Source: REDACTED (`StreamReadFeature.INCLUDE_SOURCE_IN_LOCATION` disabled); line: 1, column: 2]
2025-11-20 13:02:12.017 [lettuce-epollEventLoop-5-1] WARN  b.u.b.i.w.VehiclePositionHandler - Failed to broadcast vehicle position: FAIL_ZERO_SUBSCRIBER
2025-11-20 13:02:12.017 [lettuce-epollEventLoop-5-1] WARN  b.u.b.i.w.VehiclePositionHandler - Failed to broadcast vehicle position: FAIL_ZERO_SUBSCRIBER
2025-11-20 13:02:12.017 [lettuce-epollEventLoop-5-2] WARN  b.u.b.i.w.VehiclePositionHandler - Error parsing Redis message: Cannot construct instance of `biz.ugur.busroutebackend.transport.infrastructure.messaging.VehiclePositionWebSocketMessage` (no Creators, like default constructor, exist): cannot deserialize from Object value (no delegate- or property-based Creator)
 at [Source: REDACTED (`StreamReadFeature.INCLUDE_SOURCE_IN_LOCATION` disabled); line: 1, column: 2]
2025-11-20 13:02:12.017 [lettuce-epollEventLoop-5-1] WARN  b.u.b.i.w.VehiclePositionHandler - Failed to broadcast vehicle position: FAIL_ZERO_SUBSCRIBER
2025-11-20 13:02:12.017 [lettuce-epollEventLoop-5-2] WARN  b.u.b.i.w.VehiclePositionHandler - Error parsing Redis message: Cannot construct instance of `biz.ugur.busroutebackend.transport.infrastructure.messaging.VehiclePositionWebSocketMessage` (no Creators, like default constructor, exist): cannot deserialize from Object value (no delegate- or property-based Creator)
 at [Source: REDACTED (`StreamReadFeature.INCLUDE_SOURCE_IN_LOCATION` disabled); line: 1, column: 2]
2025-11-20 13:02:12.017 [lettuce-epollEventLoop-5-1] WARN  b.u.b.i.w.VehiclePositionHandler - Failed to broadcast vehicle position: FAIL_ZERO_SUBSCRIBER
2025-11-20 13:02:12.017 [lettuce-epollEventLoop-5-2] WARN  b.u.b.i.w.VehiclePositionHandler - Error parsing Redis message: Cannot construct instance of `biz.ugur.busroutebackend.transport.infrastructure.messaging.VehiclePositionWebSocketMessage` (no Creators, like default constructor, exist): cannot deserialize from Object value (no delegate- or property-based Creator)
 at [Source: REDACTED (`StreamReadFeature.INCLUDE_SOURCE_IN_LOCATION` disabled); line: 1, column: 2]
2025-11-20 13:02:12.017 [lettuce-epollEventLoop-5-1] WARN  b.u.b.i.w.VehiclePositionHandler - Failed to broadcast vehicle position: FAIL_ZERO_SUBSCRIBER
2025-11-20 13:02:12.017 [lettuce-epollEventLoop-5-2] WARN  b.u.b.i.w.VehiclePositionHandler - Error parsing Redis message: Cannot construct instance of `biz.ugur.busroutebackend.transport.infrastructure.messaging.VehiclePositionWebSocketMessage` (no Creators, like default constructor, exist): cannot deserialize from Object value (no delegate- or property-based Creator)
 at [Source: REDACTED (`StreamReadFeature.INCLUDE_SOURCE_IN_LOCATION` disabled); line: 1, column: 2]
2025-11-20 13:02:12.018 [lettuce-epollEventLoop-5-1] WARN  b.u.b.i.w.VehiclePositionHandler - Failed to broadcast vehicle position: FAIL_ZERO_SUBSCRIBER
2025-11-20 13:02:12.018 [lettuce-epollEventLoop-5-2] WARN  b.u.b.i.w.VehiclePositionHandler - Error parsing Redis message: Cannot construct instance of `biz.ugur.busroutebackend.transport.infrastructure.messaging.VehiclePositionWebSocketMessage` (no Creators, like default constructor, exist): cannot deserialize from Object value (no delegate- or property-based Creator)
 at [Source: REDACTED (`StreamReadFeature.INCLUDE_SOURCE_IN_LOCATION` disabled); line: 1, column: 2]
2025-11-20 13:02:12.018 [lettuce-epollEventLoop-5-1] WARN  b.u.b.i.w.VehiclePositionHandler - Failed to broadcast vehicle position: FAIL_ZERO_SUBSCRIBER
2025-11-20 13:02:12.018 [lettuce-epollEventLoop-5-1] WARN  b.u.b.i.w.VehiclePositionHandler - Failed to broadcast vehicle position: FAIL_ZERO_SUBSCRIBER
2025-11-20 13:02:12.018 [lettuce-epollEventLoop-5-1] WARN  b.u.b.i.w.VehiclePositionHandler - Failed to broadcast vehicle position: FAIL_ZERO_SUBSCRIBER
2025-11-20 13:02:12.019 [lettuce-epollEventLoop-5-2] WARN  b.u.b.i.w.VehiclePositionHandler - Error parsing Redis message: Cannot construct instance of `biz.ugur.busroutebackend.transport.infrastructure.messaging.VehiclePositionWebSocketMessage` (no Creators, like default constructor, exist): cannot deserialize from Object value (no delegate- or property-based Creator)
 at [Source: REDACTED (`StreamReadFeature.INCLUDE_SOURCE_IN_LOCATION` disabled); line: 1, column: 2]
2025-11-20 13:02:12.019 [lettuce-epollEventLoop-5-1] WARN  b.u.b.i.w.VehiclePositionHandler - Failed to broadcast vehicle position: FAIL_ZERO_SUBSCRIBER
2025-11-20 13:02:12.019 [lettuce-epollEventLoop-5-1] WARN  b.u.b.i.w.VehiclePositionHandler - Failed to broadcast vehicle position: FAIL_ZERO_SUBSCRIBER
2025-11-20 13:02:12.019 [lettuce-epollEventLoop-5-2] WARN  b.u.b.i.w.VehiclePositionHandler - Error parsing Redis message: Cannot construct instance of `biz.ugur.busroutebackend.transport.infrastructure.messaging.VehiclePositionWebSocketMessage` (no Creators, like default constructor, exist): cannot deserialize from Object value (no delegate- or property-based Creator)
 at [Source: REDACTED (`StreamReadFeature.INCLUDE_SOURCE_IN_LOCATION` disabled); line: 1, column: 2]
2025-11-20 13:02:12.019 [lettuce-epollEventLoop-5-1] WARN  b.u.b.i.w.VehiclePositionHandler - Failed to broadcast vehicle position: FAIL_ZERO_SUBSCRIBER
2025-11-20 13:02:12.019 [lettuce-epollEventLoop-5-2] WARN  b.u.b.i.w.VehiclePositionHandler - Error parsing Redis message: Cannot construct instance of `biz.ugur.busroutebackend.transport.infrastructure.messaging.VehiclePositionWebSocketMessage` (no Creators, like default constructor, exist): cannot deserialize from Object value (no delegate- or property-based Creator)
 at [Source: REDACTED (`StreamReadFeature.INCLUDE_SOURCE_IN_LOCATION` disabled); line: 1, column: 2]
2025-11-20 13:02:12.019 [lettuce-epollEventLoop-5-2] WARN  b.u.b.i.w.VehiclePositionHandler - Error parsing Redis message: Cannot construct instance of `biz.ugur.busroutebackend.transport.infrastructure.messaging.VehiclePositionWebSocketMessage` (no Creators, like default constructor, exist): cannot deserialize from Object value (no delegate- or property-based Creator)
 at [Source: REDACTED (`StreamReadFeature.INCLUDE_SOURCE_IN_LOCATION` disabled); line: 1, column: 2]
2025-11-20 13:02:12.019 [lettuce-epollEventLoop-5-1] WARN  b.u.b.i.w.VehiclePositionHandler - Failed to broadcast vehicle position: FAIL_ZERO_SUBSCRIBER
2025-11-20 13:02:12.020 [lettuce-epollEventLoop-5-2] WARN  b.u.b.i.w.VehiclePositionHandler - Error parsing Redis message: Cannot construct instance of `biz.ugur.busroutebackend.transport.infrastructure.messaging.VehiclePositionWebSocketMessage` (no Creators, like default constructor, exist): cannot deserialize from Object value (no delegate- or property-based Creator)
 at [Source: REDACTED (`StreamReadFeature.INCLUDE_SOURCE_IN_LOCATION` disabled); line: 1, column: 2]
2025-11-20 13:02:12.020 [lettuce-epollEventLoop-5-1] WARN  b.u.b.i.w.VehiclePositionHandler - Failed to broadcast vehicle position: FAIL_ZERO_SUBSCRIBER
2025-11-20 13:02:12.020 [lettuce-epollEventLoop-5-2] WARN  b.u.b.i.w.VehiclePositionHandler - Error parsing Redis message: Cannot construct instance of `biz.ugur.busroutebackend.transport.infrastructure.messaging.VehiclePositionWebSocketMessage` (no Creators, like default constructor, exist): cannot deserialize from Object value (no delegate- or property-based Creator)
 at [Source: REDACTED (`StreamReadFeature.INCLUDE_SOURCE_IN_LOCATION` disabled); line: 1, column: 2]
2025-11-20 13:02:12.020 [lettuce-epollEventLoop-5-1] WARN  b.u.b.i.w.VehiclePositionHandler - Failed to broadcast vehicle position: FAIL_ZERO_SUBSCRIBER
2025-11-20 13:02:12.020 [lettuce-epollEventLoop-5-2] WARN  b.u.b.i.w.VehiclePositionHandler - Error parsing Redis message: Cannot construct instance of `biz.ugur.busroutebackend.transport.infrastructure.messaging.VehiclePositionWebSocketMessage` (no Creators, like default constructor, exist): cannot deserialize from Object value (no delegate- or property-based Creator)
 at [Source: REDACTED (`StreamReadFeature.INCLUDE_SOURCE_IN_LOCATION` disabled); line: 1, column: 2]
2025-11-20 13:02:12.020 [lettuce-epollEventLoop-5-1] WARN  b.u.b.i.w.VehiclePositionHandler - Failed to broadcast vehicle position: FAIL_ZERO_SUBSCRIBER
2025-11-20 13:02:12.020 [lettuce-epollEventLoop-5-1] WARN  b.u.b.i.w.VehiclePositionHandler - Failed to broadcast vehicle position: FAIL_ZERO_SUBSCRIBER
2025-11-20 13:02:12.020 [lettuce-epollEventLoop-5-1] WARN  b.u.b.i.w.VehiclePositionHandler - Failed to broadcast vehicle position: FAIL_ZERO_SUBSCRIBER
2025-11-20 13:02:12.020 [lettuce-epollEventLoop-5-2] WARN  b.u.b.i.w.VehiclePositionHandler - Error parsing Redis message: Cannot construct instance of `biz.ugur.busroutebackend.transport.infrastructure.messaging.VehiclePositionWebSocketMessage` (no Creators, like default constructor, exist): cannot deserialize from Object value (no delegate- or property-based Creator)
 at [Source: REDACTED (`StreamReadFeature.INCLUDE_SOURCE_IN_LOCATION` disabled); line: 1, column: 2]
2025-11-20 13:02:12.020 [lettuce-epollEventLoop-5-2] WARN  b.u.b.i.w.VehiclePositionHandler - Error parsing Redis message: Cannot construct instance of `biz.ugur.busroutebackend.transport.infrastructure.messaging.VehiclePositionWebSocketMessage` (no Creators, like default constructor, exist): cannot deserialize from Object value (no delegate- or property-based Creator)
 at [Source: REDACTED (`StreamReadFeature.INCLUDE_SOURCE_IN_LOCATION` disabled); line: 1, column: 2]
2025-11-20 13:02:12.020 [lettuce-epollEventLoop-5-1] WARN  b.u.b.i.w.VehiclePositionHandler - Failed to broadcast vehicle position: FAIL_ZERO_SUBSCRIBER
2025-11-20 13:02:12.020 [lettuce-epollEventLoop-5-2] WARN  b.u.b.i.w.VehiclePositionHandler - Error parsing Redis message: Cannot construct instance of `biz.ugur.busroutebackend.transport.infrastructure.messaging.VehiclePositionWebSocketMessage` (no Creators, like default constructor, exist): cannot deserialize from Object value (no delegate- or property-based Creator)
 at [Source: REDACTED (`StreamReadFeature.INCLUDE_SOURCE_IN_LOCATION` disabled); line: 1, column: 2]
2025-11-20 13:02:12.020 [lettuce-epollEventLoop-5-2] WARN  b.u.b.i.w.VehiclePositionHandler - Error parsing Redis message: Cannot construct instance of `biz.ugur.busroutebackend.transport.infrastructure.messaging.VehiclePositionWebSocketMessage` (no Creators, like default constructor, exist): cannot deserialize from Object value (no delegate- or property-based Creator)
 at [Source: REDACTED (`StreamReadFeature.INCLUDE_SOURCE_IN_LOCATION` disabled); line: 1, column: 2]
2025-11-20 13:02:12.020 [lettuce-epollEventLoop-5-2] WARN  b.u.b.i.w.VehiclePositionHandler - Error parsing Redis message: Cannot construct instance of `biz.ugur.busroutebackend.transport.infrastructure.messaging.VehiclePositionWebSocketMessage` (no Creators, like default constructor, exist): cannot deserialize from Object value (no delegate- or property-based Creator)
 at [Source: REDACTED (`StreamReadFeature.INCLUDE_SOURCE_IN_LOCATION` disabled); line: 1, column: 2]
2025-11-20 13:02:12.021 [lettuce-epollEventLoop-5-1] WARN  b.u.b.i.w.VehiclePositionHandler - Failed to broadcast vehicle position: FAIL_ZERO_SUBSCRIBER
2025-11-20 13:02:12.021 [lettuce-epollEventLoop-5-2] WARN  b.u.b.i.w.VehiclePositionHandler - Error parsing Redis message: Cannot construct instance of `biz.ugur.busroutebackend.transport.infrastructure.messaging.VehiclePositionWebSocketMessage` (no Creators, like default constructor, exist): cannot deserialize from Object value (no delegate- or property-based Creator)
 at [Source: REDACTED (`StreamReadFeature.INCLUDE_SOURCE_IN_LOCATION` disabled); line: 1, column: 2]
2025-11-20 13:02:12.021 [lettuce-epollEventLoop-5-1] WARN  b.u.b.i.w.VehiclePositionHandler - Failed to broadcast vehicle position: FAIL_ZERO_SUBSCRIBER
2025-11-20 13:02:12.021 [lettuce-epollEventLoop-5-2] WARN  b.u.b.i.w.VehiclePositionHandler - Error parsing Redis message: Cannot construct instance of `biz.ugur.busroutebackend.transport.infrastructure.messaging.VehiclePositionWebSocketMessage` (no Creators, like default constructor, exist): cannot deserialize from Object value (no delegate- or property-based Creator)
 at [Source: REDACTED (`StreamReadFeature.INCLUDE_SOURCE_IN_LOCATION` disabled); line: 1, column: 2]
2025-11-20 13:02:12.021 [lettuce-epollEventLoop-5-1] WARN  b.u.b.i.w.VehiclePositionHandler - Failed to broadcast vehicle position: FAIL_ZERO_SUBSCRIBER
2025-11-20 13:02:12.021 [lettuce-epollEventLoop-5-2] WARN  b.u.b.i.w.VehiclePositionHandler - Error parsing Redis message: Cannot construct instance of `biz.ugur.busroutebackend.transport.infrastructure.messaging.VehiclePositionWebSocketMessage` (no Creators, like default constructor, exist): cannot deserialize from Object value (no delegate- or property-based Creator)
 at [Source: REDACTED (`StreamReadFeature.INCLUDE_SOURCE_IN_LOCATION` disabled); line: 1, column: 2]
2025-11-20 13:02:12.021 [lettuce-epollEventLoop-5-2] WARN  b.u.b.i.w.VehiclePositionHandler - Error parsing Redis message: Cannot construct instance of `biz.ugur.busroutebackend.transport.infrastructure.messaging.VehiclePositionWebSocketMessage` (no Creators, like default constructor, exist): cannot deserialize from Object value (no delegate- or property-based Creator)
 at [Source: REDACTED (`StreamReadFeature.INCLUDE_SOURCE_IN_LOCATION` disabled); line: 1, column: 2]
2025-11-20 13:02:12.022 [lettuce-epollEventLoop-5-1] WARN  b.u.b.i.w.VehiclePositionHandler - Failed to broadcast vehicle position: FAIL_ZERO_SUBSCRIBER
2025-11-20 13:02:12.022 [lettuce-epollEventLoop-5-2] WARN  b.u.b.i.w.VehiclePositionHandler - Error parsing Redis message: Cannot construct instance of `biz.ugur.busroutebackend.transport.infrastructure.messaging.VehiclePositionWebSocketMessage` (no Creators, like default constructor, exist): cannot deserialize from Object value (no delegate- or property-based Creator)
 at [Source: REDACTED (`StreamReadFeature.INCLUDE_SOURCE_IN_LOCATION` disabled); line: 1, column: 2]
2025-11-20 13:02:12.022 [lettuce-epollEventLoop-5-1] WARN  b.u.b.i.w.VehiclePositionHandler - Failed to broadcast vehicle position: FAIL_ZERO_SUBSCRIBER
2025-11-20 13:02:12.022 [lettuce-epollEventLoop-5-1] WARN  b.u.b.i.w.VehiclePositionHandler - Failed to broadcast vehicle position: FAIL_ZERO_SUBSCRIBER
2025-11-20 13:02:12.022 [lettuce-epollEventLoop-5-1] WARN  b.u.b.i.w.VehiclePositionHandler - Failed to broadcast vehicle position: FAIL_ZERO_SUBSCRIBER
2025-11-20 13:02:12.022 [lettuce-epollEventLoop-5-1] WARN  b.u.b.i.w.VehiclePositionHandler - Failed to broadcast vehicle position: FAIL_ZERO_SUBSCRIBER
2025-11-20 13:02:12.022 [lettuce-epollEventLoop-5-1] WARN  b.u.b.i.w.VehiclePositionHandler - Failed to broadcast vehicle position: FAIL_ZERO_SUBSCRIBER
2025-11-20 13:02:12.023 [lettuce-epollEventLoop-5-1] WARN  b.u.b.i.w.VehiclePositionHandler - Failed to broadcast vehicle position: FAIL_ZERO_SUBSCRIBER
2025-11-20 13:02:12.023 [lettuce-epollEventLoop-5-2] WARN  b.u.b.i.w.VehiclePositionHandler - Error parsing Redis message: Cannot construct instance of `biz.ugur.busroutebackend.transport.infrastructure.messaging.VehiclePositionWebSocketMessage` (no Creators, like default constructor, exist): cannot deserialize from Object value (no delegate- or property-based Creator)
 at [Source: REDACTED (`StreamReadFeature.INCLUDE_SOURCE_IN_LOCATION` disabled); line: 1, column: 2]
2025-11-20 13:02:12.023 [lettuce-epollEventLoop-5-1] WARN  b.u.b.i.w.VehiclePositionHandler - Failed to broadcast vehicle position: FAIL_ZERO_SUBSCRIBER
2025-11-20 13:02:12.023 [lettuce-epollEventLoop-5-2] WARN  b.u.b.i.w.VehiclePositionHandler - Error parsing Redis message: Cannot construct instance of `biz.ugur.busroutebackend.transport.infrastructure.messaging.VehiclePositionWebSocketMessage` (no Creators, like default constructor, exist): cannot deserialize from Object value (no delegate- or property-based Creator)
 at [Source: REDACTED (`StreamReadFeature.INCLUDE_SOURCE_IN_LOCATION` disabled); line: 1, column: 2]
2025-11-20 13:02:12.023 [lettuce-epollEventLoop-5-2] WARN  b.u.b.i.w.VehiclePositionHandler - Error parsing Redis message: Cannot construct instance of `biz.ugur.busroutebackend.transport.infrastructure.messaging.VehiclePositionWebSocketMessage` (no Creators, like default constructor, exist): cannot deserialize from Object value (no delegate- or property-based Creator)
 at [Source: REDACTED (`StreamReadFeature.INCLUDE_SOURCE_IN_LOCATION` disabled); line: 1, column: 2]
2025-11-20 13:02:12.023 [lettuce-epollEventLoop-5-2] WARN  b.u.b.i.w.VehiclePositionHandler - Error parsing Redis message: Cannot construct instance of `biz.ugur.busroutebackend.transport.infrastructure.messaging.VehiclePositionWebSocketMessage` (no Creators, like default constructor, exist): cannot deserialize from Object value (no delegate- or property-based Creator)
 at [Source: REDACTED (`StreamReadFeature.INCLUDE_SOURCE_IN_LOCATION` disabled); line: 1, column: 2]
2025-11-20 13:02:12.023 [lettuce-epollEventLoop-5-1] WARN  b.u.b.i.w.VehiclePositionHandler - Failed to broadcast vehicle position: FAIL_ZERO_SUBSCRIBER
2025-11-20 13:02:12.023 [lettuce-epollEventLoop-5-2] WARN  b.u.b.i.w.VehiclePositionHandler - Error parsing Redis message: Cannot construct instance of `biz.ugur.busroutebackend.transport.infrastructure.messaging.VehiclePositionWebSocketMessage` (no Creators, like default constructor, exist): cannot deserialize from Object value (no delegate- or property-based Creator)
 at [Source: REDACTED (`StreamReadFeature.INCLUDE_SOURCE_IN_LOCATION` disabled); line: 1, column: 2]
2025-11-20 13:02:12.023 [lettuce-epollEventLoop-5-2] WARN  b.u.b.i.w.VehiclePositionHandler - Error parsing Redis message: Cannot construct instance of `biz.ugur.busroutebackend.transport.infrastructure.messaging.VehiclePositionWebSocketMessage` (no Creators, like default constructor, exist): cannot deserialize from Object value (no delegate- or property-based Creator)
 at [Source: REDACTED (`StreamReadFeature.INCLUDE_SOURCE_IN_LOCATION` disabled); line: 1, column: 2]
2025-11-20 13:02:12.023 [lettuce-epollEventLoop-5-1] WARN  b.u.b.i.w.VehiclePositionHandler - Failed to broadcast vehicle position: FAIL_ZERO_SUBSCRIBER
2025-11-20 13:02:12.023 [lettuce-epollEventLoop-5-2] WARN  b.u.b.i.w.VehiclePositionHandler - Error parsing Redis message: Cannot construct instance of `biz.ugur.busroutebackend.transport.infrastructure.messaging.VehiclePositionWebSocketMessage` (no Creators, like default constructor, exist): cannot deserialize from Object value (no delegate- or property-based Creator)
 at [Source: REDACTED (`StreamReadFeature.INCLUDE_SOURCE_IN_LOCATION` disabled); line: 1, column: 2]
2025-11-20 13:02:12.023 [lettuce-epollEventLoop-5-2] WARN  b.u.b.i.w.VehiclePositionHandler - Error parsing Redis message: Cannot construct instance of `biz.ugur.busroutebackend.transport.infrastructure.messaging.VehiclePositionWebSocketMessage` (no Creators, like default constructor, exist): cannot deserialize from Object value (no delegate- or property-based Creator)
 at [Source: REDACTED (`StreamReadFeature.INCLUDE_SOURCE_IN_LOCATION` disabled); line: 1, column: 2]
2025-11-20 13:02:12.023 [lettuce-epollEventLoop-5-2] WARN  b.u.b.i.w.VehiclePositionHandler - Error parsing Redis message: Cannot construct instance of `biz.ugur.busroutebackend.transport.infrastructure.messaging.VehiclePositionWebSocketMessage` (no Creators, like default constructor, exist): cannot deserialize from Object value (no delegate- or property-based Creator)
 at [Source: REDACTED (`StreamReadFeature.INCLUDE_SOURCE_IN_LOCATION` disabled); line: 1, column: 2]
2025-11-20 13:02:12.023 [lettuce-epollEventLoop-5-2] WARN  b.u.b.i.w.VehiclePositionHandler - Error parsing Redis message: Cannot construct instance of `biz.ugur.busroutebackend.transport.infrastructure.messaging.VehiclePositionWebSocketMessage` (no Creators, like default constructor, exist): cannot deserialize from Object value (no delegate- or property-based Creator)
 at [Source: REDACTED (`StreamReadFeature.INCLUDE_SOURCE_IN_LOCATION` disabled); line: 1, column: 2]
2025-11-20 13:02:12.024 [lettuce-epollEventLoop-5-1] WARN  b.u.b.i.w.VehiclePositionHandler - Failed to broadcast vehicle position: FAIL_ZERO_SUBSCRIBER
2025-11-20 13:02:12.024 [lettuce-epollEventLoop-5-2] WARN  b.u.b.i.w.VehiclePositionHandler - Error parsing Redis message: Cannot construct instance of `biz.ugur.busroutebackend.transport.infrastructure.messaging.VehiclePositionWebSocketMessage` (no Creators, like default constructor, exist): cannot deserialize from Object value (no delegate- or property-based Creator)
 at [Source: REDACTED (`StreamReadFeature.INCLUDE_SOURCE_IN_LOCATION` disabled); line: 1, column: 2]
2025-11-20 13:02:12.024 [lettuce-epollEventLoop-5-1] WARN  b.u.b.i.w.VehiclePositionHandler - Failed to broadcast vehicle position: FAIL_ZERO_SUBSCRIBER
2025-11-20 13:02:12.024 [lettuce-epollEventLoop-5-1] WARN  b.u.b.i.w.VehiclePositionHandler - Failed to broadcast vehicle position: FAIL_ZERO_SUBSCRIBER
2025-11-20 13:02:12.024 [lettuce-epollEventLoop-5-2] WARN  b.u.b.i.w.VehiclePositionHandler - Error parsing Redis message: Cannot construct instance of `biz.ugur.busroutebackend.transport.infrastructure.messaging.VehiclePositionWebSocketMessage` (no Creators, like default constructor, exist): cannot deserialize from Object value (no delegate- or property-based Creator)
 at [Source: REDACTED (`StreamReadFeature.INCLUDE_SOURCE_IN_LOCATION` disabled); line: 1, column: 2]
2025-11-20 13:02:12.024 [lettuce-epollEventLoop-5-1] WARN  b.u.b.i.w.VehiclePositionHandler - Failed to broadcast vehicle position: FAIL_ZERO_SUBSCRIBER
2025-11-20 13:02:12.024 [lettuce-epollEventLoop-5-1] WARN  b.u.b.i.w.VehiclePositionHandler - Failed to broadcast vehicle position: FAIL_ZERO_SUBSCRIBER
2025-11-20 13:02:12.024 [lettuce-epollEventLoop-5-2] WARN  b.u.b.i.w.VehiclePositionHandler - Error parsing Redis message: Cannot construct instance of `biz.ugur.busroutebackend.transport.infrastructure.messaging.VehiclePositionWebSocketMessage` (no Creators, like default constructor, exist): cannot deserialize from Object value (no delegate- or property-based Creator)
 at [Source: REDACTED (`StreamReadFeature.INCLUDE_SOURCE_IN_LOCATION` disabled); line: 1, column: 2]
2025-11-20 13:02:12.025 [lettuce-epollEventLoop-5-2] WARN  b.u.b.i.w.VehiclePositionHandler - Error parsing Redis message: Cannot construct instance of `biz.ugur.busroutebackend.transport.infrastructure.messaging.VehiclePositionWebSocketMessage` (no Creators, like default constructor, exist): cannot deserialize from Object value (no delegate- or property-based Creator)
 at [Source: REDACTED (`StreamReadFeature.INCLUDE_SOURCE_IN_LOCATION` disabled); line: 1, column: 2]
2025-11-20 13:02:12.025 [lettuce-epollEventLoop-5-1] WARN  b.u.b.i.w.VehiclePositionHandler - Failed to broadcast vehicle position: FAIL_ZERO_SUBSCRIBER
2025-11-20 13:02:12.025 [lettuce-epollEventLoop-5-2] WARN  b.u.b.i.w.VehiclePositionHandler - Error parsing Redis message: Cannot construct instance of `biz.ugur.busroutebackend.transport.infrastructure.messaging.VehiclePositionWebSocketMessage` (no Creators, like default constructor, exist): cannot deserialize from Object value (no delegate- or property-based Creator)
 at [Source: REDACTED (`StreamReadFeature.INCLUDE_SOURCE_IN_LOCATION` disabled); line: 1, column: 2]
2025-11-20 13:02:12.025 [lettuce-epollEventLoop-5-2] WARN  b.u.b.i.w.VehiclePositionHandler - Error parsing Redis message: Cannot construct instance of `biz.ugur.busroutebackend.transport.infrastructure.messaging.VehiclePositionWebSocketMessage` (no Creators, like default constructor, exist): cannot deserialize from Object value (no delegate- or property-based Creator)
 at [Source: REDACTED (`StreamReadFeature.INCLUDE_SOURCE_IN_LOCATION` disabled); line: 1, column: 2]
2025-11-20 13:02:12.025 [lettuce-epollEventLoop-5-1] WARN  b.u.b.i.w.VehiclePositionHandler - Failed to broadcast vehicle position: FAIL_ZERO_SUBSCRIBER
2025-11-20 13:02:12.025 [lettuce-epollEventLoop-5-2] WARN  b.u.b.i.w.VehiclePositionHandler - Error parsing Redis message: Cannot construct instance of `biz.ugur.busroutebackend.transport.infrastructure.messaging.VehiclePositionWebSocketMessage` (no Creators, like default constructor, exist): cannot deserialize from Object value (no delegate- or property-based Creator)
 at [Source: REDACTED (`StreamReadFeature.INCLUDE_SOURCE_IN_LOCATION` disabled); line: 1, column: 2]
2025-11-20 13:02:12.025 [lettuce-epollEventLoop-5-1] WARN  b.u.b.i.w.VehiclePositionHandler - Failed to broadcast vehicle position: FAIL_ZERO_SUBSCRIBER
2025-11-20 13:02:12.025 [lettuce-epollEventLoop-5-1] WARN  b.u.b.i.w.VehiclePositionHandler - Failed to broadcast vehicle position: FAIL_ZERO_SUBSCRIBER
2025-11-20 13:02:12.025 [lettuce-epollEventLoop-5-2] WARN  b.u.b.i.w.VehiclePositionHandler - Error parsing Redis message: Cannot construct instance of `biz.ugur.busroutebackend.transport.infrastructure.messaging.VehiclePositionWebSocketMessage` (no Creators, like default constructor, exist): cannot deserialize from Object value (no delegate- or property-based Creator)
 at [Source: REDACTED (`StreamReadFeature.INCLUDE_SOURCE_IN_LOCATION` disabled); line: 1, column: 2]
2025-11-20 13:02:12.026 [lettuce-epollEventLoop-5-2] WARN  b.u.b.i.w.VehiclePositionHandler - Error parsing Redis message: Cannot construct instance of `biz.ugur.busroutebackend.transport.infrastructure.messaging.VehiclePositionWebSocketMessage` (no Creators, like default constructor, exist): cannot deserialize from Object value (no delegate- or property-based Creator)
 at [Source: REDACTED (`StreamReadFeature.INCLUDE_SOURCE_IN_LOCATION` disabled); line: 1, column: 2]
2025-11-20 13:02:12.026 [lettuce-epollEventLoop-5-1] WARN  b.u.b.i.w.VehiclePositionHandler - Failed to broadcast vehicle position: FAIL_ZERO_SUBSCRIBER
2025-11-20 13:02:12.026 [lettuce-epollEventLoop-5-2] WARN  b.u.b.i.w.VehiclePositionHandler - Error parsing Redis message: Cannot construct instance of `biz.ugur.busroutebackend.transport.infrastructure.messaging.VehiclePositionWebSocketMessage` (no Creators, like default constructor, exist): cannot deserialize from Object value (no delegate- or property-based Creator)
 at [Source: REDACTED (`StreamReadFeature.INCLUDE_SOURCE_IN_LOCATION` disabled); line: 1, column: 2]
2025-11-20 13:02:12.026 [lettuce-epollEventLoop-5-1] WARN  b.u.b.i.w.VehiclePositionHandler - Failed to broadcast vehicle position: FAIL_ZERO_SUBSCRIBER
2025-11-20 13:02:12.026 [lettuce-epollEventLoop-5-2] WARN  b.u.b.i.w.VehiclePositionHandler - Error parsing Redis message: Cannot construct instance of `biz.ugur.busroutebackend.transport.infrastructure.messaging.VehiclePositionWebSocketMessage` (no Creators, like default constructor, exist): cannot deserialize from Object value (no delegate- or property-based Creator)
 at [Source: REDACTED (`StreamReadFeature.INCLUDE_SOURCE_IN_LOCATION` disabled); line: 1, column: 2]
2025-11-20 13:02:12.026 [lettuce-epollEventLoop-5-1] WARN  b.u.b.i.w.VehiclePositionHandler - Failed to broadcast vehicle position: FAIL_ZERO_SUBSCRIBER
2025-11-20 13:02:12.026 [lettuce-epollEventLoop-5-2] WARN  b.u.b.i.w.VehiclePositionHandler - Error parsing Redis message: Cannot construct instance of `biz.ugur.busroutebackend.transport.infrastructure.messaging.VehiclePositionWebSocketMessage` (no Creators, like default constructor, exist): cannot deserialize from Object value (no delegate- or property-based Creator)
 at [Source: REDACTED (`StreamReadFeature.INCLUDE_SOURCE_IN_LOCATION` disabled); line: 1, column: 2]
2025-11-20 13:02:12.027 [lettuce-epollEventLoop-5-1] WARN  b.u.b.i.w.VehiclePositionHandler - Failed to broadcast vehicle position: FAIL_ZERO_SUBSCRIBER
2025-11-20 13:02:12.027 [lettuce-epollEventLoop-5-1] WARN  b.u.b.i.w.VehiclePositionHandler - Failed to broadcast vehicle position: FAIL_ZERO_SUBSCRIBER
2025-11-20 13:02:12.027 [lettuce-epollEventLoop-5-2] WARN  b.u.b.i.w.VehiclePositionHandler - Error parsing Redis message: Cannot construct instance of `biz.ugur.busroutebackend.transport.infrastructure.messaging.VehiclePositionWebSocketMessage` (no Creators, like default constructor, exist): cannot deserialize from Object value (no delegate- or property-based Creator)
 at [Source: REDACTED (`StreamReadFeature.INCLUDE_SOURCE_IN_LOCATION` disabled); line: 1, column: 2]
2025-11-20 13:02:12.027 [lettuce-epollEventLoop-5-1] WARN  b.u.b.i.w.VehiclePositionHandler - Failed to broadcast vehicle position: FAIL_ZERO_SUBSCRIBER
2025-11-20 13:02:12.027 [lettuce-epollEventLoop-5-1] WARN  b.u.b.i.w.VehiclePositionHandler - Failed to broadcast vehicle position: FAIL_ZERO_SUBSCRIBER
2025-11-20 13:02:12.027 [lettuce-epollEventLoop-5-1] WARN  b.u.b.i.w.VehiclePositionHandler - Failed to broadcast vehicle position: FAIL_ZERO_SUBSCRIBER
2025-11-20 13:02:12.027 [lettuce-epollEventLoop-5-1] WARN  b.u.b.i.w.VehiclePositionHandler - Failed to broadcast vehicle position: FAIL_ZERO_SUBSCRIBER
2025-11-20 13:02:12.028 [lettuce-epollEventLoop-5-1] WARN  b.u.b.i.w.VehiclePositionHandler - Failed to broadcast vehicle position: FAIL_ZERO_SUBSCRIBER
2025-11-20 13:02:12.028 [lettuce-epollEventLoop-5-1] WARN  b.u.b.i.w.VehiclePositionHandler - Failed to broadcast vehicle position: FAIL_ZERO_SUBSCRIBER
2025-11-20 13:02:12.028 [lettuce-epollEventLoop-5-1] WARN  b.u.b.i.w.VehiclePositionHandler - Failed to broadcast vehicle position: FAIL_ZERO_SUBSCRIBER
2025-11-20 13:02:12.028 [lettuce-epollEventLoop-5-1] WARN  b.u.b.i.w.VehiclePositionHandler - Failed to broadcast vehicle position: FAIL_ZERO_SUBSCRIBER
2025-11-20 13:02:12.028 [lettuce-epollEventLoop-5-1] WARN  b.u.b.i.w.VehiclePositionHandler - Failed to broadcast vehicle position: FAIL_ZERO_SUBSCRIBER
2025-11-20 13:02:12.028 [lettuce-epollEventLoop-5-2] WARN  b.u.b.i.w.VehiclePositionHandler - Error parsing Redis message: Cannot construct instance of `biz.ugur.busroutebackend.transport.infrastructure.messaging.VehiclePositionWebSocketMessage` (no Creators, like default constructor, exist): cannot deserialize from Object value (no delegate- or property-based Creator)
 at [Source: REDACTED (`StreamReadFeature.INCLUDE_SOURCE_IN_LOCATION` disabled); line: 1, column: 2]
2025-11-20 13:02:12.028 [lettuce-epollEventLoop-5-2] WARN  b.u.b.i.w.VehiclePositionHandler - Error parsing Redis message: Cannot construct instance of `biz.ugur.busroutebackend.transport.infrastructure.messaging.VehiclePositionWebSocketMessage` (no Creators, like default constructor, exist): cannot deserialize from Object value (no delegate- or property-based Creator)
 at [Source: REDACTED (`StreamReadFeature.INCLUDE_SOURCE_IN_LOCATION` disabled); line: 1, column: 2]
2025-11-20 13:02:12.028 [lettuce-epollEventLoop-5-2] WARN  b.u.b.i.w.VehiclePositionHandler - Error parsing Redis message: Cannot construct instance of `biz.ugur.busroutebackend.transport.infrastructure.messaging.VehiclePositionWebSocketMessage` (no Creators, like default constructor, exist): cannot deserialize from Object value (no delegate- or property-based Creator)
 at [Source: REDACTED (`StreamReadFeature.INCLUDE_SOURCE_IN_LOCATION` disabled); line: 1, column: 2]
2025-11-20 13:02:12.028 [lettuce-epollEventLoop-5-1] WARN  b.u.b.i.w.VehiclePositionHandler - Failed to broadcast vehicle position: FAIL_ZERO_SUBSCRIBER
2025-11-20 13:02:12.028 [lettuce-epollEventLoop-5-2] WARN  b.u.b.i.w.VehiclePositionHandler - Error parsing Redis message: Cannot construct instance of `biz.ugur.busroutebackend.transport.infrastructure.messaging.VehiclePositionWebSocketMessage` (no Creators, like default constructor, exist): cannot deserialize from Object value (no delegate- or property-based Creator)
 at [Source: REDACTED (`StreamReadFeature.INCLUDE_SOURCE_IN_LOCATION` disabled); line: 1, column: 2]
2025-11-20 13:02:12.028 [lettuce-epollEventLoop-5-2] WARN  b.u.b.i.w.VehiclePositionHandler - Error parsing Redis message: Cannot construct instance of `biz.ugur.busroutebackend.transport.infrastructure.messaging.VehiclePositionWebSocketMessage` (no Creators, like default constructor, exist): cannot deserialize from Object value (no delegate- or property-based Creator)
 at [Source: REDACTED (`StreamReadFeature.INCLUDE_SOURCE_IN_LOCATION` disabled); line: 1, column: 2]
2025-11-20 13:02:12.028 [lettuce-epollEventLoop-5-2] WARN  b.u.b.i.w.VehiclePositionHandler - Error parsing Redis message: Cannot construct instance of `biz.ugur.busroutebackend.transport.infrastructure.messaging.VehiclePositionWebSocketMessage` (no Creators, like default constructor, exist): cannot deserialize from Object value (no delegate- or property-based Creator)
 at [Source: REDACTED (`StreamReadFeature.INCLUDE_SOURCE_IN_LOCATION` disabled); line: 1, column: 2]
2025-11-20 13:02:12.029 [lettuce-epollEventLoop-5-2] WARN  b.u.b.i.w.VehiclePositionHandler - Error parsing Redis message: Cannot construct instance of `biz.ugur.busroutebackend.transport.infrastructure.messaging.VehiclePositionWebSocketMessage` (no Creators, like default constructor, exist): cannot deserialize from Object value (no delegate- or property-based Creator)
 at [Source: REDACTED (`StreamReadFeature.INCLUDE_SOURCE_IN_LOCATION` disabled); line: 1, column: 2]
2025-11-20 13:02:12.029 [lettuce-epollEventLoop-5-1] WARN  b.u.b.i.w.VehiclePositionHandler - Failed to broadcast vehicle position: FAIL_ZERO_SUBSCRIBER
2025-11-20 13:02:12.029 [lettuce-epollEventLoop-5-2] WARN  b.u.b.i.w.VehiclePositionHandler - Error parsing Redis message: Cannot construct instance of `biz.ugur.busroutebackend.transport.infrastructure.messaging.VehiclePositionWebSocketMessage` (no Creators, like default constructor, exist): cannot deserialize from Object value (no delegate- or property-based Creator)
 at [Source: REDACTED (`StreamReadFeature.INCLUDE_SOURCE_IN_LOCATION` disabled); line: 1, column: 2]
2025-11-20 13:02:12.029 [lettuce-epollEventLoop-5-1] WARN  b.u.b.i.w.VehiclePositionHandler - Failed to broadcast vehicle position: FAIL_ZERO_SUBSCRIBER
2025-11-20 13:02:12.029 [lettuce-epollEventLoop-5-2] WARN  b.u.b.i.w.VehiclePositionHandler - Error parsing Redis message: Cannot construct instance of `biz.ugur.busroutebackend.transport.infrastructure.messaging.VehiclePositionWebSocketMessage` (no Creators, like default constructor, exist): cannot deserialize from Object value (no delegate- or property-based Creator)
 at [Source: REDACTED (`StreamReadFeature.INCLUDE_SOURCE_IN_LOCATION` disabled); line: 1, column: 2]
2025-11-20 13:02:12.029 [lettuce-epollEventLoop-5-2] WARN  b.u.b.i.w.VehiclePositionHandler - Error parsing Redis message: Cannot construct instance of `biz.ugur.busroutebackend.transport.infrastructure.messaging.VehiclePositionWebSocketMessage` (no Creators, like default constructor, exist): cannot deserialize from Object value (no delegate- or property-based Creator)
 at [Source: REDACTED (`StreamReadFeature.INCLUDE_SOURCE_IN_LOCATION` disabled); line: 1, column: 2]
2025-11-20 13:02:12.029 [lettuce-epollEventLoop-5-1] WARN  b.u.b.i.w.VehiclePositionHandler - Failed to broadcast vehicle position: FAIL_ZERO_SUBSCRIBER
2025-11-20 13:02:12.029 [lettuce-epollEventLoop-5-2] WARN  b.u.b.i.w.VehiclePositionHandler - Error parsing Redis message: Cannot construct instance of `biz.ugur.busroutebackend.transport.infrastructure.messaging.VehiclePositionWebSocketMessage` (no Creators, like default constructor, exist): cannot deserialize from Object value (no delegate- or property-based Creator)
 at [Source: REDACTED (`StreamReadFeature.INCLUDE_SOURCE_IN_LOCATION` disabled); line: 1, column: 2]
2025-11-20 13:02:12.029 [lettuce-epollEventLoop-5-1] WARN  b.u.b.i.w.VehiclePositionHandler - Failed to broadcast vehicle position: FAIL_ZERO_SUBSCRIBER
2025-11-20 13:02:12.029 [lettuce-epollEventLoop-5-2] WARN  b.u.b.i.w.VehiclePositionHandler - Error parsing Redis message: Cannot construct instance of `biz.ugur.busroutebackend.transport.infrastructure.messaging.VehiclePositionWebSocketMessage` (no Creators, like default constructor, exist): cannot deserialize from Object value (no delegate- or property-based Creator)
 at [Source: REDACTED (`StreamReadFeature.INCLUDE_SOURCE_IN_LOCATION` disabled); line: 1, column: 2]
2025-11-20 13:02:12.029 [lettuce-epollEventLoop-5-2] WARN  b.u.b.i.w.VehiclePositionHandler - Error parsing Redis message: Cannot construct instance of `biz.ugur.busroutebackend.transport.infrastructure.messaging.VehiclePositionWebSocketMessage` (no Creators, like default constructor, exist): cannot deserialize from Object value (no delegate- or property-based Creator)
 at [Source: REDACTED (`StreamReadFeature.INCLUDE_SOURCE_IN_LOCATION` disabled); line: 1, column: 2]
2025-11-20 13:02:12.029 [lettuce-epollEventLoop-5-1] WARN  b.u.b.i.w.VehiclePositionHandler - Failed to broadcast vehicle position: FAIL_ZERO_SUBSCRIBER
2025-11-20 13:02:12.029 [lettuce-epollEventLoop-5-1] WARN  b.u.b.i.w.VehiclePositionHandler - Failed to broadcast vehicle position: FAIL_ZERO_SUBSCRIBER
2025-11-20 13:02:12.029 [lettuce-epollEventLoop-5-1] WARN  b.u.b.i.w.VehiclePositionHandler - Failed to broadcast vehicle position: FAIL_ZERO_SUBSCRIBER
2025-11-20 13:02:12.029 [lettuce-epollEventLoop-5-2] WARN  b.u.b.i.w.VehiclePositionHandler - Error parsing Redis message: Cannot construct instance of `biz.ugur.busroutebackend.transport.infrastructure.messaging.VehiclePositionWebSocketMessage` (no Creators, like default constructor, exist): cannot deserialize from Object value (no delegate- or property-based Creator)
 at [Source: REDACTED (`StreamReadFeature.INCLUDE_SOURCE_IN_LOCATION` disabled); line: 1, column: 2]
2025-11-20 13:02:12.029 [lettuce-epollEventLoop-5-1] WARN  b.u.b.i.w.VehiclePositionHandler - Failed to broadcast vehicle position: FAIL_ZERO_SUBSCRIBER
2025-11-20 13:02:12.029 [lettuce-epollEventLoop-5-2] WARN  b.u.b.i.w.VehiclePositionHandler - Error parsing Redis message: Cannot construct instance of `biz.ugur.busroutebackend.transport.infrastructure.messaging.VehiclePositionWebSocketMessage` (no Creators, like default constructor, exist): cannot deserialize from Object value (no delegate- or property-based Creator)
 at [Source: REDACTED (`StreamReadFeature.INCLUDE_SOURCE_IN_LOCATION` disabled); line: 1, column: 2]
2025-11-20 13:02:12.029 [lettuce-epollEventLoop-5-1] WARN  b.u.b.i.w.VehiclePositionHandler - Failed to broadcast vehicle position: FAIL_ZERO_SUBSCRIBER
2025-11-20 13:02:12.030 [lettuce-epollEventLoop-5-1] WARN  b.u.b.i.w.VehiclePositionHandler - Failed to broadcast vehicle position: FAIL_ZERO_SUBSCRIBER
2025-11-20 13:02:12.030 [lettuce-epollEventLoop-5-2] WARN  b.u.b.i.w.VehiclePositionHandler - Error parsing Redis message: Cannot construct instance of `biz.ugur.busroutebackend.transport.infrastructure.messaging.VehiclePositionWebSocketMessage` (no Creators, like default constructor, exist): cannot deserialize from Object value (no delegate- or property-based Creator)
 at [Source: REDACTED (`StreamReadFeature.INCLUDE_SOURCE_IN_LOCATION` disabled); line: 1, column: 2]
2025-11-20 13:02:12.030 [lettuce-epollEventLoop-5-1] WARN  b.u.b.i.w.VehiclePositionHandler - Failed to broadcast vehicle position: FAIL_ZERO_SUBSCRIBER
2025-11-20 13:02:12.030 [lettuce-epollEventLoop-5-2] WARN  b.u.b.i.w.VehiclePositionHandler - Error parsing Redis message: Cannot construct instance of `biz.ugur.busroutebackend.transport.infrastructure.messaging.VehiclePositionWebSocketMessage` (no Creators, like default constructor, exist): cannot deserialize from Object value (no delegate- or property-based Creator)
 at [Source: REDACTED (`StreamReadFeature.INCLUDE_SOURCE_IN_LOCATION` disabled); line: 1, column: 2]
2025-11-20 13:02:12.030 [lettuce-epollEventLoop-5-1] WARN  b.u.b.i.w.VehiclePositionHandler - Failed to broadcast vehicle position: FAIL_ZERO_SUBSCRIBER
2025-11-20 13:02:12.030 [lettuce-epollEventLoop-5-2] WARN  b.u.b.i.w.VehiclePositionHandler - Error parsing Redis message: Cannot construct instance of `biz.ugur.busroutebackend.transport.infrastructure.messaging.VehiclePositionWebSocketMessage` (no Creators, like default constructor, exist): cannot deserialize from Object value (no delegate- or property-based Creator)
 at [Source: REDACTED (`StreamReadFeature.INCLUDE_SOURCE_IN_LOCATION` disabled); line: 1, column: 2]
2025-11-20 13:02:12.030 [lettuce-epollEventLoop-5-2] WARN  b.u.b.i.w.VehiclePositionHandler - Error parsing Redis message: Cannot construct instance of `biz.ugur.busroutebackend.transport.infrastructure.messaging.VehiclePositionWebSocketMessage` (no Creators, like default constructor, exist): cannot deserialize from Object value (no delegate- or property-based Creator)
 at [Source: REDACTED (`StreamReadFeature.INCLUDE_SOURCE_IN_LOCATION` disabled); line: 1, column: 2]
2025-11-20 13:02:12.030 [lettuce-epollEventLoop-5-2] WARN  b.u.b.i.w.VehiclePositionHandler - Error parsing Redis message: Cannot construct instance of `biz.ugur.busroutebackend.transport.infrastructure.messaging.VehiclePositionWebSocketMessage` (no Creators, like default constructor, exist): cannot deserialize from Object value (no delegate- or property-based Creator)
 at [Source: REDACTED (`StreamReadFeature.INCLUDE_SOURCE_IN_LOCATION` disabled); line: 1, column: 2]
2025-11-20 13:02:12.030 [lettuce-epollEventLoop-5-2] WARN  b.u.b.i.w.VehiclePositionHandler - Error parsing Redis message: Cannot construct instance of `biz.ugur.busroutebackend.transport.infrastructure.messaging.VehiclePositionWebSocketMessage` (no Creators, like default constructor, exist): cannot deserialize from Object value (no delegate- or property-based Creator)
 at [Source: REDACTED (`StreamReadFeature.INCLUDE_SOURCE_IN_LOCATION` disabled); line: 1, column: 2]
2025-11-20 13:02:12.030 [lettuce-epollEventLoop-5-1] WARN  b.u.b.i.w.VehiclePositionHandler - Failed to broadcast vehicle position: FAIL_ZERO_SUBSCRIBER
2025-11-20 13:02:12.030 [lettuce-epollEventLoop-5-2] WARN  b.u.b.i.w.VehiclePositionHandler - Error parsing Redis message: Cannot construct instance of `biz.ugur.busroutebackend.transport.infrastructure.messaging.VehiclePositionWebSocketMessage` (no Creators, like default constructor, exist): cannot deserialize from Object value (no delegate- or property-based Creator)
 at [Source: REDACTED (`StreamReadFeature.INCLUDE_SOURCE_IN_LOCATION` disabled); line: 1, column: 2]
2025-11-20 13:02:12.030 [lettuce-epollEventLoop-5-1] WARN  b.u.b.i.w.VehiclePositionHandler - Failed to broadcast vehicle position: FAIL_ZERO_SUBSCRIBER
2025-11-20 13:02:12.030 [lettuce-epollEventLoop-5-2] WARN  b.u.b.i.w.VehiclePositionHandler - Error parsing Redis message: Cannot construct instance of `biz.ugur.busroutebackend.transport.infrastructure.messaging.VehiclePositionWebSocketMessage` (no Creators, like default constructor, exist): cannot deserialize from Object value (no delegate- or property-based Creator)
 at [Source: REDACTED (`StreamReadFeature.INCLUDE_SOURCE_IN_LOCATION` disabled); line: 1, column: 2]
2025-11-20 13:02:12.030 [lettuce-epollEventLoop-5-2] WARN  b.u.b.i.w.VehiclePositionHandler - Error parsing Redis message: Cannot construct instance of `biz.ugur.busroutebackend.transport.infrastructure.messaging.VehiclePositionWebSocketMessage` (no Creators, like default constructor, exist): cannot deserialize from Object value (no delegate- or property-based Creator)
 at [Source: REDACTED (`StreamReadFeature.INCLUDE_SOURCE_IN_LOCATION` disabled); line: 1, column: 2]
2025-11-20 13:02:12.030 [lettuce-epollEventLoop-5-1] WARN  b.u.b.i.w.VehiclePositionHandler - Failed to broadcast vehicle position: FAIL_ZERO_SUBSCRIBER
2025-11-20 13:02:12.030 [lettuce-epollEventLoop-5-2] WARN  b.u.b.i.w.VehiclePositionHandler - Error parsing Redis message: Cannot construct instance of `biz.ugur.busroutebackend.transport.infrastructure.messaging.VehiclePositionWebSocketMessage` (no Creators, like default constructor, exist): cannot deserialize from Object value (no delegate- or property-based Creator)
 at [Source: REDACTED (`StreamReadFeature.INCLUDE_SOURCE_IN_LOCATION` disabled); line: 1, column: 2]
2025-11-20 13:02:12.030 [lettuce-epollEventLoop-5-1] WARN  b.u.b.i.w.VehiclePositionHandler - Failed to broadcast vehicle position: FAIL_ZERO_SUBSCRIBER
2025-11-20 13:02:12.030 [lettuce-epollEventLoop-5-2] WARN  b.u.b.i.w.VehiclePositionHandler - Error parsing Redis message: Cannot construct instance of `biz.ugur.busroutebackend.transport.infrastructure.messaging.VehiclePositionWebSocketMessage` (no Creators, like default constructor, exist): cannot deserialize from Object value (no delegate- or property-based Creator)
 at [Source: REDACTED (`StreamReadFeature.INCLUDE_SOURCE_IN_LOCATION` disabled); line: 1, column: 2]
2025-11-20 13:02:12.030 [lettuce-epollEventLoop-5-1] WARN  b.u.b.i.w.VehiclePositionHandler - Failed to broadcast vehicle position: FAIL_ZERO_SUBSCRIBER
2025-11-20 13:02:12.030 [lettuce-epollEventLoop-5-2] WARN  b.u.b.i.w.VehiclePositionHandler - Error parsing Redis message: Cannot construct instance of `biz.ugur.busroutebackend.transport.infrastructure.messaging.VehiclePositionWebSocketMessage` (no Creators, like default constructor, exist): cannot deserialize from Object value (no delegate- or property-based Creator)
 at [Source: REDACTED (`StreamReadFeature.INCLUDE_SOURCE_IN_LOCATION` disabled); line: 1, column: 2]
2025-11-20 13:02:12.031 [lettuce-epollEventLoop-5-1] WARN  b.u.b.i.w.VehiclePositionHandler - Failed to broadcast vehicle position: FAIL_ZERO_SUBSCRIBER
2025-11-20 13:02:12.031 [lettuce-epollEventLoop-5-2] WARN  b.u.b.i.w.VehiclePositionHandler - Error parsing Redis message: Cannot construct instance of `biz.ugur.busroutebackend.transport.infrastructure.messaging.VehiclePositionWebSocketMessage` (no Creators, like default constructor, exist): cannot deserialize from Object value (no delegate- or property-based Creator)
 at [Source: REDACTED (`StreamReadFeature.INCLUDE_SOURCE_IN_LOCATION` disabled); line: 1, column: 2]
2025-11-20 13:02:12.031 [lettuce-epollEventLoop-5-1] WARN  b.u.b.i.w.VehiclePositionHandler - Failed to broadcast vehicle position: FAIL_ZERO_SUBSCRIBER
2025-11-20 13:02:12.031 [lettuce-epollEventLoop-5-2] WARN  b.u.b.i.w.VehiclePositionHandler - Error parsing Redis message: Cannot construct instance of `biz.ugur.busroutebackend.transport.infrastructure.messaging.VehiclePositionWebSocketMessage` (no Creators, like default constructor, exist): cannot deserialize from Object value (no delegate- or property-based Creator)
 at [Source: REDACTED (`StreamReadFeature.INCLUDE_SOURCE_IN_LOCATION` disabled); line: 1, column: 2]
2025-11-20 13:02:12.031 [lettuce-epollEventLoop-5-1] WARN  b.u.b.i.w.VehiclePositionHandler - Failed to broadcast vehicle position: FAIL_ZERO_SUBSCRIBER
2025-11-20 13:02:12.031 [lettuce-epollEventLoop-5-1] WARN  b.u.b.i.w.VehiclePositionHandler - Failed to broadcast vehicle position: FAIL_ZERO_SUBSCRIBER
2025-11-20 13:02:12.031 [lettuce-epollEventLoop-5-1] WARN  b.u.b.i.w.VehiclePositionHandler - Failed to broadcast vehicle position: FAIL_ZERO_SUBSCRIBER
2025-11-20 13:02:12.031 [lettuce-epollEventLoop-5-1] WARN  b.u.b.i.w.VehiclePositionHandler - Failed to broadcast vehicle position: FAIL_ZERO_SUBSCRIBER
2025-11-20 13:02:12.031 [lettuce-epollEventLoop-5-1] WARN  b.u.b.i.w.VehiclePositionHandler - Failed to broadcast vehicle position: FAIL_ZERO_SUBSCRIBER
2025-11-20 13:02:12.031 [lettuce-epollEventLoop-5-2] WARN  b.u.b.i.w.VehiclePositionHandler - Error parsing Redis message: Cannot construct instance of `biz.ugur.busroutebackend.transport.infrastructure.messaging.VehiclePositionWebSocketMessage` (no Creators, like default constructor, exist): cannot deserialize from Object value (no delegate- or property-based Creator)
 at [Source: REDACTED (`StreamReadFeature.INCLUDE_SOURCE_IN_LOCATION` disabled); line: 1, column: 2]
2025-11-20 13:02:12.031 [lettuce-epollEventLoop-5-1] WARN  b.u.b.i.w.VehiclePositionHandler - Failed to broadcast vehicle position: FAIL_ZERO_SUBSCRIBER
2025-11-20 13:02:12.031 [lettuce-epollEventLoop-5-2] WARN  b.u.b.i.w.VehiclePositionHandler - Error parsing Redis message: Cannot construct instance of `biz.ugur.busroutebackend.transport.infrastructure.messaging.VehiclePositionWebSocketMessage` (no Creators, like default constructor, exist): cannot deserialize from Object value (no delegate- or property-based Creator)
 at [Source: REDACTED (`StreamReadFeature.INCLUDE_SOURCE_IN_LOCATION` disabled); line: 1, column: 2]
2025-11-20 13:02:12.031 [lettuce-epollEventLoop-5-2] WARN  b.u.b.i.w.VehiclePositionHandler - Error parsing Redis message: Cannot construct instance of `biz.ugur.busroutebackend.transport.infrastructure.messaging.VehiclePositionWebSocketMessage` (no Creators, like default constructor, exist): cannot deserialize from Object value (no delegate- or property-based Creator)
 at [Source: REDACTED (`StreamReadFeature.INCLUDE_SOURCE_IN_LOCATION` disabled); line: 1, column: 2]
2025-11-20 13:02:12.031 [lettuce-epollEventLoop-5-1] WARN  b.u.b.i.w.VehiclePositionHandler - Failed to broadcast vehicle position: FAIL_ZERO_SUBSCRIBER
2025-11-20 13:02:12.032 [lettuce-epollEventLoop-5-1] WARN  b.u.b.i.w.VehiclePositionHandler - Failed to broadcast vehicle position: FAIL_ZERO_SUBSCRIBER
2025-11-20 13:02:12.032 [lettuce-epollEventLoop-5-2] WARN  b.u.b.i.w.VehiclePositionHandler - Error parsing Redis message: Cannot construct instance of `biz.ugur.busroutebackend.transport.infrastructure.messaging.VehiclePositionWebSocketMessage` (no Creators, like default constructor, exist): cannot deserialize from Object value (no delegate- or property-based Creator)
 at [Source: REDACTED (`StreamReadFeature.INCLUDE_SOURCE_IN_LOCATION` disabled); line: 1, column: 2]
2025-11-20 13:02:12.032 [lettuce-epollEventLoop-5-2] WARN  b.u.b.i.w.VehiclePositionHandler - Error parsing Redis message: Cannot construct instance of `biz.ugur.busroutebackend.transport.infrastructure.messaging.VehiclePositionWebSocketMessage` (no Creators, like default constructor, exist): cannot deserialize from Object value (no delegate- or property-based Creator)
 at [Source: REDACTED (`StreamReadFeature.INCLUDE_SOURCE_IN_LOCATION` disabled); line: 1, column: 2]
2025-11-20 13:02:12.032 [lettuce-epollEventLoop-5-2] WARN  b.u.b.i.w.VehiclePositionHandler - Error parsing Redis message: Cannot construct instance of `biz.ugur.busroutebackend.transport.infrastructure.messaging.VehiclePositionWebSocketMessage` (no Creators, like default constructor, exist): cannot deserialize from Object value (no delegate- or property-based Creator)
 at [Source: REDACTED (`StreamReadFeature.INCLUDE_SOURCE_IN_LOCATION` disabled); line: 1, column: 2]
2025-11-20 13:02:12.032 [lettuce-epollEventLoop-5-2] WARN  b.u.b.i.w.VehiclePositionHandler - Error parsing Redis message: Cannot construct instance of `biz.ugur.busroutebackend.transport.infrastructure.messaging.VehiclePositionWebSocketMessage` (no Creators, like default constructor, exist): cannot deserialize from Object value (no delegate- or property-based Creator)
 at [Source: REDACTED (`StreamReadFeature.INCLUDE_SOURCE_IN_LOCATION` disabled); line: 1, column: 2]
2025-11-20 13:02:12.032 [lettuce-epollEventLoop-5-2] WARN  b.u.b.i.w.VehiclePositionHandler - Error parsing Redis message: Cannot construct instance of `biz.ugur.busroutebackend.transport.infrastructure.messaging.VehiclePositionWebSocketMessage` (no Creators, like default constructor, exist): cannot deserialize from Object value (no delegate- or property-based Creator)
 at [Source: REDACTED (`StreamReadFeature.INCLUDE_SOURCE_IN_LOCATION` disabled); line: 1, column: 2]
2025-11-20 13:02:12.033 [lettuce-epollEventLoop-5-2] WARN  b.u.b.i.w.VehiclePositionHandler - Error parsing Redis message: Cannot construct instance of `biz.ugur.busroutebackend.transport.infrastructure.messaging.VehiclePositionWebSocketMessage` (no Creators, like default constructor, exist): cannot deserialize from Object value (no delegate- or property-based Creator)
 at [Source: REDACTED (`StreamReadFeature.INCLUDE_SOURCE_IN_LOCATION` disabled); line: 1, column: 2]
2025-11-20 13:02:12.033 [lettuce-epollEventLoop-5-1] WARN  b.u.b.i.w.VehiclePositionHandler - Failed to broadcast vehicle position: FAIL_ZERO_SUBSCRIBER
2025-11-20 13:02:12.033 [lettuce-epollEventLoop-5-1] WARN  b.u.b.i.w.VehiclePositionHandler - Failed to broadcast vehicle position: FAIL_ZERO_SUBSCRIBER
2025-11-20 13:02:12.033 [lettuce-epollEventLoop-5-1] WARN  b.u.b.i.w.VehiclePositionHandler - Failed to broadcast vehicle position: FAIL_ZERO_SUBSCRIBER
2025-11-20 13:02:12.033 [lettuce-epollEventLoop-5-1] WARN  b.u.b.i.w.VehiclePositionHandler - Failed to broadcast vehicle position: FAIL_ZERO_SUBSCRIBER
2025-11-20 13:02:12.033 [lettuce-epollEventLoop-5-1] WARN  b.u.b.i.w.VehiclePositionHandler - Failed to broadcast vehicle position: FAIL_ZERO_SUBSCRIBER
2025-11-20 13:02:12.033 [lettuce-epollEventLoop-5-1] WARN  b.u.b.i.w.VehiclePositionHandler - Failed to broadcast vehicle position: FAIL_ZERO_SUBSCRIBER
2025-11-20 13:02:12.033 [lettuce-epollEventLoop-5-1] WARN  b.u.b.i.w.VehiclePositionHandler - Failed to broadcast vehicle position: FAIL_ZERO_SUBSCRIBER
2025-11-20 13:02:12.034 [lettuce-epollEventLoop-5-1] WARN  b.u.b.i.w.VehiclePositionHandler - Failed to broadcast vehicle position: FAIL_ZERO_SUBSCRIBER
2025-11-20 13:02:12.034 [lettuce-epollEventLoop-5-1] WARN  b.u.b.i.w.VehiclePositionHandler - Failed to broadcast vehicle position: FAIL_ZERO_SUBSCRIBER
2025-11-20 13:02:12.034 [lettuce-epollEventLoop-5-2] WARN  b.u.b.i.w.VehiclePositionHandler - Error parsing Redis message: Cannot construct instance of `biz.ugur.busroutebackend.transport.infrastructure.messaging.VehiclePositionWebSocketMessage` (no Creators, like default constructor, exist): cannot deserialize from Object value (no delegate- or property-based Creator)
 at [Source: REDACTED (`StreamReadFeature.INCLUDE_SOURCE_IN_LOCATION` disabled); line: 1, column: 2]
2025-11-20 13:02:12.034 [lettuce-epollEventLoop-5-1] WARN  b.u.b.i.w.VehiclePositionHandler - Failed to broadcast vehicle position: FAIL_ZERO_SUBSCRIBER
2025-11-20 13:02:12.034 [lettuce-epollEventLoop-5-2] WARN  b.u.b.i.w.VehiclePositionHandler - Error parsing Redis message: Cannot construct instance of `biz.ugur.busroutebackend.transport.infrastructure.messaging.VehiclePositionWebSocketMessage` (no Creators, like default constructor, exist): cannot deserialize from Object value (no delegate- or property-based Creator)
 at [Source: REDACTED (`StreamReadFeature.INCLUDE_SOURCE_IN_LOCATION` disabled); line: 1, column: 2]
2025-11-20 13:02:12.034 [lettuce-epollEventLoop-5-1] WARN  b.u.b.i.w.VehiclePositionHandler - Failed to broadcast vehicle position: FAIL_ZERO_SUBSCRIBER
2025-11-20 13:02:12.034 [lettuce-epollEventLoop-5-2] WARN  b.u.b.i.w.VehiclePositionHandler - Error parsing Redis message: Cannot construct instance of `biz.ugur.busroutebackend.transport.infrastructure.messaging.VehiclePositionWebSocketMessage` (no Creators, like default constructor, exist): cannot deserialize from Object value (no delegate- or property-based Creator)
 at [Source: REDACTED (`StreamReadFeature.INCLUDE_SOURCE_IN_LOCATION` disabled); line: 1, column: 2]
2025-11-20 13:02:12.034 [lettuce-epollEventLoop-5-1] WARN  b.u.b.i.w.VehiclePositionHandler - Failed to broadcast vehicle position: FAIL_ZERO_SUBSCRIBER
2025-11-20 13:02:12.034 [lettuce-epollEventLoop-5-2] WARN  b.u.b.i.w.VehiclePositionHandler - Error parsing Redis message: Cannot construct instance of `biz.ugur.busroutebackend.transport.infrastructure.messaging.VehiclePositionWebSocketMessage` (no Creators, like default constructor, exist): cannot deserialize from Object value (no delegate- or property-based Creator)
 at [Source: REDACTED (`StreamReadFeature.INCLUDE_SOURCE_IN_LOCATION` disabled); line: 1, column: 2]
2025-11-20 13:02:12.034 [lettuce-epollEventLoop-5-1] WARN  b.u.b.i.w.VehiclePositionHandler - Failed to broadcast vehicle position: FAIL_ZERO_SUBSCRIBER
2025-11-20 13:02:12.034 [lettuce-epollEventLoop-5-2] WARN  b.u.b.i.w.VehiclePositionHandler - Error parsing Redis message: Cannot construct instance of `biz.ugur.busroutebackend.transport.infrastructure.messaging.VehiclePositionWebSocketMessage` (no Creators, like default constructor, exist): cannot deserialize from Object value (no delegate- or property-based Creator)
 at [Source: REDACTED (`StreamReadFeature.INCLUDE_SOURCE_IN_LOCATION` disabled); line: 1, column: 2]
2025-11-20 13:02:12.034 [lettuce-epollEventLoop-5-1] WARN  b.u.b.i.w.VehiclePositionHandler - Failed to broadcast vehicle position: FAIL_ZERO_SUBSCRIBER
2025-11-20 13:02:12.034 [lettuce-epollEventLoop-5-2] WARN  b.u.b.i.w.VehiclePositionHandler - Error parsing Redis message: Cannot construct instance of `biz.ugur.busroutebackend.transport.infrastructure.messaging.VehiclePositionWebSocketMessage` (no Creators, like default constructor, exist): cannot deserialize from Object value (no delegate- or property-based Creator)
 at [Source: REDACTED (`StreamReadFeature.INCLUDE_SOURCE_IN_LOCATION` disabled); line: 1, column: 2]
2025-11-20 13:02:12.034 [lettuce-epollEventLoop-5-2] WARN  b.u.b.i.w.VehiclePositionHandler - Error parsing Redis message: Cannot construct instance of `biz.ugur.busroutebackend.transport.infrastructure.messaging.VehiclePositionWebSocketMessage` (no Creators, like default constructor, exist): cannot deserialize from Object value (no delegate- or property-based Creator)
 at [Source: REDACTED (`StreamReadFeature.INCLUDE_SOURCE_IN_LOCATION` disabled); line: 1, column: 2]
2025-11-20 13:02:12.034 [lettuce-epollEventLoop-5-1] WARN  b.u.b.i.w.VehiclePositionHandler - Failed to broadcast vehicle position: FAIL_ZERO_SUBSCRIBER
2025-11-20 13:02:12.034 [lettuce-epollEventLoop-5-2] WARN  b.u.b.i.w.VehiclePositionHandler - Error parsing Redis message: Cannot construct instance of `biz.ugur.busroutebackend.transport.infrastructure.messaging.VehiclePositionWebSocketMessage` (no Creators, like default constructor, exist): cannot deserialize from Object value (no delegate- or property-based Creator)
 at [Source: REDACTED (`StreamReadFeature.INCLUDE_SOURCE_IN_LOCATION` disabled); line: 1, column: 2]
2025-11-20 13:02:12.035 [lettuce-epollEventLoop-5-1] WARN  b.u.b.i.w.VehiclePositionHandler - Failed to broadcast vehicle position: FAIL_ZERO_SUBSCRIBER
2025-11-20 13:02:12.035 [lettuce-epollEventLoop-5-2] WARN  b.u.b.i.w.VehiclePositionHandler - Error parsing Redis message: Cannot construct instance of `biz.ugur.busroutebackend.transport.infrastructure.messaging.VehiclePositionWebSocketMessage` (no Creators, like default constructor, exist): cannot deserialize from Object value (no delegate- or property-based Creator)
 at [Source: REDACTED (`StreamReadFeature.INCLUDE_SOURCE_IN_LOCATION` disabled); line: 1, column: 2]
2025-11-20 13:02:12.035 [lettuce-epollEventLoop-5-1] WARN  b.u.b.i.w.VehiclePositionHandler - Failed to broadcast vehicle position: FAIL_ZERO_SUBSCRIBER
2025-11-20 13:02:12.035 [lettuce-epollEventLoop-5-1] WARN  b.u.b.i.w.VehiclePositionHandler - Failed to broadcast vehicle position: FAIL_ZERO_SUBSCRIBER
2025-11-20 13:02:12.035 [lettuce-epollEventLoop-5-1] WARN  b.u.b.i.w.VehiclePositionHandler - Failed to broadcast vehicle position: FAIL_ZERO_SUBSCRIBER
2025-11-20 13:02:12.035 [lettuce-epollEventLoop-5-1] WARN  b.u.b.i.w.VehiclePositionHandler - Failed to broadcast vehicle position: FAIL_ZERO_SUBSCRIBER
2025-11-20 13:02:12.035 [lettuce-epollEventLoop-5-1] WARN  b.u.b.i.w.VehiclePositionHandler - Failed to broadcast vehicle position: FAIL_ZERO_SUBSCRIBER
2025-11-20 13:02:12.035 [lettuce-epollEventLoop-5-1] WARN  b.u.b.i.w.VehiclePositionHandler - Failed to broadcast vehicle position: FAIL_ZERO_SUBSCRIBER
2025-11-20 13:02:12.035 [lettuce-epollEventLoop-5-1] WARN  b.u.b.i.w.VehiclePositionHandler - Failed to broadcast vehicle position: FAIL_ZERO_SUBSCRIBER
2025-11-20 13:02:12.035 [lettuce-epollEventLoop-5-2] WARN  b.u.b.i.w.VehiclePositionHandler - Error parsing Redis message: Cannot construct instance of `biz.ugur.busroutebackend.transport.infrastructure.messaging.VehiclePositionWebSocketMessage` (no Creators, like default constructor, exist): cannot deserialize from Object value (no delegate- or property-based Creator)
 at [Source: REDACTED (`StreamReadFeature.INCLUDE_SOURCE_IN_LOCATION` disabled); line: 1, column: 2]
2025-11-20 13:02:12.035 [lettuce-epollEventLoop-5-1] WARN  b.u.b.i.w.VehiclePositionHandler - Failed to broadcast vehicle position: FAIL_ZERO_SUBSCRIBER
2025-11-20 13:02:12.035 [lettuce-epollEventLoop-5-1] WARN  b.u.b.i.w.VehiclePositionHandler - Failed to broadcast vehicle position: FAIL_ZERO_SUBSCRIBER
2025-11-20 13:02:12.036 [lettuce-epollEventLoop-5-2] WARN  b.u.b.i.w.VehiclePositionHandler - Error parsing Redis message: Cannot construct instance of `biz.ugur.busroutebackend.transport.infrastructure.messaging.VehiclePositionWebSocketMessage` (no Creators, like default constructor, exist): cannot deserialize from Object value (no delegate- or property-based Creator)
 at [Source: REDACTED (`StreamReadFeature.INCLUDE_SOURCE_IN_LOCATION` disabled); line: 1, column: 2]
2025-11-20 13:02:12.036 [lettuce-epollEventLoop-5-1] WARN  b.u.b.i.w.VehiclePositionHandler - Failed to broadcast vehicle position: FAIL_ZERO_SUBSCRIBER
2025-11-20 13:02:12.036 [lettuce-epollEventLoop-5-2] WARN  b.u.b.i.w.VehiclePositionHandler - Error parsing Redis message: Cannot construct instance of `biz.ugur.busroutebackend.transport.infrastructure.messaging.VehiclePositionWebSocketMessage` (no Creators, like default constructor, exist): cannot deserialize from Object value (no delegate- or property-based Creator)
 at [Source: REDACTED (`StreamReadFeature.INCLUDE_SOURCE_IN_LOCATION` disabled); line: 1, column: 2]
2025-11-20 13:02:12.036 [lettuce-epollEventLoop-5-1] WARN  b.u.b.i.w.VehiclePositionHandler - Failed to broadcast vehicle position: FAIL_ZERO_SUBSCRIBER
2025-11-20 13:02:12.036 [lettuce-epollEventLoop-5-2] WARN  b.u.b.i.w.VehiclePositionHandler - Error parsing Redis message: Cannot construct instance of `biz.ugur.busroutebackend.transport.infrastructure.messaging.VehiclePositionWebSocketMessage` (no Creators, like default constructor, exist): cannot deserialize from Object value (no delegate- or property-based Creator)
 at [Source: REDACTED (`StreamReadFeature.INCLUDE_SOURCE_IN_LOCATION` disabled); line: 1, column: 2]
2025-11-20 13:02:12.036 [lettuce-epollEventLoop-5-2] WARN  b.u.b.i.w.VehiclePositionHandler - Error parsing Redis message: Cannot construct instance of `biz.ugur.busroutebackend.transport.infrastructure.messaging.VehiclePositionWebSocketMessage` (no Creators, like default constructor, exist): cannot deserialize from Object value (no delegate- or property-based Creator)
 at [Source: REDACTED (`StreamReadFeature.INCLUDE_SOURCE_IN_LOCATION` disabled); line: 1, column: 2]
2025-11-20 13:02:12.036 [lettuce-epollEventLoop-5-1] WARN  b.u.b.i.w.VehiclePositionHandler - Failed to broadcast vehicle position: FAIL_ZERO_SUBSCRIBER
2025-11-20 13:02:12.036 [lettuce-epollEventLoop-5-2] WARN  b.u.b.i.w.VehiclePositionHandler - Error parsing Redis message: Cannot construct instance of `biz.ugur.busroutebackend.transport.infrastructure.messaging.VehiclePositionWebSocketMessage` (no Creators, like default constructor, exist): cannot deserialize from Object value (no delegate- or property-based Creator)
 at [Source: REDACTED (`StreamReadFeature.INCLUDE_SOURCE_IN_LOCATION` disabled); line: 1, column: 2]
2025-11-20 13:02:12.036 [lettuce-epollEventLoop-5-2] WARN  b.u.b.i.w.VehiclePositionHandler - Error parsing Redis message: Cannot construct instance of `biz.ugur.busroutebackend.transport.infrastructure.messaging.VehiclePositionWebSocketMessage` (no Creators, like default constructor, exist): cannot deserialize from Object value (no delegate- or property-based Creator)
 at [Source: REDACTED (`StreamReadFeature.INCLUDE_SOURCE_IN_LOCATION` disabled); line: 1, column: 2]
2025-11-20 13:02:12.036 [lettuce-epollEventLoop-5-1] WARN  b.u.b.i.w.VehiclePositionHandler - Failed to broadcast vehicle position: FAIL_ZERO_SUBSCRIBER
2025-11-20 13:02:12.036 [lettuce-epollEventLoop-5-2] WARN  b.u.b.i.w.VehiclePositionHandler - Error parsing Redis message: Cannot construct instance of `biz.ugur.busroutebackend.transport.infrastructure.messaging.VehiclePositionWebSocketMessage` (no Creators, like default constructor, exist): cannot deserialize from Object value (no delegate- or property-based Creator)
 at [Source: REDACTED (`StreamReadFeature.INCLUDE_SOURCE_IN_LOCATION` disabled); line: 1, column: 2]
2025-11-20 13:02:12.036 [lettuce-epollEventLoop-5-1] WARN  b.u.b.i.w.VehiclePositionHandler - Failed to broadcast vehicle position: FAIL_ZERO_SUBSCRIBER
2025-11-20 13:02:12.036 [lettuce-epollEventLoop-5-2] WARN  b.u.b.i.w.VehiclePositionHandler - Error parsing Redis message: Cannot construct instance of `biz.ugur.busroutebackend.transport.infrastructure.messaging.VehiclePositionWebSocketMessage` (no Creators, like default constructor, exist): cannot deserialize from Object value (no delegate- or property-based Creator)
 at [Source: REDACTED (`StreamReadFeature.INCLUDE_SOURCE_IN_LOCATION` disabled); line: 1, column: 2]
2025-11-20 13:02:12.036 [lettuce-epollEventLoop-5-2] WARN  b.u.b.i.w.VehiclePositionHandler - Error parsing Redis message: Cannot construct instance of `biz.ugur.busroutebackend.transport.infrastructure.messaging.VehiclePositionWebSocketMessage` (no Creators, like default constructor, exist): cannot deserialize from Object value (no delegate- or property-based Creator)
 at [Source: REDACTED (`StreamReadFeature.INCLUDE_SOURCE_IN_LOCATION` disabled); line: 1, column: 2]
2025-11-20 13:02:12.036 [lettuce-epollEventLoop-5-1] WARN  b.u.b.i.w.VehiclePositionHandler - Failed to broadcast vehicle position: FAIL_ZERO_SUBSCRIBER
2025-11-20 13:02:12.036 [lettuce-epollEventLoop-5-2] WARN  b.u.b.i.w.VehiclePositionHandler - Error parsing Redis message: Cannot construct instance of `biz.ugur.busroutebackend.transport.infrastructure.messaging.VehiclePositionWebSocketMessage` (no Creators, like default constructor, exist): cannot deserialize from Object value (no delegate- or property-based Creator)
 at [Source: REDACTED (`StreamReadFeature.INCLUDE_SOURCE_IN_LOCATION` disabled); line: 1, column: 2]
2025-11-20 13:02:12.036 [lettuce-epollEventLoop-5-2] WARN  b.u.b.i.w.VehiclePositionHandler - Error parsing Redis message: Cannot construct instance of `biz.ugur.busroutebackend.transport.infrastructure.messaging.VehiclePositionWebSocketMessage` (no Creators, like default constructor, exist): cannot deserialize from Object value (no delegate- or property-based Creator)
 at [Source: REDACTED (`StreamReadFeature.INCLUDE_SOURCE_IN_LOCATION` disabled); line: 1, column: 2]
2025-11-20 13:02:12.036 [lettuce-epollEventLoop-5-1] WARN  b.u.b.i.w.VehiclePositionHandler - Failed to broadcast vehicle position: FAIL_ZERO_SUBSCRIBER
2025-11-20 13:02:12.036 [lettuce-epollEventLoop-5-2] WARN  b.u.b.i.w.VehiclePositionHandler - Error parsing Redis message: Cannot construct instance of `biz.ugur.busroutebackend.transport.infrastructure.messaging.VehiclePositionWebSocketMessage` (no Creators, like default constructor, exist): cannot deserialize from Object value (no delegate- or property-based Creator)
 at [Source: REDACTED (`StreamReadFeature.INCLUDE_SOURCE_IN_LOCATION` disabled); line: 1, column: 2]
2025-11-20 13:02:12.036 [lettuce-epollEventLoop-5-1] WARN  b.u.b.i.w.VehiclePositionHandler - Failed to broadcast vehicle position: FAIL_ZERO_SUBSCRIBER
2025-11-20 13:02:12.036 [lettuce-epollEventLoop-5-2] WARN  b.u.b.i.w.VehiclePositionHandler - Error parsing Redis message: Cannot construct instance of `biz.ugur.busroutebackend.transport.infrastructure.messaging.VehiclePositionWebSocketMessage` (no Creators, like default constructor, exist): cannot deserialize from Object value (no delegate- or property-based Creator)
 at [Source: REDACTED (`StreamReadFeature.INCLUDE_SOURCE_IN_LOCATION` disabled); line: 1, column: 2]
2025-11-20 13:02:12.036 [lettuce-epollEventLoop-5-1] WARN  b.u.b.i.w.VehiclePositionHandler - Failed to broadcast vehicle position: FAIL_ZERO_SUBSCRIBER
2025-11-20 13:02:12.036 [lettuce-epollEventLoop-5-2] WARN  b.u.b.i.w.VehiclePositionHandler - Error parsing Redis message: Cannot construct instance of `biz.ugur.busroutebackend.transport.infrastructure.messaging.VehiclePositionWebSocketMessage` (no Creators, like default constructor, exist): cannot deserialize from Object value (no delegate- or property-based Creator)
 at [Source: REDACTED (`StreamReadFeature.INCLUDE_SOURCE_IN_LOCATION` disabled); line: 1, column: 2]
2025-11-20 13:02:12.036 [lettuce-epollEventLoop-5-2] WARN  b.u.b.i.w.VehiclePositionHandler - Error parsing Redis message: Cannot construct instance of `biz.ugur.busroutebackend.transport.infrastructure.messaging.VehiclePositionWebSocketMessage` (no Creators, like default constructor, exist): cannot deserialize from Object value (no delegate- or property-based Creator)
 at [Source: REDACTED (`StreamReadFeature.INCLUDE_SOURCE_IN_LOCATION` disabled); line: 1, column: 2]
2025-11-20 13:02:12.036 [lettuce-epollEventLoop-5-1] WARN  b.u.b.i.w.VehiclePositionHandler - Failed to broadcast vehicle position: FAIL_ZERO_SUBSCRIBER
2025-11-20 13:02:12.036 [lettuce-epollEventLoop-5-2] WARN  b.u.b.i.w.VehiclePositionHandler - Error parsing Redis message: Cannot construct instance of `biz.ugur.busroutebackend.transport.infrastructure.messaging.VehiclePositionWebSocketMessage` (no Creators, like default constructor, exist): cannot deserialize from Object value (no delegate- or property-based Creator)
 at [Source: REDACTED (`StreamReadFeature.INCLUDE_SOURCE_IN_LOCATION` disabled); line: 1, column: 2]
2025-11-20 13:02:12.037 [lettuce-epollEventLoop-5-2] WARN  b.u.b.i.w.VehiclePositionHandler - Error parsing Redis message: Cannot construct instance of `biz.ugur.busroutebackend.transport.infrastructure.messaging.VehiclePositionWebSocketMessage` (no Creators, like default constructor, exist): cannot deserialize from Object value (no delegate- or property-based Creator)
 at [Source: REDACTED (`StreamReadFeature.INCLUDE_SOURCE_IN_LOCATION` disabled); line: 1, column: 2]
2025-11-20 13:02:12.037 [lettuce-epollEventLoop-5-1] WARN  b.u.b.i.w.VehiclePositionHandler - Failed to broadcast vehicle position: FAIL_ZERO_SUBSCRIBER
2025-11-20 13:02:12.037 [lettuce-epollEventLoop-5-2] WARN  b.u.b.i.w.VehiclePositionHandler - Error parsing Redis message: Cannot construct instance of `biz.ugur.busroutebackend.transport.infrastructure.messaging.VehiclePositionWebSocketMessage` (no Creators, like default constructor, exist): cannot deserialize from Object value (no delegate- or property-based Creator)
 at [Source: REDACTED (`StreamReadFeature.INCLUDE_SOURCE_IN_LOCATION` disabled); line: 1, column: 2]
2025-11-20 13:02:12.037 [lettuce-epollEventLoop-5-1] WARN  b.u.b.i.w.VehiclePositionHandler - Failed to broadcast vehicle position: FAIL_ZERO_SUBSCRIBER
2025-11-20 13:02:12.037 [lettuce-epollEventLoop-5-2] WARN  b.u.b.i.w.VehiclePositionHandler - Error parsing Redis message: Cannot construct instance of `biz.ugur.busroutebackend.transport.infrastructure.messaging.VehiclePositionWebSocketMessage` (no Creators, like default constructor, exist): cannot deserialize from Object value (no delegate- or property-based Creator)
 at [Source: REDACTED (`StreamReadFeature.INCLUDE_SOURCE_IN_LOCATION` disabled); line: 1, column: 2]
2025-11-20 13:02:12.037 [lettuce-epollEventLoop-5-1] WARN  b.u.b.i.w.VehiclePositionHandler - Failed to broadcast vehicle position: FAIL_ZERO_SUBSCRIBER
2025-11-20 13:02:12.037 [lettuce-epollEventLoop-5-2] WARN  b.u.b.i.w.VehiclePositionHandler - Error parsing Redis message: Cannot construct instance of `biz.ugur.busroutebackend.transport.infrastructure.messaging.VehiclePositionWebSocketMessage` (no Creators, like default constructor, exist): cannot deserialize from Object value (no delegate- or property-based Creator)
 at [Source: REDACTED (`StreamReadFeature.INCLUDE_SOURCE_IN_LOCATION` disabled); line: 1, column: 2]
2025-11-20 13:02:12.037 [lettuce-epollEventLoop-5-2] WARN  b.u.b.i.w.VehiclePositionHandler - Error parsing Redis message: Cannot construct instance of `biz.ugur.busroutebackend.transport.infrastructure.messaging.VehiclePositionWebSocketMessage` (no Creators, like default constructor, exist): cannot deserialize from Object value (no delegate- or property-based Creator)
 at [Source: REDACTED (`StreamReadFeature.INCLUDE_SOURCE_IN_LOCATION` disabled); line: 1, column: 2]
2025-11-20 13:02:12.037 [lettuce-epollEventLoop-5-1] WARN  b.u.b.i.w.VehiclePositionHandler - Failed to broadcast vehicle position: FAIL_ZERO_SUBSCRIBER
2025-11-20 13:02:12.037 [lettuce-epollEventLoop-5-2] WARN  b.u.b.i.w.VehiclePositionHandler - Error parsing Redis message: Cannot construct instance of `biz.ugur.busroutebackend.transport.infrastructure.messaging.VehiclePositionWebSocketMessage` (no Creators, like default constructor, exist): cannot deserialize from Object value (no delegate- or property-based Creator)
 at [Source: REDACTED (`StreamReadFeature.INCLUDE_SOURCE_IN_LOCATION` disabled); line: 1, column: 2]
2025-11-20 13:02:12.037 [lettuce-epollEventLoop-5-1] WARN  b.u.b.i.w.VehiclePositionHandler - Failed to broadcast vehicle position: FAIL_ZERO_SUBSCRIBER
2025-11-20 13:02:12.037 [lettuce-epollEventLoop-5-2] WARN  b.u.b.i.w.VehiclePositionHandler - Error parsing Redis message: Cannot construct instance of `biz.ugur.busroutebackend.transport.infrastructure.messaging.VehiclePositionWebSocketMessage` (no Creators, like default constructor, exist): cannot deserialize from Object value (no delegate- or property-based Creator)
 at [Source: REDACTED (`StreamReadFeature.INCLUDE_SOURCE_IN_LOCATION` disabled); line: 1, column: 2]
2025-11-20 13:02:12.037 [lettuce-epollEventLoop-5-1] WARN  b.u.b.i.w.VehiclePositionHandler - Failed to broadcast vehicle position: FAIL_ZERO_SUBSCRIBER
2025-11-20 13:02:12.037 [lettuce-epollEventLoop-5-2] WARN  b.u.b.i.w.VehiclePositionHandler - Error parsing Redis message: Cannot construct instance of `biz.ugur.busroutebackend.transport.infrastructure.messaging.VehiclePositionWebSocketMessage` (no Creators, like default constructor, exist): cannot deserialize from Object value (no delegate- or property-based Creator)
 at [Source: REDACTED (`StreamReadFeature.INCLUDE_SOURCE_IN_LOCATION` disabled); line: 1, column: 2]
2025-11-20 13:02:12.037 [lettuce-epollEventLoop-5-2] WARN  b.u.b.i.w.VehiclePositionHandler - Error parsing Redis message: Cannot construct instance of `biz.ugur.busroutebackend.transport.infrastructure.messaging.VehiclePositionWebSocketMessage` (no Creators, like default constructor, exist): cannot deserialize from Object value (no delegate- or property-based Creator)
 at [Source: REDACTED (`StreamReadFeature.INCLUDE_SOURCE_IN_LOCATION` disabled); line: 1, column: 2]
2025-11-20 13:02:12.037 [lettuce-epollEventLoop-5-1] WARN  b.u.b.i.w.VehiclePositionHandler - Failed to broadcast vehicle position: FAIL_ZERO_SUBSCRIBER
2025-11-20 13:02:12.037 [lettuce-epollEventLoop-5-2] WARN  b.u.b.i.w.VehiclePositionHandler - Error parsing Redis message: Cannot construct instance of `biz.ugur.busroutebackend.transport.infrastructure.messaging.VehiclePositionWebSocketMessage` (no Creators, like default constructor, exist): cannot deserialize from Object value (no delegate- or property-based Creator)
 at [Source: REDACTED (`StreamReadFeature.INCLUDE_SOURCE_IN_LOCATION` disabled); line: 1, column: 2]
2025-11-20 13:02:12.037 [lettuce-epollEventLoop-5-1] WARN  b.u.b.i.w.VehiclePositionHandler - Failed to broadcast vehicle position: FAIL_ZERO_SUBSCRIBER
2025-11-20 13:02:12.037 [lettuce-epollEventLoop-5-1] WARN  b.u.b.i.w.VehiclePositionHandler - Failed to broadcast vehicle position: FAIL_ZERO_SUBSCRIBER
2025-11-20 13:02:12.037 [lettuce-epollEventLoop-5-1] WARN  b.u.b.i.w.VehiclePositionHandler - Failed to broadcast vehicle position: FAIL_ZERO_SUBSCRIBER
2025-11-20 13:02:12.037 [lettuce-epollEventLoop-5-1] WARN  b.u.b.i.w.VehiclePositionHandler - Failed to broadcast vehicle position: FAIL_ZERO_SUBSCRIBER
2025-11-20 13:02:12.038 [lettuce-epollEventLoop-5-1] WARN  b.u.b.i.w.VehiclePositionHandler - Failed to broadcast vehicle position: FAIL_ZERO_SUBSCRIBER
2025-11-20 13:02:12.038 [lettuce-epollEventLoop-5-1] WARN  b.u.b.i.w.VehiclePositionHandler - Failed to broadcast vehicle position: FAIL_ZERO_SUBSCRIBER
2025-11-20 13:02:12.038 [lettuce-epollEventLoop-5-1] WARN  b.u.b.i.w.VehiclePositionHandler - Failed to broadcast vehicle position: FAIL_ZERO_SUBSCRIBER
2025-11-20 13:02:12.038 [lettuce-epollEventLoop-5-1] WARN  b.u.b.i.w.VehiclePositionHandler - Failed to broadcast vehicle position: FAIL_ZERO_SUBSCRIBER
2025-11-20 13:02:12.038 [lettuce-epollEventLoop-5-1] WARN  b.u.b.i.w.VehiclePositionHandler - Failed to broadcast vehicle position: FAIL_ZERO_SUBSCRIBER
2025-11-20 13:02:12.038 [lettuce-epollEventLoop-5-2] WARN  b.u.b.i.w.VehiclePositionHandler - Error parsing Redis message: Cannot construct instance of `biz.ugur.busroutebackend.transport.infrastructure.messaging.VehiclePositionWebSocketMessage` (no Creators, like default constructor, exist): cannot deserialize from Object value (no delegate- or property-based Creator)
 at [Source: REDACTED (`StreamReadFeature.INCLUDE_SOURCE_IN_LOCATION` disabled); line: 1, column: 2]
2025-11-20 13:02:12.038 [lettuce-epollEventLoop-5-2] WARN  b.u.b.i.w.VehiclePositionHandler - Error parsing Redis message: Cannot construct instance of `biz.ugur.busroutebackend.transport.infrastructure.messaging.VehiclePositionWebSocketMessage` (no Creators, like default constructor, exist): cannot deserialize from Object value (no delegate- or property-based Creator)
 at [Source: REDACTED (`StreamReadFeature.INCLUDE_SOURCE_IN_LOCATION` disabled); line: 1, column: 2]
2025-11-20 13:02:12.038 [lettuce-epollEventLoop-5-2] WARN  b.u.b.i.w.VehiclePositionHandler - Error parsing Redis message: Cannot construct instance of `biz.ugur.busroutebackend.transport.infrastructure.messaging.VehiclePositionWebSocketMessage` (no Creators, like default constructor, exist): cannot deserialize from Object value (no delegate- or property-based Creator)
 at [Source: REDACTED (`StreamReadFeature.INCLUDE_SOURCE_IN_LOCATION` disabled); line: 1, column: 2]
2025-11-20 13:02:12.038 [lettuce-epollEventLoop-5-2] WARN  b.u.b.i.w.VehiclePositionHandler - Error parsing Redis message: Cannot construct instance of `biz.ugur.busroutebackend.transport.infrastructure.messaging.VehiclePositionWebSocketMessage` (no Creators, like default constructor, exist): cannot deserialize from Object value (no delegate- or property-based Creator)
 at [Source: REDACTED (`StreamReadFeature.INCLUDE_SOURCE_IN_LOCATION` disabled); line: 1, column: 2]
2025-11-20 13:02:12.038 [lettuce-epollEventLoop-5-2] WARN  b.u.b.i.w.VehiclePositionHandler - Error parsing Redis message: Cannot construct instance of `biz.ugur.busroutebackend.transport.infrastructure.messaging.VehiclePositionWebSocketMessage` (no Creators, like default constructor, exist): cannot deserialize from Object value (no delegate- or property-based Creator)
 at [Source: REDACTED (`StreamReadFeature.INCLUDE_SOURCE_IN_LOCATION` disabled); line: 1, column: 2]
2025-11-20 13:02:12.038 [lettuce-epollEventLoop-5-2] WARN  b.u.b.i.w.VehiclePositionHandler - Error parsing Redis message: Cannot construct instance of `biz.ugur.busroutebackend.transport.infrastructure.messaging.VehiclePositionWebSocketMessage` (no Creators, like default constructor, exist): cannot deserialize from Object value (no delegate- or property-based Creator)
 at [Source: REDACTED (`StreamReadFeature.INCLUDE_SOURCE_IN_LOCATION` disabled); line: 1, column: 2]
2025-11-20 13:02:12.039 [lettuce-epollEventLoop-5-2] WARN  b.u.b.i.w.VehiclePositionHandler - Error parsing Redis message: Cannot construct instance of `biz.ugur.busroutebackend.transport.infrastructure.messaging.VehiclePositionWebSocketMessage` (no Creators, like default constructor, exist): cannot deserialize from Object value (no delegate- or property-based Creator)
 at [Source: REDACTED (`StreamReadFeature.INCLUDE_SOURCE_IN_LOCATION` disabled); line: 1, column: 2]
2025-11-20 13:02:12.039 [lettuce-epollEventLoop-5-2] WARN  b.u.b.i.w.VehiclePositionHandler - Error parsing Redis message: Cannot construct instance of `biz.ugur.busroutebackend.transport.infrastructure.messaging.VehiclePositionWebSocketMessage` (no Creators, like default constructor, exist): cannot deserialize from Object value (no delegate- or property-based Creator)
 at [Source: REDACTED (`StreamReadFeature.INCLUDE_SOURCE_IN_LOCATION` disabled); line: 1, column: 2]
2025-11-20 13:02:12.039 [lettuce-epollEventLoop-5-2] WARN  b.u.b.i.w.VehiclePositionHandler - Error parsing Redis message: Cannot construct instance of `biz.ugur.busroutebackend.transport.infrastructure.messaging.VehiclePositionWebSocketMessage` (no Creators, like default constructor, exist): cannot deserialize from Object value (no delegate- or property-based Creator)
 at [Source: REDACTED (`StreamReadFeature.INCLUDE_SOURCE_IN_LOCATION` disabled); line: 1, column: 2]
2025-11-20 13:02:12.039 [lettuce-epollEventLoop-5-2] WARN  b.u.b.i.w.VehiclePositionHandler - Error parsing Redis message: Cannot construct instance of `biz.ugur.busroutebackend.transport.infrastructure.messaging.VehiclePositionWebSocketMessage` (no Creators, like default constructor, exist): cannot deserialize from Object value (no delegate- or property-based Creator)
 at [Source: REDACTED (`StreamReadFeature.INCLUDE_SOURCE_IN_LOCATION` disabled); line: 1, column: 2]
2025-11-20 13:02:12.039 [lettuce-epollEventLoop-5-2] WARN  b.u.b.i.w.VehiclePositionHandler - Error parsing Redis message: Cannot construct instance of `biz.ugur.busroutebackend.transport.infrastructure.messaging.VehiclePositionWebSocketMessage` (no Creators, like default constructor, exist): cannot deserialize from Object value (no delegate- or property-based Creator)
 at [Source: REDACTED (`StreamReadFeature.INCLUDE_SOURCE_IN_LOCATION` disabled); line: 1, column: 2]
2025-11-20 13:02:12.039 [lettuce-epollEventLoop-5-2] WARN  b.u.b.i.w.VehiclePositionHandler - Error parsing Redis message: Cannot construct instance of `biz.ugur.busroutebackend.transport.infrastructure.messaging.VehiclePositionWebSocketMessage` (no Creators, like default constructor, exist): cannot deserialize from Object value (no delegate- or property-based Creator)
 at [Source: REDACTED (`StreamReadFeature.INCLUDE_SOURCE_IN_LOCATION` disabled); line: 1, column: 2]
2025-11-20 13:02:12.039 [lettuce-epollEventLoop-5-2] WARN  b.u.b.i.w.VehiclePositionHandler - Error parsing Redis message: Cannot construct instance of `biz.ugur.busroutebackend.transport.infrastructure.messaging.VehiclePositionWebSocketMessage` (no Creators, like default constructor, exist): cannot deserialize from Object value (no delegate- or property-based Creator)
 at [Source: REDACTED (`StreamReadFeature.INCLUDE_SOURCE_IN_LOCATION` disabled); line: 1, column: 2]
2025-11-20 13:02:12.039 [lettuce-epollEventLoop-5-2] WARN  b.u.b.i.w.VehiclePositionHandler - Error parsing Redis message: Cannot construct instance of `biz.ugur.busroutebackend.transport.infrastructure.messaging.VehiclePositionWebSocketMessage` (no Creators, like default constructor, exist): cannot deserialize from Object value (no delegate- or property-based Creator)
 at [Source: REDACTED (`StreamReadFeature.INCLUDE_SOURCE_IN_LOCATION` disabled); line: 1, column: 2]
2025-11-20 13:02:12.039 [lettuce-epollEventLoop-5-2] WARN  b.u.b.i.w.VehiclePositionHandler - Error parsing Redis message: Cannot construct instance of `biz.ugur.busroutebackend.transport.infrastructure.messaging.VehiclePositionWebSocketMessage` (no Creators, like default constructor, exist): cannot deserialize from Object value (no delegate- or property-based Creator)
 at [Source: REDACTED (`StreamReadFeature.INCLUDE_SOURCE_IN_LOCATION` disabled); line: 1, column: 2]
2025-11-20 13:02:12.039 [lettuce-epollEventLoop-5-2] WARN  b.u.b.i.w.VehiclePositionHandler - Error parsing Redis message: Cannot construct instance of `biz.ugur.busroutebackend.transport.infrastructure.messaging.VehiclePositionWebSocketMessage` (no Creators, like default constructor, exist): cannot deserialize from Object value (no delegate- or property-based Creator)
 at [Source: REDACTED (`StreamReadFeature.INCLUDE_SOURCE_IN_LOCATION` disabled); line: 1, column: 2]
2025-11-20 13:02:12.080 [reactor-tcp-epoll-1] INFO  b.u.b.t.i.p.r.R2dbcVehicleRepository - Batch updated 80 vehicles
2025-11-20 13:02:12.089 [reactor-tcp-epoll-2] INFO  b.u.b.t.i.p.r.R2dbcVehicleRepository - Batch updated 99 vehicles
2025-11-20 13:02:12.096 [reactor-tcp-epoll-1] INFO  b.u.b.t.a.u.UpdateVehiclePositionsUseCase - Batch operations: 80 updated, 0 created
2025-11-20 13:02:12.098 [reactor-tcp-epoll-2] INFO  b.u.b.t.a.u.UpdateVehiclePositionsUseCase - Batch operations: 99 updated, 0 created
2025-11-20 13:02:12.097 [reactor-tcp-epoll-1] INFO  b.u.b.t.a.u.UpdateVehiclePositionsUseCase - GPS batch update completed: VehiclePositionUpdateResult[updatedCount=80, createdCount=0, failedCount=0, invalidCount=0, conflictCount=0, processedAt=2025-11-20T13:02:12.097414723, details=[UPDATED[device=1199819902056353792, vehicle=7a542e4b-364b-4d9d-9d06-9643da3661e5, plate=1321 AGH], UPDATED[device=1217192894860054528, vehicle=9f089ad9-92e0-4129-8e5b-c6f52eddfcd7, plate=1301 AGH], UPDATED[device=1209592627914297344, vehicle=c28b59fb-1a67-4850-b29f-8b9864824b59, plate=1402 AGG], UPDATED[device=1210783340542775296, vehicle=e75c3090-d75b-4498-a597-52b7de92090a, plate=1679 AGG], UPDATED[device=1208142914019086336, vehicle=8ef4b6d9-7396-49f0-97af-675e8dc8c2c0, plate=1338 AGH], UPDATED[device=1208141856563744768, vehicle=ee459570-c5ae-4607-84ed-91ee684aa778, plate=1330 AGG], UPDATED[device=1208860828154155008, vehicle=75cb495d-0836-4834-8bed-51076571708c, plate=1364 AGG], UPDATED[device=1204600559026524160, vehicle=0e35b362-9380-40bf-a186-240aed7af8a1, plate=1317 AGH], UPDATED[device=1210069087460478976, vehicle=e95c624d-f522-4e40-a8e6-6666b000f6c3, plate=1658 AGG], UPDATED[device=1209706179836727296, vehicle=c3750025-3bbf-401e-bc3a-8aa9b0c84aa5, plate=1670 AGG], UPDATED[device=1216573599754964992, vehicle=0c03401d-ad81-494d-88b6-b9222c8da8b7, plate=1420 AGG], UPDATED[device=1199890875933741056, vehicle=5b3c4fec-014d-46fe-bf83-ced3d3dd3215, plate=1252 AGH], UPDATED[device=1209653912685203456, vehicle=e6036286-0944-47ed-b205-735816d7e4fe, plate=6320 AGD], UPDATED[device=1216130801431957504, vehicle=dd46ce42-d141-4c92-aef5-7e8a9fb8c941, plate=1308 AGH], UPDATED[device=1209287945643839488, vehicle=7674fe2e-6038-42b8-9fd8-35f795e62b05, plate=1339 AGH], UPDATED[device=1206075852241195008, vehicle=607ed57a-3dc2-4ef4-8079-e58c4c17b30d, plate=1293 AGH], UPDATED[device=1217179060036390912, vehicle=5b87fd45-c543-4e8b-96a6-05bd74daaf2d, plate=1335 AGH], UPDATED[device=1209732947494785024, vehicle=5ea61c12-dad8-4850-a8e0-ef3f4ffbde16, plate=1952 AGH], UPDATED[device=1216814673962422272, vehicle=d6e4efc7-c46f-4b5f-b168-a884f988b897, plate=1396 AGG], UPDATED[device=1206754501118349312, vehicle=04504bc9-cf27-4915-85b6-32b11a309271, plate=1297 AGH], UPDATED[device=1209649675918069760, vehicle=b565540e-d0fd-4159-bfe4-5b085c03bb1d, plate=1605 AGG], UPDATED[device=1211029531729809408, vehicle=0a146852-cb58-42bb-aeac-137439f086fb, plate=1668 AGG], UPDATED[device=1210791235346976768, vehicle=da257f29-fb94-4617-9b68-cc52c72d90d8, plate=1540 AGG], UPDATED[device=1204296726417199104, vehicle=f60e8796-4e32-4c7d-bedc-93892e6b1d4e, plate=1282 AGH], UPDATED[device=1212592207257804800, vehicle=e32a4e35-b5a6-4efa-a1e7-902957afb216, plate=1522 AGG], UPDATED[device=1202323228421476352, vehicle=fb23d308-8cc6-4757-b3cc-622635dc6036, plate=1289 AGH], UPDATED[device=1210735022542376960, vehicle=08aef5f4-adbb-4177-ae4e-259f3b79f3a0, plate=1516 AGG], UPDATED[device=1216906017313607680, vehicle=27f9747e-1580-48e6-86a1-421e6a4714ed, plate=1263 AGH], UPDATED[device=1213195293848457216, vehicle=9102a49f-121f-42a6-becc-7812e66a711c, plate=1379 AGG], UPDATED[device=1211880267653009408, vehicle=100d3284-8ab5-4d34-a710-54150fb5d847, plate=1604 AGG], UPDATED[device=1216571737806950400, vehicle=c979984c-9f67-4c3f-9a95-a1d5f275ce0b, plate=1439 AGG], UPDATED[device=1211389165921587200, vehicle=e06970d5-33c1-4329-ab3c-b171280e0ba5, plate=1988 AGH], UPDATED[device=1206339382471249920, vehicle=499ddae9-75b7-421e-9260-afedf366a202, plate=1602 AGG], UPDATED[device=1208198935450177536, vehicle=5df06204-865d-4a5f-8817-798ea5272c36, plate=1343 AGH], UPDATED[device=1216131382317895680, vehicle=60782ac2-fe97-4e77-b49a-83f165695b4e, plate=1362 AGG], UPDATED[device=1211500285869117440, vehicle=7320f79f-ad53-4fd4-a28b-42f4d8fed1b2, plate=1920 AGH], UPDATED[device=1209668019400429568, vehicle=1fda9b99-7710-48e4-a80e-c9602655af2e, plate=1935 AGH], UPDATED[device=1211061397530824704, vehicle=50d5484d-1b15-42d3-8fb3-6f65382e51a3, plate=1909 AGH], UPDATED[device=1211114618278334464, vehicle=f27f15a7-0b2e-4b96-a007-3b59150a2feb, plate=1565 AGG], UPDATED[device=1216571220670238720, vehicle=b29909dc-3ba3-4074-b4b1-57c253b1af73, plate=1410 AGG], UPDATED[device=1210732162668777472, vehicle=debdd937-a4f2-4ef8-b467-98fb0e39c4b8, plate=1982 AGH], UPDATED[device=1208602326676492288, vehicle=6115cc47-9d39-46e8-a9ba-cd6ad17a43ec, plate=1278 AGH], UPDATED[device=1216488046153912320, vehicle=597ed7fe-1429-4b2e-9457-465bb58b24d7, plate=1369 AGG], UPDATED[device=1211499625488535552, vehicle=ad7c7e26-9182-44a5-9db2-bd333fca8944, plate=1993 AGH], UPDATED[device=1205962795800285184, vehicle=a1ca5df6-a685-418a-9725-676ed2c31369, plate=1373 AGG], UPDATED[device=1211400002765803520, vehicle=5b4dbe2c-4ba1-4274-9f94-4d241504cb9b, plate=1599 AGG], UPDATED[device=1208876358999166976, vehicle=8c417ae3-d62b-4bdd-8244-334d7f118c64, plate=1246 AGH], UPDATED[device=1210774528733696000, vehicle=3e886240-25c6-47bb-8396-adcdfb46d2a0, plate=1543 AGG], UPDATED[device=1212609662541844480, vehicle=2089880c-66a0-4153-92c0-7f731c4610fa, plate=1525 AGG], UPDATED[device=1205945273105469440, vehicle=bf8a2afc-86f0-46e0-8cad-0a93e82af454, plate=1273 AGH], UPDATED[device=1206676240967356416, vehicle=9c407b3e-8b41-444c-a853-3f90a8d29c3b, plate=1349 AGG], UPDATED[device=1211530699249766400, vehicle=34947a83-8a5e-48c9-9cc4-a1d4d68796b1, plate=1548 AGG], UPDATED[device=1209581658395856896, vehicle=0c234f9a-ba32-428d-89c5-fb91cb16ed09, plate=1526 AGG], UPDATED[device=1217302061205639168, vehicle=87237848-d40f-461c-b1ac-922de1c51cea, plate=1381 AGG], UPDATED[device=1217194664206225408, vehicle=4c7011d1-23cf-4cb2-9df3-bbdd4856a504, plate=1346 AGG], UPDATED[device=1212105330251747328, vehicle=5a361a41-e86d-4909-9f13-105cb59d53e0, plate=1698 AGG], UPDATED[device=1208152611103133696, vehicle=92c4825c-760c-4d17-9a81-fb3e6c75076e, plate=1320 AGG], UPDATED[device=1203813838936559616, vehicle=5d5ad3ac-fd5a-4014-ae06-db79fa7b889e, plate=1226 AGH], UPDATED[device=1212188977155756032, vehicle=229c862f-71d5-4956-9deb-406938e4c2fd, plate=1949 AGH], UPDATED[device=1203523867386269696, vehicle=8f11376b-4da1-40d9-85cd-89490243ec1c, plate=1262 AGH], UPDATED[device=1209972571144146944, vehicle=5d4f73d2-382e-4829-a3e6-b891d642d257, plate=1503 AGG], UPDATED[device=1206714021311631360, vehicle=d20f21df-d549-4e72-8c49-1fcdfbeeaa65, plate=1322 AGH], UPDATED[device=1204622566329896960, vehicle=bc99caef-ce07-4cc6-ac71-2a33a052eed8, plate=1232 AGH], UPDATED[device=1211032519294799872, vehicle=bb091444-51c4-4ae2-b8f7-bc059cecbf60, plate=1913 AGH], UPDATED[device=1212549062075830272, vehicle=71ba5a41-57cd-4258-b9fd-c7d1ed8ed64d, plate=1680 AGG], UPDATED[device=1212184461442240512, vehicle=90b679b4-cdcd-421f-b8a0-3cb23a46734d, plate=1360 AGG], UPDATED[device=1217193456783544320, vehicle=16556ae2-d836-4901-b021-0abef67452c1, plate=1328 AGH], UPDATED[device=1208928508945059840, vehicle=ec16d895-e75a-4b8d-95b8-88f542cd8a4e, plate=1323 AGH], UPDATED[device=1211130883889909760, vehicle=ca6dc222-47d8-43e8-bf8a-29f010c71a1b, plate=1325 AGH], UPDATED[device=1211043194708643840, vehicle=7b93a6dc-b72a-47e4-a8af-e97160791ccd, plate=1550 AGG], UPDATED[device=1209645388878008320, vehicle=224e7038-808d-458c-b623-9c810ab819a9, plate=1901 AGH], UPDATED[device=1206394802984407040, vehicle=8d70464b-c960-41c5-a184-dd7228492408, plate=1261 AGH], UPDATED[device=1211407519935844352, vehicle=e66c0e98-6750-4d63-940b-992a93f824c8, plate=1685 AGG], UPDATED[device=1217313722264145920, vehicle=6cdc1ffb-bc82-4b9f-baad-4f225ec61cd4, plate=1329 AGH], UPDATED[device=1211097208259301376, vehicle=78c8fba9-6200-45f3-a837-0172b1de7b62, plate=1681 AGG], UPDATED[device=1210685895834030080, vehicle=e187ae78-20db-476a-a2e7-37dc6d66d25e, plate=1918 AGH], UPDATED[device=1202055006363275264, vehicle=561a523a-56f1-4912-8ec8-ae08a62e02eb, plate=1146 AGG], UPDATED[device=1216490345861435392, vehicle=47d7f873-c58d-4c89-a0b5-6c31e684a30f, plate=1306 AGH], UPDATED[device=1217178326200963072, vehicle=f14a49ae-a241-45f1-aeb6-0df8b75717c6, plate=1390 AGG], UPDATED[device=1209925075046977536, vehicle=21b2a09e-d1b7-4563-abad-50a06ac1c40c, plate=1912 AGH]]]
2025-11-20 13:02:12.098 [reactor-tcp-epoll-2] INFO  b.u.b.t.a.u.UpdateVehiclePositionsUseCase - GPS batch update completed: VehiclePositionUpdateResult[updatedCount=99, createdCount=0, failedCount=0, invalidCount=0, conflictCount=0, processedAt=2025-11-20T13:02:12.098514368, details=[UPDATED[device=1208505611478847488, vehicle=5c52d065-0cac-4e1d-87e5-561528e7f07e, plate=1286 AGH], UPDATED[device=1209979268709437440, vehicle=00dc8612-e7c2-4add-8289-d42ba872de9e, plate=1536 AGG], UPDATED[device=1202067948496441344, vehicle=4b52e4d1-6d7c-4a02-9a0e-b21aace6d465, plate=1242 AGH], UPDATED[device=1209731274760212480, vehicle=f6e9c87a-ced2-4552-a42c-ee9564035ebd, plate=1928 AGH], UPDATED[device=1203045275212664832, vehicle=2ea83e87-1d0b-49aa-8c8d-0661578ca1ce, plate=1231 AGH], UPDATED[device=1202089668267692032, vehicle=1f03e4be-4a6e-41a1-b944-51001000b9f3, plate=1224 AGH], UPDATED[device=1203943532897980416, vehicle=1beab06a-c091-42f7-b17c-3eb6dc2a6a1c, plate=1248 AGH], UPDATED[device=1207074022991548416, vehicle=f1d64618-ac08-4c30-a8e9-743e14a54173, plate=1318 AGH], UPDATED[device=1201972683936583680, vehicle=19451d27-5e4d-4199-acba-ba14e6337b11, plate=1285 AGH], UPDATED[device=1206777153941884928, vehicle=46825836-8c8c-474a-8448-9b885908acd1, plate=1344 AGG], UPDATED[device=1204620349300494336, vehicle=3122d246-8cdb-45f6-9364-6282cd34a2d0, plate=1397 AGG], UPDATED[device=1209666314382299136, vehicle=2d260c81-420a-4787-99fe-39f0a30f9311, plate=1585 AGG], UPDATED[device=1210772726848114688, vehicle=350b5dc7-0614-496b-bfed-6914cf02755f, plate=1577 AGG], UPDATED[device=1207045360455995392, vehicle=63aeee07-5d97-489a-a6e2-ce405bcb000a, plate=1307 AGH], UPDATED[device=1210030826801287168, vehicle=9bd1812e-9792-45f2-8e3f-a2b43300c89e, plate=1501 AGG], UPDATED[device=1208481448508739584, vehicle=0cf337bc-45e2-429d-a505-d6cecc9d7492, plate=1606 AGG], UPDATED[device=1217293783507619840, vehicle=e12f3963-bd5d-4647-92f2-d1f2055631bc, plate=1366 AGG], UPDATED[device=1211868750123585536, vehicle=7c31b22d-6b3d-4664-97cd-33483d86c771, plate=1699 AGG], UPDATED[device=1209979364092104704, vehicle=c53daea4-7dd8-4819-b31c-484a6ff12e89, plate=1575 AGG], UPDATED[device=1210025429474430976, vehicle=d6fa9138-07cb-4078-a594-b513a6aae78b, plate=1969 AGH], UPDATED[device=1210027165593325568, vehicle=8066edec-56c3-4d84-97d2-a2edae206fc0, plate=1425 AGG], UPDATED[device=1204631358505439232, vehicle=40d1935f-451f-4014-998b-0fde9883ee6d, plate=1294 AGH], UPDATED[device=1199882076590133248, vehicle=89c8abd9-05d2-4711-9b5d-c37ab0619996, plate=1247 AGH], UPDATED[device=1216905576462897152, vehicle=33140137-b6cb-4e90-a82f-9ee9def26c58, plate=1345 AGG], UPDATED[device=1216931728275492864, vehicle=fd107892-fd5b-467f-aeaa-10fba257096c, plate=1382 AGG], UPDATED[device=1209613564474773504, vehicle=8943c0ab-1dc4-440f-846d-ae186f8394a4, plate=1948 AGH], UPDATED[device=1210781637168812032, vehicle=c73fd876-1469-4889-a299-bffdc987ff59, plate=1930 AGH], UPDATED[device=1201998880712118272, vehicle=535046a2-3246-4e61-be4b-a9ebe07d33c6, plate=1230 AGH], UPDATED[device=1203061757619425280, vehicle=7e9d2f06-2c1b-4d55-aa1e-2d79ef6bc814, plate=1292 AGH], UPDATED[device=1211532333606457344, vehicle=1e53fb7a-25b0-4530-b7b1-24c11f17bc98, plate=1506 AGG], UPDATED[device=1202330366850060288, vehicle=154675a9-5169-441c-ae8e-f31a4cee781f, plate=1245 AGH], UPDATED[device=1212549912089284608, vehicle=e009a2a5-8a0e-4697-b485-6166ebb4ba5f, plate=1531 AGG], UPDATED[device=1209705505212289024, vehicle=03b9c7db-b42e-4ea2-aa82-31d40b976e80, plate=1659 AGG], UPDATED[device=1208882599720865792, vehicle=72621421-c3ad-4034-b25e-7222610d984b, plate=1244 AGH], UPDATED[device=1212193385843216384, vehicle=fb1228f0-8129-47d2-895b-ffc6da8cd9a4, plate=1966 AGH], UPDATED[device=1211038930393321472, vehicle=e3c393df-6214-4640-b9d0-5caf29d26b00, plate=1568 AGG], UPDATED[device=1203529830893834240, vehicle=8337405e-869d-4c91-b58d-580f6656650b, plate=1380 AGG], UPDATED[device=1206670049960742912, vehicle=2891d690-7f37-433f-bc0a-fa986af7e415, plate=1288 AGH], UPDATED[device=1182884945270624256, vehicle=659e4f37-6743-4f0d-b37f-eafcd050d275, plate=1556 AGG], UPDATED[device=1217300678221975552, vehicle=85da4748-8ca5-4ee6-bfe0-50aa34e9c76f, plate=1409 AGG], UPDATED[device=1202006863084998656, vehicle=ab2becaf-2085-40e2-a041-75420ec738d0, plate=1227 AGH], UPDATED[device=1211852111730659328, vehicle=6a96e74a-dae8-4113-8001-21e6cd0bae61, plate=1938 AGH], UPDATED[device=1210735665260744704, vehicle=9ca88c06-65c9-49f3-8762-cd20399d7191, plate=1936 AGH], UPDATED[device=1211500887261007872, vehicle=73b1f131-a6d6-4019-ad9b-78c4cf9b922b, plate=1547 AGG], UPDATED[device=1216486836801851392, vehicle=98b7db62-c370-4d82-b041-abc3d57edeed, plate=1375 AGG], UPDATED[device=1217314279498403840, vehicle=de924593-1d35-4b72-a978-a4cb157d022b, plate=1372 AGG], UPDATED[device=1211050011224395776, vehicle=ac0d4e92-daea-497d-9ebc-39d2b49d9f0a, plate=1399 AGG], UPDATED[device=1208281381407510528, vehicle=18338170-22c7-4d3a-beef-36f4db81c0f9, plate=1299 AGH], UPDATED[device=1206405997581783040, vehicle=76d1a027-5063-4cda-9cb6-03db3d635165, plate=1633 AGG], UPDATED[device=1209972034881409024, vehicle=9087db8d-06f5-4f28-8df4-1d91f9d30c98, plate=1583 AGG], UPDATED[device=1216574704299757568, vehicle=25bdf3aa-162d-4680-82c1-314006c6a8c2, plate=1429 AGG], UPDATED[device=1211135674099650560, vehicle=8b923b15-7641-4985-b386-f4d19f060a07, plate=1905 AGH], UPDATED[device=1211426828619829248, vehicle=eee30da0-d65c-4ec7-b05e-8e449353e67f, plate=1560 AGG], UPDATED[device=1216904594349838336, vehicle=d3e49baa-25b2-449b-9555-ab2649c2fb8a, plate=1498 AGG], UPDATED[device=1211019322340888576, vehicle=e620c052-e452-4fc9-80a2-e8be71c873a0, plate=1572 AGG], UPDATED[device=1199917744758411264, vehicle=52d910a7-64d3-405a-baaa-89efef243304, plate=1336 AGH], UPDATED[device=1212607959180464128, vehicle=62e4dcc2-8c6f-4c33-8192-f87f5a5ae444, plate=1507 AGG], UPDATED[device=1216816291323793408, vehicle=151353ca-c9c2-4909-a0b6-27cbaf862e53, plate=1413 AGG], UPDATED[device=1212152112981692416, vehicle=b6e97a64-a781-4c23-8df3-a9ad0279e57f, plate=1533 AGG], UPDATED[device=1211786567841173504, vehicle=13535036-87ec-4de8-90a8-677127107f81, plate=1593 AGG], UPDATED[device=1209601854158360576, vehicle=ade99a58-af61-4f05-97ef-fc6ef7561e0b, plate=1567 AGG], UPDATED[device=1206407257458429952, vehicle=baf4fdac-598e-4b11-8cd2-04fc9ec14436, plate=1603 AGG], UPDATED[device=1210008827202850816, vehicle=3c4f46db-ee87-4891-bf39-8e660b2602b9, plate=1518 AGG], UPDATED[device=1218664994871398400, vehicle=c6f55e00-febb-4004-a5af-2366674890bb, plate=1667 AGG], UPDATED[device=1202438392198156288, vehicle=e8d9a760-0c00-413c-819b-ae607ec729a0, plate=1225 AGH], UPDATED[device=1206031060073402368, vehicle=1d0d6137-4ded-4eba-aef1-bdf4d40a651a, plate=1265 AGH], UPDATED[device=1212481377149341696, vehicle=2e7f0fd8-9479-430f-9326-5cf87552e818, plate=1903 AGH], UPDATED[device=1216468597749272576, vehicle=29dbce43-a9e9-47fa-94dd-f63f8c45a65f, plate=1316 AGH], UPDATED[device=1217194067109302272, vehicle=9e45a000-6055-4ea3-8165-1fc1a44a0275, plate=1378 AGG], UPDATED[device=1209580859070566400, vehicle=1dc21dd8-2b03-44d2-948f-b6a31e72a83f, plate=1401 AGG], UPDATED[device=1216938466412285952, vehicle=5b1b29d8-0fbc-4835-90da-a2e0f16cf13e, plate=1407 AGG], UPDATED[device=1199916244661391360, vehicle=0ac3dbe3-bc92-4afe-97d9-05f20f842637, plate=1279 AGH], UPDATED[device=1210029897163165696, vehicle=61c60f33-dadc-472d-a98b-4be3cd1ec35c, plate=1303 AGH], UPDATED[device=1209930964571213824, vehicle=b5128d47-3c82-4cdc-93c2-2bc1b5593f99, plate=1436 AGG], UPDATED[device=1212117040857567232, vehicle=67755e93-451e-4f0f-b609-ce8262ad8e53, plate=1240 AGH], UPDATED[device=1210014635990929408, vehicle=32717eac-4144-45ad-b71d-7fcbb323b617, plate=1549 AGG], UPDATED[device=1210791908323053568, vehicle=8d4c331a-67ef-4246-87b7-d919760615e1, plate=1426 AGG], UPDATED[device=1211097977079418880, vehicle=f0bacf8b-b3a5-4ba2-8bac-40c77ca50f20, plate=1315 AGH], UPDATED[device=1203556055569879040, vehicle=611daa26-a492-4df9-a7c4-dc482adaf6f1, plate=1284 AGH], UPDATED[device=1210054310700994560, vehicle=5ff4c342-dd88-4d06-b260-8007b4df85e8, plate=1553 AGG], UPDATED[device=1201964192442306560, vehicle=e65fbc35-5894-42cd-98f4-2fab3db4177b, plate=1238 AGH], UPDATED[device=1204159276839555072, vehicle=7019b6d1-5bf6-4301-932f-194e04c5c6ee, plate=1376 AGG], UPDATED[device=1212199974683758592, vehicle=453220ec-312c-4d6a-9c22-98d5b1a127a7, plate=1682 AGG], UPDATED[device=1212475509108330496, vehicle=a555dc0c-208b-4720-84fa-9e1d80e6b03b, plate=1529 AGG], UPDATED[device=1209945944750247936, vehicle=dac2de84-ddc9-46fa-9523-cb2f8806ab38, plate=1427 AGG], UPDATED[device=1211858260563546112, vehicle=da82de4e-c47c-4947-b826-c5a34674479e, plate=1673 AGG], UPDATED[device=1202354668219617280, vehicle=67e56782-8171-427b-98fa-07a3918ec761, plate=1276 AGH], UPDATED[device=1209703060545425408, vehicle=d3564d62-00c7-4239-a38f-789fbea48e93, plate=1233 AGH], UPDATED[device=1209668666770280448, vehicle=8133063a-1b41-46d5-a198-2b0f65c81c4c, plate=1528 AGG], UPDATED[device=1201762902021984256, vehicle=c72692fe-ba08-4215-b3f5-570a8b54b118, plate=1309 AGH], UPDATED[device=1208939003827671040, vehicle=8762014c-d049-4d4b-80df-a206fa7dee52, plate=1312 AGH], UPDATED[device=1211426200170483712, vehicle=c515826c-7bf8-4cba-b310-8c179336e127, plate=1990 AGH], UPDATED[device=1216932299359342592, vehicle=07018ffb-b963-4775-935e-4b556f5f5d8e, plate=1394 AGG], UPDATED[device=1204537729803833344, vehicle=74771546-d874-4785-831e-2142e69e6095, plate=1272 AGH], UPDATED[device=1210741686729396224, vehicle=cf19ef8a-262b-4af3-9edc-bfb69959876e, plate=1541 AGG], UPDATED[device=1208256426884157440, vehicle=bd911880-4274-4db6-8efc-eb54d52b9764, plate=1310 AGH], UPDATED[device=1212516462116425728, vehicle=86d3a3c4-241c-4052-90fa-c06d85b38130, plate=1512 AGG], UPDATED[device=1217301394743316480, vehicle=b7933b35-2465-45ed-ac31-8fa03e6fe5bf, plate=1412 AGG], UPDATED[device=1212137492522946560, vehicle=c472a61c-fddf-4714-8a4c-4cfdd785180d, plate=1546 AGG]]]
2025-11-20 13:02:12.099 [boundedElastic-3] INFO  b.u.b.t.s.VehicleDataScheduler - GPS update completed: duration=-7247908ms, updated=179, created=0, failed=0, invalid=0, conflict=0
2025-11-20 13:02:12.905 [reactor-http-epoll-6] INFO  b.u.b.s.i.external.BusInfoApiClient - Successfully fetched 349 bus route assignments
2025-11-20 13:02:12.905 [reactor-http-epoll-6] INFO  b.u.b.t.a.u.SyncBusRouteAssignmentsUseCase - Syncing route assignments for 349 buses - CorrelationId: CorrelationId[value=TRANS-28ce5892]
2025-11-20 13:02:13.016 [reactor-tcp-epoll-2] INFO  b.u.b.t.a.u.SyncBusRouteAssignmentsUseCase - Route assignment sync completed: BusRouteAssignmentResult[assignedCount=6, unchangedCount=0, failedCount=0, vehicleNotFoundCount=343, routeNotFoundCount=0, processedAt=2025-11-20T10:02:13.016551463Z]
2025-11-20 13:02:13.017 [reactor-tcp-epoll-2] INFO  b.u.b.t.s.VehicleDataScheduler - Initial route sync successful: assigned=6, unassigned=0, total=2025-11-20T10:02:13.016551463Z
2025-11-20 13:02:13.017 [reactor-tcp-epoll-2] INFO  b.u.b.t.s.VehicleDataScheduler - Initial route sync completed: BusRouteAssignmentResult[assignedCount=6, unchangedCount=0, failedCount=0, vehicleNotFoundCount=343, routeNotFoundCount=0, processedAt=2025-11-20T10:02:13.016551463Z]
2025-11-20 13:02:41.204 [reactor-http-epoll-5] INFO  b.u.b.s.i.external.GpsApiClient - Successfully fetched 167 GPS positions from 18 batches
2025-11-20 13:02:41.205 [parallel-5] INFO  b.u.b.t.a.u.UpdateVehiclePositionsUseCase - Processing 67 GPS positions (batch mode) - CorrelationId: CorrelationId[value=TRANS-6b29b683]
2025-11-20 13:02:41.205 [parallel-4] INFO  b.u.b.t.a.u.UpdateVehiclePositionsUseCase - Processing 100 GPS positions (batch mode) - CorrelationId: CorrelationId[value=TRANS-8913125e]
2025-11-20 13:02:41.210 [reactor-tcp-epoll-1] INFO  b.u.b.t.i.m.VehicleEventHandler - Handling VehiclePositionUpdated: VehiclePositionUpdatedEvent(vehicleId=e6036286-0944-47ed-b205-735816d7e4fe, deviceId=1209653912685203456, licensePlate=6320 AGD, routeNumber=128, latitude=37.978576, longitude=58.327148, speedKmh=0.0, isInMotion=false, positionTimestamp=2025-11-20T05:02:21, eventOccurredAt=2025-11-20T10:02:41.210037867Z, course=35.0)
2025-11-20 13:02:41.210 [reactor-tcp-epoll-2] INFO  b.u.b.t.i.m.VehicleEventHandler - Handling VehiclePositionUpdated: VehiclePositionUpdatedEvent(vehicleId=350b5dc7-0614-496b-bfed-6914cf02755f, deviceId=1210772726848114688, licensePlate=1577 AGG, routeNumber=null, latitude=37.911529, longitude=58.436511, speedKmh=27.0, isInMotion=true, positionTimestamp=2025-11-20T05:02:36, eventOccurredAt=2025-11-20T10:02:41.210209778Z, course=186.0)
2025-11-20 13:02:41.210 [reactor-tcp-epoll-1] INFO  b.u.b.t.i.m.VehicleEventHandler - Handling VehiclePositionUpdated: VehiclePositionUpdatedEvent(vehicleId=dd46ce42-d141-4c92-aef5-7e8a9fb8c941, deviceId=1216130801431957504, licensePlate=1308 AGH, routeNumber=13, latitude=37.919276, longitude=58.400417, speedKmh=0.0, isInMotion=false, positionTimestamp=2025-11-20T05:02:31, eventOccurredAt=2025-11-20T10:02:41.210461346Z, course=106.0)
2025-11-20 13:02:41.210 [reactor-tcp-epoll-2] INFO  b.u.b.t.i.m.VehicleEventHandler - Handling VehiclePositionUpdated: VehiclePositionUpdatedEvent(vehicleId=e811e8a5-3f44-4395-9f3b-9bdac67c3a60, deviceId=1211507536956706816, licensePlate=1521 AGG, routeNumber=96, latitude=38.004966, longitude=58.403932, speedKmh=45.0, isInMotion=true, positionTimestamp=2025-11-20T05:02:28, eventOccurredAt=2025-11-20T10:02:41.210473592Z, course=157.0)
2025-11-20 13:02:41.210 [reactor-tcp-epoll-1] INFO  b.u.b.t.i.m.VehicleEventHandler - Handling VehiclePositionUpdated: VehiclePositionUpdatedEvent(vehicleId=7674fe2e-6038-42b8-9fd8-35f795e62b05, deviceId=1209287945643839488, licensePlate=1339 AGH, routeNumber=113, latitude=37.911171, longitude=58.436394, speedKmh=48.0, isInMotion=true, positionTimestamp=2025-11-20T05:02:19, eventOccurredAt=2025-11-20T10:02:41.210554234Z, course=194.0)
2025-11-20 13:02:41.210 [reactor-tcp-epoll-2] INFO  b.u.b.t.i.m.VehicleEventHandler - Handling VehiclePositionUpdated: VehiclePositionUpdatedEvent(vehicleId=9bd1812e-9792-45f2-8e3f-a2b43300c89e, deviceId=1210030826801287168, licensePlate=1501 AGG, routeNumber=null, latitude=37.948928, longitude=58.3476, speedKmh=58.0, isInMotion=true, positionTimestamp=2025-11-20T05:02:25, eventOccurredAt=2025-11-20T10:02:41.210559428Z, course=301.0)
2025-11-20 13:02:41.210 [reactor-tcp-epoll-1] INFO  b.u.b.t.i.m.VehicleEventHandler - Handling VehiclePositionUpdated: VehiclePositionUpdatedEvent(vehicleId=ae82d655-2d5a-4aae-a2af-692698dbeff1, deviceId=1205971483462160384, licensePlate=1351 AGG, routeNumber=31, latitude=37.87525, longitude=58.359257, speedKmh=42.0, isInMotion=true, positionTimestamp=2025-11-20T05:02:20, eventOccurredAt=2025-11-20T10:02:41.210617240Z, course=208.0)
2025-11-20 13:02:41.210 [reactor-tcp-epoll-2] INFO  b.u.b.t.i.m.VehicleEventHandler - Handling VehiclePositionUpdated: VehiclePositionUpdatedEvent(vehicleId=0cf337bc-45e2-429d-a505-d6cecc9d7492, deviceId=1208481448508739584, licensePlate=1606 AGG, routeNumber=17, latitude=37.917349, longitude=58.441251, speedKmh=0.0, isInMotion=false, positionTimestamp=2025-11-20T05:02:34, eventOccurredAt=2025-11-20T10:02:41.210621500Z, course=256.0)
2025-11-20 13:02:41.210 [reactor-tcp-epoll-2] INFO  b.u.b.t.i.m.VehicleEventHandler - Handling VehiclePositionUpdated: VehiclePositionUpdatedEvent(vehicleId=7c31b22d-6b3d-4664-97cd-33483d86c771, deviceId=1211868750123585536, licensePlate=1699 AGG, routeNumber=null, latitude=37.950186, longitude=58.34487, speedKmh=35.0, isInMotion=true, positionTimestamp=2025-11-20T05:02:22, eventOccurredAt=2025-11-20T10:02:41.210670858Z, course=114.0)
2025-11-20 13:02:41.210 [reactor-tcp-epoll-1] INFO  b.u.b.t.i.m.VehicleEventHandler - Handling VehiclePositionUpdated: VehiclePositionUpdatedEvent(vehicleId=5b87fd45-c543-4e8b-96a6-05bd74daaf2d, deviceId=1217179060036390912, licensePlate=1335 AGH, routeNumber=13, latitude=37.942218, longitude=58.387969, speedKmh=41.0, isInMotion=true, positionTimestamp=2025-11-20T05:02:21, eventOccurredAt=2025-11-20T10:02:41.210673610Z, course=303.0)
2025-11-20 13:02:41.210 [reactor-tcp-epoll-2] INFO  b.u.b.t.i.m.VehicleEventHandler - Handling VehiclePositionUpdated: VehiclePositionUpdatedEvent(vehicleId=c53daea4-7dd8-4819-b31c-484a6ff12e89, deviceId=1209979364092104704, licensePlate=1575 AGG, routeNumber=null, latitude=37.940933, longitude=58.377471, speedKmh=27.0, isInMotion=true, positionTimestamp=2025-11-20T05:02:36, eventOccurredAt=2025-11-20T10:02:41.210735939Z, course=297.0)
2025-11-20 13:02:41.210 [reactor-tcp-epoll-1] INFO  b.u.b.t.i.m.VehicleEventHandler - Handling VehiclePositionUpdated: VehiclePositionUpdatedEvent(vehicleId=e06970d5-33c1-4329-ab3c-b171280e0ba5, deviceId=1211389165921587200, licensePlate=1988 AGH, routeNumber=101, latitude=37.924208, longitude=58.41371, speedKmh=21.0, isInMotion=true, positionTimestamp=2025-11-20T05:02:27, eventOccurredAt=2025-11-20T10:02:41.210773450Z, course=175.0)
2025-11-20 13:02:41.210 [reactor-tcp-epoll-2] INFO  b.u.b.t.i.m.VehicleEventHandler - Handling VehiclePositionUpdated: VehiclePositionUpdatedEvent(vehicleId=2d260c81-420a-4787-99fe-39f0a30f9311, deviceId=1209666314382299136, licensePlate=1585 AGG, routeNumber=39, latitude=37.978402, longitude=58.327571, speedKmh=0.0, isInMotion=false, positionTimestamp=2025-11-20T05:02:21, eventOccurredAt=2025-11-20T10:02:41.210793616Z, course=37.0)
2025-11-20 13:02:41.210 [reactor-tcp-epoll-2] INFO  b.u.b.t.i.m.VehicleEventHandler - Handling VehiclePositionUpdated: VehiclePositionUpdatedEvent(vehicleId=3122d246-8cdb-45f6-9364-6282cd34a2d0, deviceId=1204620349300494336, licensePlate=1397 AGG, routeNumber=70, latitude=37.915068, longitude=58.344803, speedKmh=33.0, isInMotion=true, positionTimestamp=2025-11-20T05:02:31, eventOccurredAt=2025-11-20T10:02:41.210855116Z, course=46.0)
2025-11-20 13:02:41.210 [reactor-tcp-epoll-1] INFO  b.u.b.t.i.m.VehicleEventHandler - Handling VehiclePositionUpdated: VehiclePositionUpdatedEvent(vehicleId=499ddae9-75b7-421e-9260-afedf366a202, deviceId=1206339382471249920, licensePlate=1602 AGG, routeNumber=96, latitude=37.962692, longitude=58.327413, speedKmh=30.0, isInMotion=true, positionTimestamp=2025-11-20T05:02:27, eventOccurredAt=2025-11-20T10:02:41.210894703Z, course=211.0)
2025-11-20 13:02:41.210 [reactor-tcp-epoll-2] INFO  b.u.b.t.i.m.VehicleEventHandler - Handling VehiclePositionUpdated: VehiclePositionUpdatedEvent(vehicleId=00dc8612-e7c2-4add-8289-d42ba872de9e, deviceId=1209979268709437440, licensePlate=1536 AGG, routeNumber=28, latitude=37.900398, longitude=58.410109, speedKmh=13.0, isInMotion=true, positionTimestamp=2025-11-20T05:02:28, eventOccurredAt=2025-11-20T10:02:41.210945865Z, course=90.0)
2025-11-20 13:02:41.210 [reactor-tcp-epoll-1] INFO  b.u.b.t.i.m.VehicleEventHandler - Handling VehiclePositionUpdated: VehiclePositionUpdatedEvent(vehicleId=5df06204-865d-4a5f-8817-798ea5272c36, deviceId=1208198935450177536, licensePlate=1343 AGH, routeNumber=110, latitude=37.942229, longitude=58.366815, speedKmh=58.0, isInMotion=true, positionTimestamp=2025-11-20T05:02:35, eventOccurredAt=2025-11-20T10:02:41.210957384Z, course=277.0)
2025-11-20 13:02:41.211 [reactor-tcp-epoll-1] INFO  b.u.b.t.i.m.VehicleEventHandler - Handling VehiclePositionUpdated: VehiclePositionUpdatedEvent(vehicleId=60782ac2-fe97-4e77-b49a-83f165695b4e, deviceId=1216131382317895680, licensePlate=1362 AGG, routeNumber=28, latitude=37.91784, longitude=58.444734, speedKmh=0.0, isInMotion=false, positionTimestamp=2025-11-20T05:02:33, eventOccurredAt=2025-11-20T10:02:41.211012257Z, course=90.0)
2025-11-20 13:02:41.211 [reactor-tcp-epoll-2] INFO  b.u.b.t.i.m.VehicleEventHandler - Handling VehiclePositionUpdated: VehiclePositionUpdatedEvent(vehicleId=4b52e4d1-6d7c-4a02-9a0e-b21aace6d465, deviceId=1202067948496441344, licensePlate=1242 AGH, routeNumber=1, latitude=37.91699, longitude=58.441394, speedKmh=0.0, isInMotion=false, positionTimestamp=2025-11-20T05:02:23, eventOccurredAt=2025-11-20T10:02:41.211013747Z, course=277.0)
2025-11-20 13:02:41.211 [reactor-tcp-epoll-1] INFO  b.u.b.t.i.m.VehicleEventHandler - Handling VehiclePositionUpdated: VehiclePositionUpdatedEvent(vehicleId=7320f79f-ad53-4fd4-a28b-42f4d8fed1b2, deviceId=1211500285869117440, licensePlate=1920 AGH, routeNumber=113, latitude=37.917879, longitude=58.444769, speedKmh=6.0, isInMotion=true, positionTimestamp=2025-11-20T05:02:26, eventOccurredAt=2025-11-20T10:02:41.211077812Z, course=93.0)
2025-11-20 13:02:41.211 [reactor-tcp-epoll-2] INFO  b.u.b.t.i.m.VehicleEventHandler - Handling VehiclePositionUpdated: VehiclePositionUpdatedEvent(vehicleId=1beab06a-c091-42f7-b17c-3eb6dc2a6a1c, deviceId=1203943532897980416, licensePlate=1248 AGH, routeNumber=42, latitude=37.945278, longitude=58.355915, speedKmh=22.0, isInMotion=true, positionTimestamp=2025-11-20T05:02:35, eventOccurredAt=2025-11-20T10:02:41.211096647Z, course=310.0)
2025-11-20 13:02:41.211 [reactor-tcp-epoll-1] INFO  b.u.b.t.i.m.VehicleEventHandler - Handling VehiclePositionUpdated: VehiclePositionUpdatedEvent(vehicleId=1fda9b99-7710-48e4-a80e-c9602655af2e, deviceId=1209668019400429568, licensePlate=1935 AGH, routeNumber=101, latitude=37.95694, longitude=58.359909, speedKmh=23.0, isInMotion=true, positionTimestamp=2025-11-20T05:02:20, eventOccurredAt=2025-11-20T10:02:41.211141234Z, course=130.0)
2025-11-20 13:02:41.211 [reactor-tcp-epoll-2] INFO  b.u.b.t.i.m.VehicleEventHandler - Handling VehiclePositionUpdated: VehiclePositionUpdatedEvent(vehicleId=e12f3963-bd5d-4647-92f2-d1f2055631bc, deviceId=1217293783507619840, licensePlate=1366 AGG, routeNumber=6, latitude=37.94152, longitude=58.372309, speedKmh=5.0, isInMotion=true, positionTimestamp=2025-11-20T05:02:21, eventOccurredAt=2025-11-20T10:02:41.211160096Z, course=95.0)
2025-11-20 13:02:41.211 [reactor-tcp-epoll-1] INFO  b.u.b.t.i.m.VehicleEventHandler - Handling VehiclePositionUpdated: VehiclePositionUpdatedEvent(vehicleId=26501312-7130-4243-94e7-9e3e7a41d7de, deviceId=1209947756240785408, licensePlate=1588 AGG, routeNumber=39, latitude=37.917593, longitude=58.441908, speedKmh=0.0, isInMotion=false, positionTimestamp=2025-11-20T05:02:35, eventOccurredAt=2025-11-20T10:02:41.211201900Z, course=0.0)
2025-11-20 13:02:41.211 [reactor-tcp-epoll-2] INFO  b.u.b.t.i.m.VehicleEventHandler - Handling VehiclePositionUpdated: VehiclePositionUpdatedEvent(vehicleId=46825836-8c8c-474a-8448-9b885908acd1, deviceId=1206777153941884928, licensePlate=1344 AGG, routeNumber=null, latitude=37.977319, longitude=58.327142, speedKmh=27.0, isInMotion=true, positionTimestamp=2025-11-20T05:02:21, eventOccurredAt=2025-11-20T10:02:41.211224879Z, course=217.0)
2025-11-20 13:02:41.211 [reactor-tcp-epoll-2] INFO  b.u.b.t.i.m.VehicleEventHandler - Handling VehiclePositionUpdated: VehiclePositionUpdatedEvent(vehicleId=6a96e74a-dae8-4113-8001-21e6cd0bae61, deviceId=1211852111730659328, licensePlate=1938 AGH, routeNumber=35, latitude=38.037009, longitude=58.40084, speedKmh=0.0, isInMotion=false, positionTimestamp=2025-11-20T05:01:40, eventOccurredAt=2025-11-20T10:02:41.211281164Z, course=0.0)
2025-11-20 13:02:41.211 [reactor-tcp-epoll-1] INFO  b.u.b.t.i.m.VehicleEventHandler - Handling VehiclePositionUpdated: VehiclePositionUpdatedEvent(vehicleId=d6e4efc7-c46f-4b5f-b168-a884f988b897, deviceId=1216814673962422272, licensePlate=1396 AGG, routeNumber=6, latitude=37.89552, longitude=58.317434, speedKmh=56.0, isInMotion=true, positionTimestamp=2025-11-20T05:02:27, eventOccurredAt=2025-11-20T10:02:41.211282318Z, course=89.0)
2025-11-20 13:02:41.211 [reactor-tcp-epoll-2] INFO  b.u.b.t.i.m.VehicleEventHandler - Handling VehiclePositionUpdated: VehiclePositionUpdatedEvent(vehicleId=5c52d065-0cac-4e1d-87e5-561528e7f07e, deviceId=1208505611478847488, licensePlate=1286 AGH, routeNumber=14, latitude=37.978625, longitude=58.327806, speedKmh=0.0, isInMotion=false, positionTimestamp=2025-11-20T05:02:30, eventOccurredAt=2025-11-20T10:02:41.211333741Z, course=39.0)
2025-11-20 13:02:41.211 [reactor-tcp-epoll-1] INFO  b.u.b.t.i.m.VehicleEventHandler - Handling VehiclePositionUpdated: VehiclePositionUpdatedEvent(vehicleId=04504bc9-cf27-4915-85b6-32b11a309271, deviceId=1206754501118349312, licensePlate=1297 AGH, routeNumber=36, latitude=37.940985, longitude=58.401604, speedKmh=67.0, isInMotion=true, positionTimestamp=2025-11-20T05:02:35, eventOccurredAt=2025-11-20T10:02:41.211339841Z, course=34.0)
2025-11-20 13:02:41.211 [reactor-tcp-epoll-1] INFO  b.u.b.t.i.m.VehicleEventHandler - Handling VehiclePositionUpdated: VehiclePositionUpdatedEvent(vehicleId=b565540e-d0fd-4159-bfe4-5b085c03bb1d, deviceId=1209649675918069760, licensePlate=1605 AGG, routeNumber=null, latitude=37.910241, longitude=58.398426, speedKmh=44.0, isInMotion=true, positionTimestamp=2025-11-20T05:02:24, eventOccurredAt=2025-11-20T10:02:41.211387336Z, course=90.0)
2025-11-20 13:02:41.211 [reactor-tcp-epoll-2] INFO  b.u.b.t.i.m.VehicleEventHandler - Handling VehiclePositionUpdated: VehiclePositionUpdatedEvent(vehicleId=63aeee07-5d97-489a-a6e2-ce405bcb000a, deviceId=1207045360455995392, licensePlate=1307 AGH, routeNumber=13, latitude=37.916986, longitude=58.441294, speedKmh=0.0, isInMotion=false, positionTimestamp=2025-11-20T05:02:19, eventOccurredAt=2025-11-20T10:02:41.211392704Z, course=280.0)
2025-11-20 13:02:41.211 [reactor-tcp-epoll-1] INFO  b.u.b.t.i.m.VehicleEventHandler - Handling VehiclePositionUpdated: VehiclePositionUpdatedEvent(vehicleId=0a146852-cb58-42bb-aeac-137439f086fb, deviceId=1211029531729809408, licensePlate=1668 AGG, routeNumber=39, latitude=37.936292, longitude=58.387947, speedKmh=42.0, isInMotion=true, positionTimestamp=2025-11-20T05:02:23, eventOccurredAt=2025-11-20T10:02:41.211445793Z, course=103.0)
2025-11-20 13:02:41.211 [reactor-tcp-epoll-2] INFO  b.u.b.t.i.m.VehicleEventHandler - Handling VehiclePositionUpdated: VehiclePositionUpdatedEvent(vehicleId=f6e9c87a-ced2-4552-a42c-ee9564035ebd, deviceId=1209731274760212480, licensePlate=1928 AGH, routeNumber=113, latitude=37.910299, longitude=58.410921, speedKmh=1.0, isInMotion=false, positionTimestamp=2025-11-20T05:02:23, eventOccurredAt=2025-11-20T10:02:41.211452458Z, course=269.0)
2025-11-20 13:02:41.211 [reactor-tcp-epoll-2] INFO  b.u.b.t.i.m.VehicleEventHandler - Handling VehiclePositionUpdated: VehiclePositionUpdatedEvent(vehicleId=2ea83e87-1d0b-49aa-8c8d-0661578ca1ce, deviceId=1203045275212664832, licensePlate=1231 AGH, routeNumber=14, latitude=37.943095, longitude=58.402966, speedKmh=0.0, isInMotion=false, positionTimestamp=2025-11-20T05:02:29, eventOccurredAt=2025-11-20T10:02:41.211501121Z, course=209.0)
2025-11-20 13:02:41.211 [reactor-tcp-epoll-1] INFO  b.u.b.t.i.m.VehicleEventHandler - Handling VehiclePositionUpdated: VehiclePositionUpdatedEvent(vehicleId=da257f29-fb94-4617-9b68-cc52c72d90d8, deviceId=1210791235346976768, licensePlate=1540 AGG, routeNumber=89, latitude=37.941183, longitude=58.37636, speedKmh=20.0, isInMotion=true, positionTimestamp=2025-11-20T05:02:29, eventOccurredAt=2025-11-20T10:02:41.211504117Z, course=277.0)
2025-11-20 13:02:41.211 [reactor-tcp-epoll-1] INFO  b.u.b.t.i.m.VehicleEventHandler - Handling VehiclePositionUpdated: VehiclePositionUpdatedEvent(vehicleId=692a5066-9bad-46bf-a590-069198ab61d6, deviceId=1208227293508620288, licensePlate=1258 AGH, routeNumber=42, latitude=37.979378, longitude=58.326168, speedKmh=0.0, isInMotion=false, positionTimestamp=2025-11-20T04:54:59, eventOccurredAt=2025-11-20T10:02:41.211553591Z, course=0.0)
2025-11-20 13:02:41.211 [reactor-tcp-epoll-2] INFO  b.u.b.t.i.m.VehicleEventHandler - Handling VehiclePositionUpdated: VehiclePositionUpdatedEvent(vehicleId=f1d64618-ac08-4c30-a8e9-743e14a54173, deviceId=1207074022991548416, licensePlate=1318 AGH, routeNumber=13, latitude=37.967094, longitude=58.33169, speedKmh=16.0, isInMotion=true, positionTimestamp=2025-11-20T05:02:28, eventOccurredAt=2025-11-20T10:02:41.211562631Z, course=189.0)
2025-11-20 13:02:41.211 [reactor-tcp-epoll-1] INFO  b.u.b.t.i.m.VehicleEventHandler - Handling VehiclePositionUpdated: VehiclePositionUpdatedEvent(vehicleId=f60e8796-4e32-4c7d-bedc-93892e6b1d4e, deviceId=1204296726417199104, licensePlate=1282 AGH, routeNumber=14, latitude=37.946164, longitude=58.357581, speedKmh=37.0, isInMotion=true, positionTimestamp=2025-11-20T05:02:33, eventOccurredAt=2025-11-20T10:02:41.211598731Z, course=281.0)
2025-11-20 13:02:41.211 [reactor-tcp-epoll-2] INFO  b.u.b.t.i.m.VehicleEventHandler - Handling VehiclePositionUpdated: VehiclePositionUpdatedEvent(vehicleId=19451d27-5e4d-4199-acba-ba14e6337b11, deviceId=1201972683936583680, licensePlate=1285 AGH, routeNumber=1, latitude=37.918553, longitude=58.407947, speedKmh=30.0, isInMotion=true, positionTimestamp=2025-11-20T05:02:35, eventOccurredAt=2025-11-20T10:02:41.211628009Z, course=88.0)
2025-11-20 13:02:41.211 [reactor-tcp-epoll-1] INFO  b.u.b.t.i.m.VehicleEventHandler - Handling VehiclePositionUpdated: VehiclePositionUpdatedEvent(vehicleId=fb23d308-8cc6-4757-b3cc-622635dc6036, deviceId=1202323228421476352, licensePlate=1289 AGH, routeNumber=1, latitude=37.965834, longitude=58.378134, speedKmh=0.0, isInMotion=false, positionTimestamp=2025-11-20T05:02:27, eventOccurredAt=2025-11-20T10:02:41.211644071Z, course=37.0)
2025-11-20 13:02:41.211 [reactor-tcp-epoll-1] INFO  b.u.b.t.i.m.VehicleEventHandler - Handling VehiclePositionUpdated: VehiclePositionUpdatedEvent(vehicleId=08aef5f4-adbb-4177-ae4e-259f3b79f3a0, deviceId=1210735022542376960, licensePlate=1516 AGG, routeNumber=33, latitude=37.952554, longitude=58.355375, speedKmh=0.0, isInMotion=false, positionTimestamp=2025-11-20T05:02:37, eventOccurredAt=2025-11-20T10:02:41.211692712Z, course=208.0)
2025-11-20 13:02:41.211 [reactor-tcp-epoll-2] INFO  b.u.b.t.i.m.VehicleEventHandler - Handling VehiclePositionUpdated: VehiclePositionUpdatedEvent(vehicleId=fb1228f0-8129-47d2-895b-ffc6da8cd9a4, deviceId=1212193385843216384, licensePlate=1966 AGH, routeNumber=35, latitude=38.023805, longitude=58.406442, speedKmh=16.0, isInMotion=true, positionTimestamp=2025-11-20T05:02:28, eventOccurredAt=2025-11-20T10:02:41.211683204Z, course=14.0)
2025-11-20 13:02:41.211 [reactor-tcp-epoll-1] INFO  b.u.b.t.i.m.VehicleEventHandler - Handling VehiclePositionUpdated: VehiclePositionUpdatedEvent(vehicleId=27f9747e-1580-48e6-86a1-421e6a4714ed, deviceId=1216906017313607680, licensePlate=1263 AGH, routeNumber=null, latitude=37.947456, longitude=58.350913, speedKmh=0.0, isInMotion=false, positionTimestamp=2025-11-20T05:02:38, eventOccurredAt=2025-11-20T10:02:41.211736951Z, course=119.0)
2025-11-20 13:02:41.211 [reactor-tcp-epoll-2] INFO  b.u.b.t.i.m.VehicleEventHandler - Handling VehiclePositionUpdated: VehiclePositionUpdatedEvent(vehicleId=e3c393df-6214-4640-b9d0-5caf29d26b00, deviceId=1211038930393321472, licensePlate=1568 AGG, routeNumber=null, latitude=37.966509, longitude=58.384439, speedKmh=45.0, isInMotion=true, positionTimestamp=2025-11-20T05:02:25, eventOccurredAt=2025-11-20T10:02:41.211766762Z, course=34.0)
2025-11-20 13:02:41.211 [reactor-tcp-epoll-1] INFO  b.u.b.t.i.m.VehicleEventHandler - Handling VehiclePositionUpdated: VehiclePositionUpdatedEvent(vehicleId=9102a49f-121f-42a6-becc-7812e66a711c, deviceId=1213195293848457216, licensePlate=1379 AGG, routeNumber=28, latitude=37.91788, longitude=58.441367, speedKmh=5.0, isInMotion=true, positionTimestamp=2025-11-20T05:02:29, eventOccurredAt=2025-11-20T10:02:41.211787757Z, course=93.0)
2025-11-20 13:02:41.211 [reactor-tcp-epoll-2] INFO  b.u.b.t.i.m.VehicleEventHandler - Handling VehiclePositionUpdated: VehiclePositionUpdatedEvent(vehicleId=d6fa9138-07cb-4078-a594-b513a6aae78b, deviceId=1210025429474430976, licensePlate=1969 AGH, routeNumber=73, latitude=37.959993, longitude=58.325401, speedKmh=0.0, isInMotion=false, positionTimestamp=2025-11-20T05:02:23, eventOccurredAt=2025-11-20T10:02:41.211820109Z, course=34.0)
2025-11-20 13:02:41.211 [reactor-tcp-epoll-1] INFO  b.u.b.t.i.m.VehicleEventHandler - Handling VehiclePositionUpdated: VehiclePositionUpdatedEvent(vehicleId=100d3284-8ab5-4d34-a710-54150fb5d847, deviceId=1211880267653009408, licensePlate=1604 AGG, routeNumber=90, latitude=37.977953, longitude=58.327212, speedKmh=5.0, isInMotion=true, positionTimestamp=2025-11-20T05:02:33, eventOccurredAt=2025-11-20T10:02:41.211844851Z, course=5.0)
2025-11-20 13:02:41.211 [reactor-tcp-epoll-2] INFO  b.u.b.t.i.m.VehicleEventHandler - Handling VehiclePositionUpdated: VehiclePositionUpdatedEvent(vehicleId=8337405e-869d-4c91-b58d-580f6656650b, deviceId=1203529830893834240, licensePlate=1380 AGG, routeNumber=6, latitude=37.943193, longitude=58.360672, speedKmh=60.0, isInMotion=true, positionTimestamp=2025-11-20T05:02:38, eventOccurredAt=2025-11-20T10:02:41.211955491Z, course=283.0)
2025-11-20 13:02:41.212 [reactor-tcp-epoll-1] INFO  b.u.b.t.i.m.VehicleEventHandler - Handling VehiclePositionUpdated: VehiclePositionUpdatedEvent(vehicleId=c979984c-9f67-4c3f-9a95-a1d5f275ce0b, deviceId=1216571737806950400, licensePlate=1439 AGG, routeNumber=null, latitude=37.949704, longitude=58.37359, speedKmh=13.0, isInMotion=true, positionTimestamp=2025-11-20T05:02:38, eventOccurredAt=2025-11-20T10:02:41.212011638Z, course=124.0)
2025-11-20 13:02:41.212 [reactor-tcp-epoll-2] INFO  b.u.b.t.i.m.VehicleEventHandler - Handling VehiclePositionUpdated: VehiclePositionUpdatedEvent(vehicleId=8066edec-56c3-4d84-97d2-a2edae206fc0, deviceId=1210027165593325568, licensePlate=1425 AGG, routeNumber=39, latitude=37.939075, longitude=58.393636, speedKmh=0.0, isInMotion=false, positionTimestamp=2025-11-20T05:02:37, eventOccurredAt=2025-11-20T10:02:41.212069349Z, course=121.0)
2025-11-20 13:02:41.212 [reactor-tcp-epoll-1] INFO  b.u.b.t.i.m.VehicleEventHandler - Handling VehiclePositionUpdated: VehiclePositionUpdatedEvent(vehicleId=6115cc47-9d39-46e8-a9ba-cd6ad17a43ec, deviceId=1208602326676492288, licensePlate=1278 AGH, routeNumber=14, latitude=37.886329, longitude=58.405556, speedKmh=0.0, isInMotion=false, positionTimestamp=2025-11-20T05:02:35, eventOccurredAt=2025-11-20T10:02:41.212132099Z, course=354.0)
2025-11-20 13:02:41.212 [reactor-tcp-epoll-2] INFO  b.u.b.t.i.m.VehicleEventHandler - Handling VehiclePositionUpdated: VehiclePositionUpdatedEvent(vehicleId=89c8abd9-05d2-4711-9b5d-c37ab0619996, deviceId=1199882076590133248, licensePlate=1247 AGH, routeNumber=null, latitude=37.878591, longitude=58.392766, speedKmh=0.0, isInMotion=false, positionTimestamp=2025-11-20T05:02:19, eventOccurredAt=2025-11-20T10:02:41.212165079Z, course=88.0)
2025-11-20 13:02:41.212 [reactor-tcp-epoll-1] INFO  b.u.b.t.i.m.VehicleEventHandler - Handling VehiclePositionUpdated: VehiclePositionUpdatedEvent(vehicleId=597ed7fe-1429-4b2e-9457-465bb58b24d7, deviceId=1216488046153912320, licensePlate=1369 AGG, routeNumber=31, latitude=37.918201, longitude=58.44426, speedKmh=20.0, isInMotion=true, positionTimestamp=2025-11-20T05:02:37, eventOccurredAt=2025-11-20T10:02:41.212231054Z, course=98.0)
2025-11-20 13:02:41.212 [reactor-tcp-epoll-1] INFO  b.u.b.t.i.m.VehicleEventHandler - Handling VehiclePositionUpdated: VehiclePositionUpdatedEvent(vehicleId=ad7c7e26-9182-44a5-9db2-bd333fca8944, deviceId=1211499625488535552, licensePlate=1993 AGH, routeNumber=73, latitude=37.918553, longitude=58.407463, speedKmh=17.0, isInMotion=true, positionTimestamp=2025-11-20T05:02:35, eventOccurredAt=2025-11-20T10:02:41.212291648Z, course=84.0)
2025-11-20 13:02:41.212 [reactor-tcp-epoll-2] INFO  b.u.b.t.i.m.VehicleEventHandler - Handling VehiclePositionUpdated: VehiclePositionUpdatedEvent(vehicleId=659e4f37-6743-4f0d-b37f-eafcd050d275, deviceId=1182884945270624256, licensePlate=1556 AGG, routeNumber=null, latitude=37.955545, longitude=58.381568, speedKmh=0.0, isInMotion=false, positionTimestamp=2025-11-20T05:02:19, eventOccurredAt=2025-11-20T10:02:41.212284674Z, course=129.0)
2025-11-20 13:02:41.212 [reactor-tcp-epoll-1] INFO  b.u.b.t.i.m.VehicleEventHandler - Handling VehiclePositionUpdated: VehiclePositionUpdatedEvent(vehicleId=a1ca5df6-a685-418a-9725-676ed2c31369, deviceId=1205962795800285184, licensePlate=1373 AGG, routeNumber=77, latitude=37.91824, longitude=58.442434, speedKmh=39.0, isInMotion=true, positionTimestamp=2025-11-20T05:02:21, eventOccurredAt=2025-11-20T10:02:41.212341320Z, course=90.0)
2025-11-20 13:02:41.212 [reactor-tcp-epoll-1] INFO  b.u.b.t.i.m.VehicleEventHandler - Handling VehiclePositionUpdated: VehiclePositionUpdatedEvent(vehicleId=5b4dbe2c-4ba1-4274-9f94-4d241504cb9b, deviceId=1211400002765803520, licensePlate=1599 AGG, routeNumber=null, latitude=37.910029, longitude=58.412797, speedKmh=1.0, isInMotion=false, positionTimestamp=2025-11-20T05:02:31, eventOccurredAt=2025-11-20T10:02:41.212401061Z, course=82.0)
2025-11-20 13:02:41.212 [reactor-tcp-epoll-2] INFO  b.u.b.t.i.m.VehicleEventHandler - Handling VehiclePositionUpdated: VehiclePositionUpdatedEvent(vehicleId=40d1935f-451f-4014-998b-0fde9883ee6d, deviceId=1204631358505439232, licensePlate=1294 AGH, routeNumber=1, latitude=37.918564, longitude=58.426511, speedKmh=19.0, isInMotion=true, positionTimestamp=2025-11-20T05:02:30, eventOccurredAt=2025-11-20T10:02:41.212399792Z, course=280.0)
2025-11-20 13:02:41.212 [reactor-tcp-epoll-1] INFO  b.u.b.t.i.m.VehicleEventHandler - Handling VehiclePositionUpdated: VehiclePositionUpdatedEvent(vehicleId=8c417ae3-d62b-4bdd-8244-334d7f118c64, deviceId=1208876358999166976, licensePlate=1246 AGH, routeNumber=null, latitude=37.910082, longitude=58.389021, speedKmh=47.0, isInMotion=true, positionTimestamp=2025-11-20T05:02:35, eventOccurredAt=2025-11-20T10:02:41.212473578Z, course=177.0)
2025-11-20 13:02:41.212 [reactor-tcp-epoll-2] INFO  b.u.b.t.i.m.VehicleEventHandler - Handling VehiclePositionUpdated: VehiclePositionUpdatedEvent(vehicleId=33140137-b6cb-4e90-a82f-9ee9def26c58, deviceId=1216905576462897152, licensePlate=1345 AGG, routeNumber=28, latitude=37.879534, longitude=58.380522, speedKmh=6.0, isInMotion=true, positionTimestamp=2025-11-20T05:02:34, eventOccurredAt=2025-11-20T10:02:41.212511541Z, course=275.0)
2025-11-20 13:02:41.212 [reactor-tcp-epoll-1] INFO  b.u.b.t.i.m.VehicleEventHandler - Handling VehiclePositionUpdated: VehiclePositionUpdatedEvent(vehicleId=3e886240-25c6-47bb-8396-adcdfb46d2a0, deviceId=1210774528733696000, licensePlate=1543 AGG, routeNumber=31, latitude=37.975152, longitude=58.320752, speedKmh=24.0, isInMotion=true, positionTimestamp=2025-11-20T05:02:20, eventOccurredAt=2025-11-20T10:02:41.212534680Z, course=319.0)
2025-11-20 13:02:41.212 [reactor-tcp-epoll-1] INFO  b.u.b.t.i.m.VehicleEventHandler - Handling VehiclePositionUpdated: VehiclePositionUpdatedEvent(vehicleId=50d5484d-1b15-42d3-8fb3-6f65382e51a3, deviceId=1211061397530824704, licensePlate=1909 AGH, routeNumber=110, latitude=37.917921, longitude=58.441715, speedKmh=0.0, isInMotion=false, positionTimestamp=2025-11-20T05:02:25, eventOccurredAt=2025-11-20T10:02:41.212584402Z, course=18.0)
2025-11-20 13:02:41.212 [reactor-tcp-epoll-2] INFO  b.u.b.t.i.m.VehicleEventHandler - Handling VehiclePositionUpdated: VehiclePositionUpdatedEvent(vehicleId=fd107892-fd5b-467f-aeaa-10fba257096c, deviceId=1216931728275492864, licensePlate=1382 AGG, routeNumber=46, latitude=37.895558, longitude=58.32183, speedKmh=14.0, isInMotion=true, positionTimestamp=2025-11-20T05:02:21, eventOccurredAt=2025-11-20T10:02:41.212610726Z, course=92.0)
2025-11-20 13:02:41.212 [reactor-tcp-epoll-1] INFO  b.u.b.t.i.m.VehicleEventHandler - Handling VehiclePositionUpdated: VehiclePositionUpdatedEvent(vehicleId=bf8a2afc-86f0-46e0-8cad-0a93e82af454, deviceId=1205945273105469440, licensePlate=1273 AGH, routeNumber=36, latitude=38.027886, longitude=58.407105, speedKmh=14.0, isInMotion=true, positionTimestamp=2025-11-20T05:02:34, eventOccurredAt=2025-11-20T10:02:41.212753295Z, course=4.0)
2025-11-20 13:02:41.213 [reactor-tcp-epoll-1] INFO  b.u.b.t.i.m.VehicleEventHandler - Handling VehiclePositionUpdated: VehiclePositionUpdatedEvent(vehicleId=f27f15a7-0b2e-4b96-a007-3b59150a2feb, deviceId=1211114618278334464, licensePlate=1565 AGG, routeNumber=null, latitude=37.970315, longitude=58.323477, speedKmh=36.0, isInMotion=true, positionTimestamp=2025-11-20T05:02:38, eventOccurredAt=2025-11-20T10:02:41.213278789Z, course=215.0)
2025-11-20 13:02:41.213 [reactor-tcp-epoll-2] INFO  b.u.b.t.i.m.VehicleEventHandler - Handling VehiclePositionUpdated: VehiclePositionUpdatedEvent(vehicleId=8943c0ab-1dc4-440f-846d-ae186f8394a4, deviceId=1209613564474773504, licensePlate=1948 AGH, routeNumber=73, latitude=37.969959, longitude=58.387299, speedKmh=73.0, isInMotion=true, positionTimestamp=2025-11-20T05:02:24, eventOccurredAt=2025-11-20T10:02:41.213372162Z, course=33.0)
2025-11-20 13:02:41.213 [reactor-tcp-epoll-2] INFO  b.u.b.t.i.m.VehicleEventHandler - Handling VehiclePositionUpdated: VehiclePositionUpdatedEvent(vehicleId=c73fd876-1469-4889-a299-bffdc987ff59, deviceId=1210781637168812032, licensePlate=1930 AGH, routeNumber=13, latitude=37.966596, longitude=58.380501, speedKmh=41.0, isInMotion=true, positionTimestamp=2025-11-20T05:02:24, eventOccurredAt=2025-11-20T10:02:41.213541550Z, course=121.0)
2025-11-20 13:02:41.213 [reactor-tcp-epoll-2] INFO  b.u.b.t.i.m.VehicleEventHandler - Handling VehiclePositionUpdated: VehiclePositionUpdatedEvent(vehicleId=85da4748-8ca5-4ee6-bfe0-50aa34e9c76f, deviceId=1217300678221975552, licensePlate=1409 AGG, routeNumber=38, latitude=37.886483, longitude=58.405401, speedKmh=0.0, isInMotion=false, positionTimestamp=2025-11-20T05:02:37, eventOccurredAt=2025-11-20T10:02:41.213628185Z, course=167.0)
2025-11-20 13:02:41.213 [reactor-tcp-epoll-2] INFO  b.u.b.t.i.m.VehicleEventHandler - Handling VehiclePositionUpdated: VehiclePositionUpdatedEvent(vehicleId=535046a2-3246-4e61-be4b-a9ebe07d33c6, deviceId=1201998880712118272, licensePlate=1230 AGH, routeNumber=14, latitude=37.931216, longitude=58.368024, speedKmh=15.0, isInMotion=true, positionTimestamp=2025-11-20T05:02:31, eventOccurredAt=2025-11-20T10:02:41.213851628Z, course=157.0)
2025-11-20 13:02:41.213 [reactor-tcp-epoll-1] INFO  b.u.b.t.i.m.VehicleEventHandler - Handling VehiclePositionUpdated: VehiclePositionUpdatedEvent(vehicleId=b29909dc-3ba3-4074-b4b1-57c253b1af73, deviceId=1216571220670238720, licensePlate=1410 AGG, routeNumber=39, latitude=37.956799, longitude=58.360204, speedKmh=14.0, isInMotion=true, positionTimestamp=2025-11-20T05:02:21, eventOccurredAt=2025-11-20T10:02:41.213761284Z, course=115.0)
2025-11-20 13:02:41.214 [reactor-tcp-epoll-2] INFO  b.u.b.t.i.m.VehicleEventHandler - Handling VehiclePositionUpdated: VehiclePositionUpdatedEvent(vehicleId=ab2becaf-2085-40e2-a041-75420ec738d0, deviceId=1202006863084998656, licensePlate=1227 AGH, routeNumber=null, latitude=37.947964, longitude=58.350005, speedKmh=13.0, isInMotion=true, positionTimestamp=2025-11-20T05:02:25, eventOccurredAt=2025-11-20T10:02:41.213965301Z, course=295.0)
2025-11-20 13:02:41.214 [reactor-tcp-epoll-1] INFO  b.u.b.t.i.m.VehicleEventHandler - Handling VehiclePositionUpdated: VehiclePositionUpdatedEvent(vehicleId=debdd937-a4f2-4ef8-b467-98fb0e39c4b8, deviceId=1210732162668777472, licensePlate=1982 AGH, routeNumber=29, latitude=37.914978, longitude=58.389769, speedKmh=13.0, isInMotion=true, positionTimestamp=2025-11-20T05:02:32, eventOccurredAt=2025-11-20T10:02:41.214128932Z, course=6.0)
2025-11-20 13:02:41.214 [reactor-tcp-epoll-2] INFO  b.u.b.t.i.m.VehicleEventHandler - Handling VehiclePositionUpdated: VehiclePositionUpdatedEvent(vehicleId=7e9d2f06-2c1b-4d55-aa1e-2d79ef6bc814, deviceId=1203061757619425280, licensePlate=1292 AGH, routeNumber=14, latitude=37.940699, longitude=58.365046, speedKmh=40.0, isInMotion=true, positionTimestamp=2025-11-20T05:02:38, eventOccurredAt=2025-11-20T10:02:41.214175021Z, course=9.0)
2025-11-20 13:02:41.214 [reactor-tcp-epoll-1] INFO  b.u.b.t.i.m.VehicleEventHandler - Handling VehiclePositionUpdated: VehiclePositionUpdatedEvent(vehicleId=4c7011d1-23cf-4cb2-9df3-bbdd4856a504, deviceId=1217194664206225408, licensePlate=1346 AGG, routeNumber=46, latitude=37.932249, longitude=58.367499, speedKmh=54.0, isInMotion=true, positionTimestamp=2025-11-20T05:02:20, eventOccurredAt=2025-11-20T10:02:41.214249173Z, course=157.0)
2025-11-20 13:02:41.214 [reactor-tcp-epoll-2] INFO  b.u.b.t.i.m.VehicleEventHandler - Handling VehiclePositionUpdated: VehiclePositionUpdatedEvent(vehicleId=1e53fb7a-25b0-4530-b7b1-24c11f17bc98, deviceId=1211532333606457344, licensePlate=1506 AGG, routeNumber=70, latitude=37.953558, longitude=58.372077, speedKmh=43.0, isInMotion=true, positionTimestamp=2025-11-20T05:02:35, eventOccurredAt=2025-11-20T10:02:41.214259184Z, course=264.0)
2025-11-20 13:02:41.214 [reactor-tcp-epoll-2] INFO  b.u.b.t.i.m.VehicleEventHandler - Handling VehiclePositionUpdated: VehiclePositionUpdatedEvent(vehicleId=154675a9-5169-441c-ae8e-f31a4cee781f, deviceId=1202330366850060288, licensePlate=1245 AGH, routeNumber=1, latitude=37.996709, longitude=58.408102, speedKmh=3.0, isInMotion=true, positionTimestamp=2025-11-20T05:02:26, eventOccurredAt=2025-11-20T10:02:41.214686359Z, course=153.0)
2025-11-20 13:02:41.215 [reactor-tcp-epoll-2] INFO  b.u.b.t.i.m.VehicleEventHandler - Handling VehiclePositionUpdated: VehiclePositionUpdatedEvent(vehicleId=9ca88c06-65c9-49f3-8762-cd20399d7191, deviceId=1210735665260744704, licensePlate=1936 AGH, routeNumber=73, latitude=37.978474, longitude=58.327192, speedKmh=0.0, isInMotion=false, positionTimestamp=2025-11-20T05:02:34, eventOccurredAt=2025-11-20T10:02:41.214984027Z, course=33.0)
2025-11-20 13:02:41.215 [reactor-tcp-epoll-1] INFO  b.u.b.t.i.m.VehicleEventHandler - Handling VehiclePositionUpdated: VehiclePositionUpdatedEvent(vehicleId=9c407b3e-8b41-444c-a853-3f90a8d29c3b, deviceId=1206676240967356416, licensePlate=1349 AGG, routeNumber=30, latitude=37.943456, longitude=58.359626, speedKmh=23.0, isInMotion=true, positionTimestamp=2025-11-20T05:02:38, eventOccurredAt=2025-11-20T10:02:41.215068251Z, course=112.0)
2025-11-20 13:02:41.215 [reactor-tcp-epoll-1] INFO  b.u.b.t.i.m.VehicleEventHandler - Handling VehiclePositionUpdated: VehiclePositionUpdatedEvent(vehicleId=0c234f9a-ba32-428d-89c5-fb91cb16ed09, deviceId=1209581658395856896, licensePlate=1526 AGG, routeNumber=null, latitude=37.960134, longitude=58.325052, speedKmh=23.0, isInMotion=true, positionTimestamp=2025-11-20T05:02:35, eventOccurredAt=2025-11-20T10:02:41.215195696Z, course=218.0)
2025-11-20 13:02:41.215 [reactor-tcp-epoll-2] INFO  b.u.b.t.i.m.VehicleEventHandler - Handling VehiclePositionUpdated: VehiclePositionUpdatedEvent(vehicleId=73b1f131-a6d6-4019-ad9b-78c4cf9b922b, deviceId=1211500887261007872, licensePlate=1547 AGG, routeNumber=null, latitude=37.925211, longitude=58.309574, speedKmh=41.0, isInMotion=true, positionTimestamp=2025-11-20T05:02:34, eventOccurredAt=2025-11-20T10:02:41.215190093Z, course=190.0)
2025-11-20 13:02:41.215 [reactor-tcp-epoll-1] INFO  b.u.b.t.i.m.VehicleEventHandler - Handling VehiclePositionUpdated: VehiclePositionUpdatedEvent(vehicleId=2089880c-66a0-4153-92c0-7f731c4610fa, deviceId=1212609662541844480, licensePlate=1525 AGG, routeNumber=53, latitude=38.037052, longitude=58.401805, speedKmh=26.0, isInMotion=true, positionTimestamp=2025-11-20T05:02:30, eventOccurredAt=2025-11-20T10:02:41.215254165Z, course=74.0)
2025-11-20 13:02:41.215 [reactor-tcp-epoll-2] INFO  b.u.b.t.i.m.VehicleEventHandler - Handling VehiclePositionUpdated: VehiclePositionUpdatedEvent(vehicleId=98b7db62-c370-4d82-b041-abc3d57edeed, deviceId=1216486836801851392, licensePlate=1375 AGG, routeNumber=77, latitude=37.901156, longitude=58.423479, speedKmh=50.0, isInMotion=true, positionTimestamp=2025-11-20T05:02:38, eventOccurredAt=2025-11-20T10:02:41.215279606Z, course=1.0)
2025-11-20 13:02:41.215 [reactor-tcp-epoll-1] INFO  b.u.b.t.i.m.VehicleEventHandler - Handling VehiclePositionUpdated: VehiclePositionUpdatedEvent(vehicleId=7b93a6dc-b72a-47e4-a8af-e97160791ccd, deviceId=1211043194708643840, licensePlate=1550 AGG, routeNumber=28, latitude=37.91527, longitude=58.389443, speedKmh=22.0, isInMotion=true, positionTimestamp=2025-11-20T05:02:26, eventOccurredAt=2025-11-20T10:02:41.215298381Z, course=190.0)
2025-11-20 13:02:41.215 [reactor-tcp-epoll-2] INFO  b.u.b.t.i.m.VehicleEventHandler - Handling VehiclePositionUpdated: VehiclePositionUpdatedEvent(vehicleId=03b9c7db-b42e-4ea2-aa82-31d40b976e80, deviceId=1209705505212289024, licensePlate=1659 AGG, routeNumber=null, latitude=37.978494, longitude=58.327424, speedKmh=0.0, isInMotion=false, positionTimestamp=2025-11-20T05:02:30, eventOccurredAt=2025-11-20T10:02:41.215327118Z, course=0.0)
2025-11-20 13:02:41.215 [reactor-tcp-epoll-1] INFO  b.u.b.t.i.m.VehicleEventHandler - Handling VehiclePositionUpdated: VehiclePositionUpdatedEvent(vehicleId=8d70464b-c960-41c5-a184-dd7228492408, deviceId=1206394802984407040, licensePlate=1261 AGH, routeNumber=1, latitude=37.941261, longitude=58.364861, speedKmh=0.0, isInMotion=false, positionTimestamp=2025-11-20T05:02:22, eventOccurredAt=2025-11-20T10:02:41.215339064Z, course=180.0)
2025-11-20 13:02:41.215 [reactor-tcp-epoll-2] INFO  b.u.b.t.i.m.VehicleEventHandler - Handling VehiclePositionUpdated: VehiclePositionUpdatedEvent(vehicleId=72621421-c3ad-4034-b25e-7222610d984b, deviceId=1208882599720865792, licensePlate=1244 AGH, routeNumber=null, latitude=37.904669, longitude=58.380335, speedKmh=23.0, isInMotion=true, positionTimestamp=2025-11-20T05:02:20, eventOccurredAt=2025-11-20T10:02:41.215367615Z, course=14.0)
2025-11-20 13:02:41.215 [reactor-tcp-epoll-1] INFO  b.u.b.t.i.m.VehicleEventHandler - Handling VehiclePositionUpdated: VehiclePositionUpdatedEvent(vehicleId=87237848-d40f-461c-b1ac-922de1c51cea, deviceId=1217302061205639168, licensePlate=1381 AGG, routeNumber=null, latitude=37.938693, longitude=58.364787, speedKmh=38.0, isInMotion=true, positionTimestamp=2025-11-20T05:02:37, eventOccurredAt=2025-11-20T10:02:41.215380276Z, course=346.0)
2025-11-20 13:02:41.215 [reactor-tcp-epoll-2] INFO  b.u.b.t.i.m.VehicleEventHandler - Handling VehiclePositionUpdated: VehiclePositionUpdatedEvent(vehicleId=3c4f46db-ee87-4891-bf39-8e660b2602b9, deviceId=1210008827202850816, licensePlate=1518 AGG, routeNumber=11, latitude=37.91731, longitude=58.441224, speedKmh=0.0, isInMotion=false, positionTimestamp=2025-11-20T05:02:33, eventOccurredAt=2025-11-20T10:02:41.215406122Z, course=249.0)
2025-11-20 13:02:41.215 [reactor-tcp-epoll-1] INFO  b.u.b.t.i.m.VehicleEventHandler - Handling VehiclePositionUpdated: VehiclePositionUpdatedEvent(vehicleId=5a361a41-e86d-4909-9f13-105cb59d53e0, deviceId=1212105330251747328, licensePlate=1698 AGG, routeNumber=62, latitude=38.041189, longitude=58.399305, speedKmh=0.0, isInMotion=false, positionTimestamp=2025-11-20T05:02:29, eventOccurredAt=2025-11-20T10:02:41.215426033Z, course=0.0)
2025-11-20 13:02:41.215 [reactor-tcp-epoll-2] INFO  b.u.b.t.i.m.VehicleEventHandler - Handling VehiclePositionUpdated: VehiclePositionUpdatedEvent(vehicleId=e8d9a760-0c00-413c-819b-ae607ec729a0, deviceId=1202438392198156288, licensePlate=1225 AGH, routeNumber=14, latitude=37.978508, longitude=58.327944, speedKmh=0.0, isInMotion=false, positionTimestamp=2025-11-20T05:02:20, eventOccurredAt=2025-11-20T10:02:41.215450638Z, course=33.0)
2025-11-20 13:02:41.215 [reactor-tcp-epoll-1] INFO  b.u.b.t.i.m.VehicleEventHandler - Handling VehiclePositionUpdated: VehiclePositionUpdatedEvent(vehicleId=92c4825c-760c-4d17-9a81-fb3e6c75076e, deviceId=1208152611103133696, licensePlate=1320 AGG, routeNumber=28, latitude=37.917381, longitude=58.441253, speedKmh=0.0, isInMotion=false, positionTimestamp=2025-11-20T05:02:26, eventOccurredAt=2025-11-20T10:02:41.215465707Z, course=278.0)
2025-11-20 13:02:41.215 [reactor-tcp-epoll-2] INFO  b.u.b.t.i.m.VehicleEventHandler - Handling VehiclePositionUpdated: VehiclePositionUpdatedEvent(vehicleId=1d0d6137-4ded-4eba-aef1-bdf4d40a651a, deviceId=1206031060073402368, licensePlate=1265 AGH, routeNumber=null, latitude=37.915432, longitude=58.389766, speedKmh=33.0, isInMotion=true, positionTimestamp=2025-11-20T05:02:37, eventOccurredAt=2025-11-20T10:02:41.215494576Z, course=359.0)
2025-11-20 13:02:41.215 [reactor-tcp-epoll-1] INFO  b.u.b.t.i.m.VehicleEventHandler - Handling VehiclePositionUpdated: VehiclePositionUpdatedEvent(vehicleId=78c8fba9-6200-45f3-a837-0172b1de7b62, deviceId=1211097208259301376, licensePlate=1681 AGG, routeNumber=62, latitude=37.918398, longitude=58.437987, speedKmh=0.0, isInMotion=false, positionTimestamp=2025-11-20T05:02:19, eventOccurredAt=2025-11-20T10:02:41.215503749Z, course=271.0)
2025-11-20 13:02:41.215 [reactor-tcp-epoll-2] INFO  b.u.b.t.i.m.VehicleEventHandler - Handling VehiclePositionUpdated: VehiclePositionUpdatedEvent(vehicleId=2e7f0fd8-9479-430f-9326-5cf87552e818, deviceId=1212481377149341696, licensePlate=1903 AGH, routeNumber=20, latitude=37.935833, longitude=58.321622, speedKmh=37.0, isInMotion=true, positionTimestamp=2025-11-20T05:02:23, eventOccurredAt=2025-11-20T10:02:41.215532830Z, course=28.0)
2025-11-20 13:02:41.215 [reactor-tcp-epoll-1] INFO  b.u.b.t.i.m.VehicleEventHandler - Handling VehiclePositionUpdated: VehiclePositionUpdatedEvent(vehicleId=5d5ad3ac-fd5a-4014-ae06-db79fa7b889e, deviceId=1203813838936559616, licensePlate=1226 AGH, routeNumber=36, latitude=37.991442, longitude=58.410218, speedKmh=23.0, isInMotion=true, positionTimestamp=2025-11-20T05:02:38, eventOccurredAt=2025-11-20T10:02:41.215540532Z, course=357.0)
2025-11-20 13:02:41.215 [reactor-tcp-epoll-2] INFO  b.u.b.t.i.m.VehicleEventHandler - Handling VehiclePositionUpdated: VehiclePositionUpdatedEvent(vehicleId=29dbce43-a9e9-47fa-94dd-f63f8c45a65f, deviceId=1216468597749272576, licensePlate=1316 AGH, routeNumber=19, latitude=37.918869, longitude=58.404275, speedKmh=1.0, isInMotion=false, positionTimestamp=2025-11-20T05:02:35, eventOccurredAt=2025-11-20T10:02:41.215576434Z, course=265.0)
2025-11-20 13:02:41.215 [reactor-tcp-epoll-1] INFO  b.u.b.t.i.m.VehicleEventHandler - Handling VehiclePositionUpdated: VehiclePositionUpdatedEvent(vehicleId=229c862f-71d5-4956-9deb-406938e4c2fd, deviceId=1212188977155756032, licensePlate=1949 AGH, routeNumber=29, latitude=37.979455, longitude=58.397854, speedKmh=59.0, isInMotion=true, positionTimestamp=2025-11-20T05:02:24, eventOccurredAt=2025-11-20T10:02:41.215579438Z, course=44.0)
2025-11-20 13:02:41.215 [reactor-tcp-epoll-2] INFO  b.u.b.t.i.m.VehicleEventHandler - Handling VehiclePositionUpdated: VehiclePositionUpdatedEvent(vehicleId=9e45a000-6055-4ea3-8165-1fc1a44a0275, deviceId=1217194067109302272, licensePlate=1378 AGG, routeNumber=31, latitude=37.914875, longitude=58.381485, speedKmh=38.0, isInMotion=true, positionTimestamp=2025-11-20T05:02:31, eventOccurredAt=2025-11-20T10:02:41.215618319Z, course=184.0)
2025-11-20 13:02:41.215 [reactor-tcp-epoll-1] INFO  b.u.b.t.i.m.VehicleEventHandler - Handling VehiclePositionUpdated: VehiclePositionUpdatedEvent(vehicleId=8f11376b-4da1-40d9-85cd-89490243ec1c, deviceId=1203523867386269696, licensePlate=1262 AGH, routeNumber=14, latitude=37.978166, longitude=58.327649, speedKmh=0.0, isInMotion=false, positionTimestamp=2025-11-20T05:02:21, eventOccurredAt=2025-11-20T10:02:41.215620919Z, course=12.0)
2025-11-20 13:02:41.215 [reactor-tcp-epoll-2] INFO  b.u.b.t.i.m.VehicleEventHandler - Handling VehiclePositionUpdated: VehiclePositionUpdatedEvent(vehicleId=1dc21dd8-2b03-44d2-948f-b6a31e72a83f, deviceId=1209580859070566400, licensePlate=1401 AGG, routeNumber=6, latitude=37.952881, longitude=58.333982, speedKmh=63.0, isInMotion=true, positionTimestamp=2025-11-20T05:02:37, eventOccurredAt=2025-11-20T10:02:41.215657401Z, course=285.0)
2025-11-20 13:02:41.215 [reactor-tcp-epoll-1] INFO  b.u.b.t.i.m.VehicleEventHandler - Handling VehiclePositionUpdated: VehiclePositionUpdatedEvent(vehicleId=5d4f73d2-382e-4829-a3e6-b891d642d257, deviceId=1209972571144146944, licensePlate=1503 AGG, routeNumber=null, latitude=37.941039, longitude=58.376863, speedKmh=41.0, isInMotion=true, positionTimestamp=2025-11-20T05:02:37, eventOccurredAt=2025-11-20T10:02:41.215661758Z, course=99.0)
2025-11-20 13:02:41.215 [reactor-tcp-epoll-2] INFO  b.u.b.t.i.m.VehicleEventHandler - Handling VehiclePositionUpdated: VehiclePositionUpdatedEvent(vehicleId=5b1b29d8-0fbc-4835-90da-a2e0f16cf13e, deviceId=1216938466412285952, licensePlate=1407 AGG, routeNumber=46, latitude=37.917449, longitude=58.441533, speedKmh=0.0, isInMotion=false, positionTimestamp=2025-11-20T05:02:38, eventOccurredAt=2025-11-20T10:02:41.215695304Z, course=269.0)
2025-11-20 13:02:41.215 [reactor-tcp-epoll-1] INFO  b.u.b.t.i.m.VehicleEventHandler - Handling VehiclePositionUpdated: VehiclePositionUpdatedEvent(vehicleId=d20f21df-d549-4e72-8c49-1fcdfbeeaa65, deviceId=1206714021311631360, licensePlate=1322 AGH, routeNumber=110, latitude=38.023703, longitude=58.406395, speedKmh=0.0, isInMotion=false, positionTimestamp=2025-11-20T05:02:38, eventOccurredAt=2025-11-20T10:02:41.215699667Z, course=14.0)
2025-11-20 13:02:41.215 [reactor-tcp-epoll-1] INFO  b.u.b.t.i.m.VehicleEventHandler - Handling VehiclePositionUpdated: VehiclePositionUpdatedEvent(vehicleId=e187ae78-20db-476a-a2e7-37dc6d66d25e, deviceId=1210685895834030080, licensePlate=1918 AGH, routeNumber=13, latitude=37.951012, longitude=58.345119, speedKmh=0.0, isInMotion=false, positionTimestamp=2025-11-20T05:02:35, eventOccurredAt=2025-11-20T10:02:41.215738420Z, course=6.0)
2025-11-20 13:02:41.215 [reactor-tcp-epoll-2] INFO  b.u.b.t.i.m.VehicleEventHandler - Handling VehiclePositionUpdated: VehiclePositionUpdatedEvent(vehicleId=18338170-22c7-4d3a-beef-36f4db81c0f9, deviceId=1208281381407510528, licensePlate=1299 AGH, routeNumber=14, latitude=37.895355, longitude=58.417101, speedKmh=37.0, isInMotion=true, positionTimestamp=2025-11-20T05:02:31, eventOccurredAt=2025-11-20T10:02:41.215755558Z, course=267.0)
2025-11-20 13:02:41.215 [reactor-tcp-epoll-1] INFO  b.u.b.t.i.m.VehicleEventHandler - Handling VehiclePositionUpdated: VehiclePositionUpdatedEvent(vehicleId=561a523a-56f1-4912-8ec8-ae08a62e02eb, deviceId=1202055006363275264, licensePlate=1146 AGG, routeNumber=13, latitude=37.917248, longitude=58.441349, speedKmh=0.0, isInMotion=false, positionTimestamp=2025-11-20T04:02:19, eventOccurredAt=2025-11-20T10:02:41.215778941Z, course=0.0)
2025-11-20 13:02:41.215 [reactor-tcp-epoll-2] INFO  b.u.b.t.i.m.VehicleEventHandler - Handling VehiclePositionUpdated: VehiclePositionUpdatedEvent(vehicleId=76d1a027-5063-4cda-9cb6-03db3d635165, deviceId=1206405997581783040, licensePlate=1633 AGG, routeNumber=null, latitude=37.878579, longitude=58.392986, speedKmh=0.0, isInMotion=false, positionTimestamp=2025-11-20T05:02:20, eventOccurredAt=2025-11-20T10:02:41.215803753Z, course=94.0)
2025-11-20 13:02:41.215 [reactor-tcp-epoll-1] INFO  b.u.b.t.i.m.VehicleEventHandler - Handling VehiclePositionUpdated: VehiclePositionUpdatedEvent(vehicleId=47d7f873-c58d-4c89-a0b5-6c31e684a30f, deviceId=1216490345861435392, licensePlate=1306 AGH, routeNumber=20, latitude=37.966855, longitude=58.320415, speedKmh=53.0, isInMotion=true, positionTimestamp=2025-11-20T05:02:21, eventOccurredAt=2025-11-20T10:02:41.215820251Z, course=35.0)
2025-11-20 13:02:41.215 [reactor-tcp-epoll-2] INFO  b.u.b.t.i.m.VehicleEventHandler - Handling VehiclePositionUpdated: VehiclePositionUpdatedEvent(vehicleId=9087db8d-06f5-4f28-8df4-1d91f9d30c98, deviceId=1209972034881409024, licensePlate=1583 AGG, routeNumber=52, latitude=37.937917, longitude=58.428536, speedKmh=2.0, isInMotion=true, positionTimestamp=2025-11-20T05:02:20, eventOccurredAt=2025-11-20T10:02:41.215845019Z, course=308.0)
2025-11-20 13:02:41.215 [reactor-tcp-epoll-2] INFO  b.u.b.t.i.m.VehicleEventHandler - Handling VehiclePositionUpdated: VehiclePositionUpdatedEvent(vehicleId=8b923b15-7641-4985-b386-f4d19f060a07, deviceId=1211135674099650560, licensePlate=1905 AGH, routeNumber=19, latitude=38.03712, longitude=58.401722, speedKmh=0.0, isInMotion=false, positionTimestamp=2025-11-20T05:00:23, eventOccurredAt=2025-11-20T10:02:41.215884389Z, course=196.0)
2025-11-20 13:02:41.215 [lettuce-epollEventLoop-5-1] WARN  b.u.b.i.w.VehiclePositionHandler - Failed to broadcast vehicle position: FAIL_ZERO_SUBSCRIBER
2025-11-20 13:02:41.215 [reactor-tcp-epoll-1] INFO  b.u.b.t.i.m.VehicleEventHandler - Handling VehiclePositionUpdated: VehiclePositionUpdatedEvent(vehicleId=f14a49ae-a241-45f1-aeb6-0df8b75717c6, deviceId=1217178326200963072, licensePlate=1390 AGG, routeNumber=11, latitude=37.917281, longitude=58.44217, speedKmh=33.0, isInMotion=true, positionTimestamp=2025-11-20T05:02:37, eventOccurredAt=2025-11-20T10:02:41.215927985Z, course=7.0)
2025-11-20 13:02:41.215 [reactor-tcp-epoll-2] INFO  b.u.b.t.i.m.VehicleEventHandler - Handling VehiclePositionUpdated: VehiclePositionUpdatedEvent(vehicleId=25bdf3aa-162d-4680-82c1-314006c6a8c2, deviceId=1216574704299757568, licensePlate=1429 AGG, routeNumber=97, latitude=37.97821, longitude=58.32051, speedKmh=29.0, isInMotion=true, positionTimestamp=2025-11-20T05:02:32, eventOccurredAt=2025-11-20T10:02:41.215922366Z, course=28.0)
2025-11-20 13:02:41.215 [reactor-tcp-epoll-1] INFO  b.u.b.t.i.m.VehicleEventHandler - Handling VehiclePositionUpdated: VehiclePositionUpdatedEvent(vehicleId=21b2a09e-d1b7-4563-abad-50a06ac1c40c, deviceId=1209925075046977536, licensePlate=1912 AGH, routeNumber=20, latitude=37.966269, longitude=58.381112, speedKmh=47.0, isInMotion=true, positionTimestamp=2025-11-20T05:02:25, eventOccurredAt=2025-11-20T10:02:41.215991456Z, course=122.0)
2025-11-20 13:02:41.216 [reactor-tcp-epoll-2] INFO  b.u.b.t.i.m.VehicleEventHandler - Handling VehiclePositionUpdated: VehiclePositionUpdatedEvent(vehicleId=eee30da0-d65c-4ec7-b05e-8e449353e67f, deviceId=1211426828619829248, licensePlate=1560 AGG, routeNumber=77, latitude=37.917456, longitude=58.441321, speedKmh=0.0, isInMotion=false, positionTimestamp=2025-11-20T05:02:22, eventOccurredAt=2025-11-20T10:02:41.216002124Z, course=277.0)
2025-11-20 13:02:41.216 [reactor-tcp-epoll-1] INFO  b.u.b.t.i.m.VehicleEventHandler - Handling VehiclePositionUpdated: VehiclePositionUpdatedEvent(vehicleId=224e7038-808d-458c-b623-9c810ab819a9, deviceId=1209645388878008320, licensePlate=1901 AGH, routeNumber=19, latitude=37.956993, longitude=58.325438, speedKmh=29.0, isInMotion=true, positionTimestamp=2025-11-20T05:02:25, eventOccurredAt=2025-11-20T10:02:41.216032902Z, course=287.0)
2025-11-20 13:02:41.216 [reactor-tcp-epoll-2] INFO  b.u.b.t.i.m.VehicleEventHandler - Handling VehiclePositionUpdated: VehiclePositionUpdatedEvent(vehicleId=d3e49baa-25b2-449b-9555-ab2649c2fb8a, deviceId=1216904594349838336, licensePlate=1498 AGG, routeNumber=31, latitude=37.962973, longitude=58.328254, speedKmh=0.0, isInMotion=false, positionTimestamp=2025-11-20T05:02:25, eventOccurredAt=2025-11-20T10:02:41.216052731Z, course=37.0)
2025-11-20 13:02:41.216 [reactor-tcp-epoll-1] INFO  b.u.b.t.i.m.VehicleEventHandler - Handling VehiclePositionUpdated: VehiclePositionUpdatedEvent(vehicleId=bc99caef-ce07-4cc6-ac71-2a33a052eed8, deviceId=1204622566329896960, licensePlate=1232 AGH, routeNumber=1, latitude=37.957571, longitude=58.376782, speedKmh=0.0, isInMotion=false, positionTimestamp=2025-11-20T05:02:32, eventOccurredAt=2025-11-20T10:02:41.216075229Z, course=29.0)
2025-11-20 13:02:41.216 [reactor-tcp-epoll-2] INFO  b.u.b.t.i.m.VehicleEventHandler - Handling VehiclePositionUpdated: VehiclePositionUpdatedEvent(vehicleId=e620c052-e452-4fc9-80a2-e8be71c873a0, deviceId=1211019322340888576, licensePlate=1572 AGG, routeNumber=17, latitude=37.886281, longitude=58.405415, speedKmh=0.0, isInMotion=false, positionTimestamp=2025-11-20T05:02:33, eventOccurredAt=2025-11-20T10:02:41.216129648Z, course=181.0)
2025-11-20 13:02:41.216 [reactor-tcp-epoll-1] INFO  b.u.b.t.i.m.VehicleEventHandler - Handling VehiclePositionUpdated: VehiclePositionUpdatedEvent(vehicleId=bb091444-51c4-4ae2-b8f7-bc059cecbf60, deviceId=1211032519294799872, licensePlate=1913 AGH, routeNumber=110, latitude=37.941748, longitude=58.38892, speedKmh=0.0, isInMotion=false, positionTimestamp=2025-11-20T05:02:33, eventOccurredAt=2025-11-20T10:02:41.216131185Z, course=303.0)
2025-11-20 13:02:41.216 [reactor-tcp-epoll-2] INFO  b.u.b.t.i.m.VehicleEventHandler - Handling VehiclePositionUpdated: VehiclePositionUpdatedEvent(vehicleId=52d910a7-64d3-405a-baaa-89efef243304, deviceId=1199917744758411264, licensePlate=1336 AGH, routeNumber=113, latitude=37.910425, longitude=58.397313, speedKmh=44.0, isInMotion=true, positionTimestamp=2025-11-20T05:02:29, eventOccurredAt=2025-11-20T10:02:41.216171972Z, course=271.0)
2025-11-20 13:02:41.216 [reactor-tcp-epoll-1] INFO  b.u.b.t.i.m.VehicleEventHandler - Handling VehiclePositionUpdated: VehiclePositionUpdatedEvent(vehicleId=e66c0e98-6750-4d63-940b-992a93f824c8, deviceId=1211407519935844352, licensePlate=1685 AGG, routeNumber=12, latitude=37.936392, longitude=58.387433, speedKmh=31.0, isInMotion=true, positionTimestamp=2025-11-20T05:02:23, eventOccurredAt=2025-11-20T10:02:41.216172949Z, course=107.0)
2025-11-20 13:02:41.216 [reactor-tcp-epoll-2] INFO  b.u.b.t.i.m.VehicleEventHandler - Handling VehiclePositionUpdated: VehiclePositionUpdatedEvent(vehicleId=151353ca-c9c2-4909-a0b6-27cbaf862e53, deviceId=1216816291323793408, licensePlate=1413 AGG, routeNumber=96, latitude=37.959615, longitude=58.324477, speedKmh=0.0, isInMotion=false, positionTimestamp=2025-11-20T05:02:24, eventOccurredAt=2025-11-20T10:02:41.216235024Z, course=216.0)
2025-11-20 13:02:41.216 [reactor-tcp-epoll-2] INFO  b.u.b.t.i.m.VehicleEventHandler - Handling VehiclePositionUpdated: VehiclePositionUpdatedEvent(vehicleId=b6e97a64-a781-4c23-8df3-a9ad0279e57f, deviceId=1212152112981692416, licensePlate=1533 AGG, routeNumber=70, latitude=37.978562, longitude=58.32733, speedKmh=0.0, isInMotion=false, positionTimestamp=2025-11-20T05:02:32, eventOccurredAt=2025-11-20T10:02:41.216296140Z, course=34.0)
2025-11-20 13:02:41.216 [reactor-tcp-epoll-2] INFO  b.u.b.t.i.m.VehicleEventHandler - Handling VehiclePositionUpdated: VehiclePositionUpdatedEvent(vehicleId=13535036-87ec-4de8-90a8-677127107f81, deviceId=1211786567841173504, licensePlate=1593 AGG, routeNumber=89, latitude=37.95384, longitude=58.331188, speedKmh=33.0, isInMotion=true, positionTimestamp=2025-11-20T05:02:36, eventOccurredAt=2025-11-20T10:02:41.216340267Z, course=124.0)
2025-11-20 13:02:41.216 [reactor-tcp-epoll-1] INFO  b.u.b.t.i.m.VehicleEventHandler - Handling VehiclePositionUpdated: VehiclePositionUpdatedEvent(vehicleId=6cdc1ffb-bc82-4b9f-baad-4f225ec61cd4, deviceId=1217313722264145920, licensePlate=1329 AGH, routeNumber=19, latitude=37.957092, longitude=58.325008, speedKmh=35.0, isInMotion=true, positionTimestamp=2025-11-20T05:02:25, eventOccurredAt=2025-11-20T10:02:41.216327035Z, course=285.0)
2025-11-20 13:02:41.216 [reactor-tcp-epoll-2] INFO  b.u.b.t.i.m.VehicleEventHandler - Handling VehiclePositionUpdated: VehiclePositionUpdatedEvent(vehicleId=ade99a58-af61-4f05-97ef-fc6ef7561e0b, deviceId=1209601854158360576, licensePlate=1567 AGG, routeNumber=47, latitude=37.958074, longitude=58.348101, speedKmh=0.0, isInMotion=false, positionTimestamp=2025-11-20T05:02:30, eventOccurredAt=2025-11-20T10:02:41.216381609Z, course=89.0)
2025-11-20 13:02:41.216 [reactor-tcp-epoll-1] INFO  b.u.b.t.i.m.VehicleEventHandler - Handling VehiclePositionUpdated: VehiclePositionUpdatedEvent(vehicleId=71ba5a41-57cd-4258-b9fd-c7d1ed8ed64d, deviceId=1212549062075830272, licensePlate=1680 AGG, routeNumber=null, latitude=37.941727, longitude=58.370547, speedKmh=8.0, isInMotion=true, positionTimestamp=2025-11-20T05:02:31, eventOccurredAt=2025-11-20T10:02:41.216409911Z, course=95.0)
2025-11-20 13:02:41.216 [reactor-tcp-epoll-2] INFO  b.u.b.t.i.m.VehicleEventHandler - Handling VehiclePositionUpdated: VehiclePositionUpdatedEvent(vehicleId=de924593-1d35-4b72-a978-a4cb157d022b, deviceId=1217314279498403840, licensePlate=1372 AGG, routeNumber=6, latitude=37.967026, longitude=58.332121, speedKmh=0.0, isInMotion=false, positionTimestamp=2025-11-20T05:02:38, eventOccurredAt=2025-11-20T10:02:41.216419852Z, course=34.0)
2025-11-20 13:02:41.216 [lettuce-epollEventLoop-5-1] WARN  b.u.b.i.w.VehiclePositionHandler - Failed to broadcast vehicle position: FAIL_ZERO_SUBSCRIBER
2025-11-20 13:02:41.216 [reactor-tcp-epoll-2] INFO  b.u.b.t.i.m.VehicleEventHandler - Handling VehiclePositionUpdated: VehiclePositionUpdatedEvent(vehicleId=8d4c331a-67ef-4246-87b7-d919760615e1, deviceId=1210791908323053568, licensePlate=1426 AGG, routeNumber=null, latitude=37.980293, longitude=58.338374, speedKmh=45.0, isInMotion=true, positionTimestamp=2025-11-20T04:02:22, eventOccurredAt=2025-11-20T10:02:41.216459154Z, course=301.0)
2025-11-20 13:02:41.216 [reactor-tcp-epoll-1] INFO  b.u.b.t.i.m.VehicleEventHandler - Handling VehiclePositionUpdated: VehiclePositionUpdatedEvent(vehicleId=90b679b4-cdcd-421f-b8a0-3cb23a46734d, deviceId=1212184461442240512, licensePlate=1360 AGG, routeNumber=77, latitude=37.965217, longitude=58.411713, speedKmh=0.0, isInMotion=false, positionTimestamp=2025-11-20T05:02:33, eventOccurredAt=2025-11-20T10:02:41.216460441Z, course=311.0)
2025-11-20 13:02:41.216 [reactor-tcp-epoll-1] INFO  b.u.b.t.i.m.VehicleEventHandler - Handling VehiclePositionUpdated: VehiclePositionUpdatedEvent(vehicleId=16556ae2-d836-4901-b021-0abef67452c1, deviceId=1217193456783544320, licensePlate=1328 AGH, routeNumber=13, latitude=38.043906, longitude=58.39917, speedKmh=0.0, isInMotion=false, positionTimestamp=2025-11-20T05:02:35, eventOccurredAt=2025-11-20T10:02:41.216583092Z, course=159.0)
2025-11-20 13:02:41.216 [reactor-tcp-epoll-2] INFO  b.u.b.t.i.m.VehicleEventHandler - Handling VehiclePositionUpdated: VehiclePositionUpdatedEvent(vehicleId=5ff4c342-dd88-4d06-b260-8007b4df85e8, deviceId=1210054310700994560, licensePlate=1553 AGG, routeNumber=28, latitude=37.917367, longitude=58.441349, speedKmh=0.0, isInMotion=false, positionTimestamp=2025-11-20T05:02:27, eventOccurredAt=2025-11-20T10:02:41.216597021Z, course=263.0)
2025-11-20 13:02:41.216 [lettuce-epollEventLoop-5-1] WARN  b.u.b.i.w.VehiclePositionHandler - Failed to broadcast vehicle position: FAIL_ZERO_SUBSCRIBER
2025-11-20 13:02:41.216 [reactor-tcp-epoll-2] INFO  b.u.b.t.i.m.VehicleEventHandler - Handling VehiclePositionUpdated: VehiclePositionUpdatedEvent(vehicleId=453220ec-312c-4d6a-9c22-98d5b1a127a7, deviceId=1212199974683758592, licensePlate=1682 AGG, routeNumber=38, latitude=37.92551, longitude=58.425922, speedKmh=59.0, isInMotion=true, positionTimestamp=2025-11-20T05:02:33, eventOccurredAt=2025-11-20T10:02:41.216693418Z, course=213.0)
2025-11-20 13:02:41.216 [reactor-tcp-epoll-2] INFO  b.u.b.t.i.m.VehicleEventHandler - Handling VehiclePositionUpdated: VehiclePositionUpdatedEvent(vehicleId=67755e93-451e-4f0f-b609-ce8262ad8e53, deviceId=1212117040857567232, licensePlate=1240 AGH, routeNumber=14, latitude=37.915632, longitude=58.344853, speedKmh=56.0, isInMotion=true, positionTimestamp=2025-11-20T05:02:29, eventOccurredAt=2025-11-20T10:02:41.216772946Z, course=224.0)
2025-11-20 13:02:41.216 [reactor-tcp-epoll-1] INFO  b.u.b.t.i.m.VehicleEventHandler - Handling VehiclePositionUpdated: VehiclePositionUpdatedEvent(vehicleId=ca6dc222-47d8-43e8-bf8a-29f010c71a1b, deviceId=1211130883889909760, licensePlate=1325 AGH, routeNumber=20, latitude=37.917221, longitude=58.441432, speedKmh=0.0, isInMotion=false, positionTimestamp=2025-11-20T05:02:33, eventOccurredAt=2025-11-20T10:02:41.216781556Z, course=63.0)
2025-11-20 13:02:41.216 [reactor-tcp-epoll-2] INFO  b.u.b.t.i.m.VehicleEventHandler - Handling VehiclePositionUpdated: VehiclePositionUpdatedEvent(vehicleId=32717eac-4144-45ad-b71d-7fcbb323b617, deviceId=1210014635990929408, licensePlate=1549 AGG, routeNumber=90, latitude=37.985362, longitude=58.405537, speedKmh=29.0, isInMotion=true, positionTimestamp=2025-11-20T05:02:37, eventOccurredAt=2025-11-20T10:02:41.216842189Z, course=41.0)
2025-11-20 13:02:41.216 [lettuce-epollEventLoop-5-1] WARN  b.u.b.i.w.VehiclePositionHandler - Failed to broadcast vehicle position: FAIL_ZERO_SUBSCRIBER
2025-11-20 13:02:41.216 [lettuce-epollEventLoop-5-2] WARN  b.u.b.i.w.VehiclePositionHandler - Error parsing Redis message: Cannot construct instance of `biz.ugur.busroutebackend.transport.infrastructure.messaging.VehiclePositionWebSocketMessage` (no Creators, like default constructor, exist): cannot deserialize from Object value (no delegate- or property-based Creator)
 at [Source: REDACTED (`StreamReadFeature.INCLUDE_SOURCE_IN_LOCATION` disabled); line: 1, column: 2]
2025-11-20 13:02:41.216 [reactor-tcp-epoll-2] INFO  b.u.b.t.i.m.VehicleEventHandler - Handling VehiclePositionUpdated: VehiclePositionUpdatedEvent(vehicleId=f0bacf8b-b3a5-4ba2-8bac-40c77ca50f20, deviceId=1211097977079418880, licensePlate=1315 AGH, routeNumber=13, latitude=37.953347, longitude=58.412651, speedKmh=5.0, isInMotion=true, positionTimestamp=2025-11-20T05:02:38, eventOccurredAt=2025-11-20T10:02:41.216932307Z, course=30.0)
2025-11-20 13:02:41.216 [reactor-tcp-epoll-2] INFO  b.u.b.t.i.m.VehicleEventHandler - Handling VehiclePositionUpdated: VehiclePositionUpdatedEvent(vehicleId=e65fbc35-5894-42cd-98f4-2fab3db4177b, deviceId=1201964192442306560, licensePlate=1238 AGH, routeNumber=36, latitude=37.87744, longitude=58.443458, speedKmh=57.0, isInMotion=true, positionTimestamp=2025-11-20T05:02:21, eventOccurredAt=2025-11-20T10:02:41.216984448Z, course=92.0)
2025-11-20 13:02:41.217 [reactor-tcp-epoll-2] INFO  b.u.b.t.i.m.VehicleEventHandler - Handling VehiclePositionUpdated: VehiclePositionUpdatedEvent(vehicleId=0ac3dbe3-bc92-4afe-97d9-05f20f842637, deviceId=1199916244661391360, licensePlate=1279 AGH, routeNumber=14, latitude=37.970808, longitude=58.323902, speedKmh=31.0, isInMotion=true, positionTimestamp=2025-11-20T05:02:38, eventOccurredAt=2025-11-20T10:02:41.217030676Z, course=215.0)
2025-11-20 13:02:41.217 [lettuce-epollEventLoop-5-1] WARN  b.u.b.i.w.VehiclePositionHandler - Failed to broadcast vehicle position: FAIL_ZERO_SUBSCRIBER
2025-11-20 13:02:41.217 [reactor-tcp-epoll-2] INFO  b.u.b.t.i.m.VehicleEventHandler - Handling VehiclePositionUpdated: VehiclePositionUpdatedEvent(vehicleId=61c60f33-dadc-472d-a98b-4be3cd1ec35c, deviceId=1210029897163165696, licensePlate=1303 AGH, routeNumber=14, latitude=37.879259, longitude=58.370613, speedKmh=47.0, isInMotion=true, positionTimestamp=2025-11-20T05:02:19, eventOccurredAt=2025-11-20T10:02:41.217073085Z, course=100.0)
2025-11-20 13:02:41.217 [reactor-tcp-epoll-2] INFO  b.u.b.t.i.m.VehicleEventHandler - Handling VehiclePositionUpdated: VehiclePositionUpdatedEvent(vehicleId=da82de4e-c47c-4947-b826-c5a34674479e, deviceId=1211858260563546112, licensePlate=1673 AGG, routeNumber=38, latitude=37.973231, longitude=58.338059, speedKmh=18.0, isInMotion=true, positionTimestamp=2025-11-20T05:02:19, eventOccurredAt=2025-11-20T10:02:41.217113046Z, course=36.0)
2025-11-20 13:02:41.217 [reactor-tcp-epoll-2] INFO  b.u.b.t.i.m.VehicleEventHandler - Handling VehiclePositionUpdated: VehiclePositionUpdatedEvent(vehicleId=dac2de84-ddc9-46fa-9523-cb2f8806ab38, deviceId=1209945944750247936, licensePlate=1427 AGG, routeNumber=null, latitude=37.91836, longitude=58.427208, speedKmh=1.0, isInMotion=false, positionTimestamp=2025-11-20T05:02:29, eventOccurredAt=2025-11-20T10:02:41.217162108Z, course=88.0)
2025-11-20 13:02:41.217 [reactor-tcp-epoll-2] INFO  b.u.b.t.i.m.VehicleEventHandler - Handling VehiclePositionUpdated: VehiclePositionUpdatedEvent(vehicleId=67e56782-8171-427b-98fa-07a3918ec761, deviceId=1202354668219617280, licensePlate=1276 AGH, routeNumber=36, latitude=38.029357, longitude=58.40431, speedKmh=0.0, isInMotion=false, positionTimestamp=2025-11-20T05:02:29, eventOccurredAt=2025-11-20T10:02:41.217198413Z, course=241.0)
2025-11-20 13:02:41.217 [lettuce-epollEventLoop-5-1] WARN  b.u.b.i.w.VehiclePositionHandler - Failed to broadcast vehicle position: FAIL_ZERO_SUBSCRIBER
2025-11-20 13:02:41.217 [reactor-tcp-epoll-2] INFO  b.u.b.t.i.m.VehicleEventHandler - Handling VehiclePositionUpdated: VehiclePositionUpdatedEvent(vehicleId=d3564d62-00c7-4239-a38f-789fbea48e93, deviceId=1209703060545425408, licensePlate=1233 AGH, routeNumber=null, latitude=37.843659, longitude=58.447786, speedKmh=62.0, isInMotion=true, positionTimestamp=2025-11-20T05:02:21, eventOccurredAt=2025-11-20T10:02:41.217237314Z, course=36.0)
2025-11-20 13:02:41.217 [reactor-tcp-epoll-2] INFO  b.u.b.t.i.m.VehicleEventHandler - Handling VehiclePositionUpdated: VehiclePositionUpdatedEvent(vehicleId=8133063a-1b41-46d5-a198-2b0f65c81c4c, deviceId=1209668666770280448, licensePlate=1528 AGG, routeNumber=6, latitude=37.873393, longitude=58.358052, speedKmh=60.0, isInMotion=true, positionTimestamp=2025-11-20T05:02:31, eventOccurredAt=2025-11-20T10:02:41.217271606Z, course=207.0)
2025-11-20 13:02:41.217 [reactor-tcp-epoll-2] INFO  b.u.b.t.i.m.VehicleEventHandler - Handling VehiclePositionUpdated: VehiclePositionUpdatedEvent(vehicleId=c72692fe-ba08-4215-b3f5-570a8b54b118, deviceId=1201762902021984256, licensePlate=1309 AGH, routeNumber=113, latitude=37.909816, longitude=58.434921, speedKmh=39.0, isInMotion=true, positionTimestamp=2025-11-20T05:02:22, eventOccurredAt=2025-11-20T10:02:41.217316124Z, course=89.0)
2025-11-20 13:02:41.217 [reactor-tcp-epoll-2] INFO  b.u.b.t.i.m.VehicleEventHandler - Handling VehiclePositionUpdated: VehiclePositionUpdatedEvent(vehicleId=8762014c-d049-4d4b-80df-a206fa7dee52, deviceId=1208939003827671040, licensePlate=1312 AGH, routeNumber=20, latitude=37.917239, longitude=58.441609, speedKmh=0.0, isInMotion=false, positionTimestamp=2025-11-20T05:02:37, eventOccurredAt=2025-11-20T10:02:41.217366275Z, course=270.0)
2025-11-20 13:02:41.217 [lettuce-epollEventLoop-5-2] WARN  b.u.b.i.w.VehiclePositionHandler - Error parsing Redis message: Cannot construct instance of `biz.ugur.busroutebackend.transport.infrastructure.messaging.VehiclePositionWebSocketMessage` (no Creators, like default constructor, exist): cannot deserialize from Object value (no delegate- or property-based Creator)
 at [Source: REDACTED (`StreamReadFeature.INCLUDE_SOURCE_IN_LOCATION` disabled); line: 1, column: 2]
2025-11-20 13:02:41.217 [reactor-tcp-epoll-2] INFO  b.u.b.t.i.m.VehicleEventHandler - Handling VehiclePositionUpdated: VehiclePositionUpdatedEvent(vehicleId=c515826c-7bf8-4cba-b310-8c179336e127, deviceId=1211426200170483712, licensePlate=1990 AGH, routeNumber=37, latitude=37.912002, longitude=58.405865, speedKmh=7.0, isInMotion=true, positionTimestamp=2025-11-20T05:02:22, eventOccurredAt=2025-11-20T10:02:41.217442127Z, course=176.0)
2025-11-20 13:02:41.217 [lettuce-epollEventLoop-5-1] WARN  b.u.b.i.w.VehiclePositionHandler - Failed to broadcast vehicle position: FAIL_ZERO_SUBSCRIBER
2025-11-20 13:02:41.217 [reactor-tcp-epoll-2] INFO  b.u.b.t.i.m.VehicleEventHandler - Handling VehiclePositionUpdated: VehiclePositionUpdatedEvent(vehicleId=74771546-d874-4785-831e-2142e69e6095, deviceId=1204537729803833344, licensePlate=1272 AGH, routeNumber=36, latitude=37.938111, longitude=58.398876, speedKmh=45.0, isInMotion=true, positionTimestamp=2025-11-20T05:02:21, eventOccurredAt=2025-11-20T10:02:41.217534954Z, course=222.0)
2025-11-20 13:02:41.217 [lettuce-epollEventLoop-5-2] WARN  b.u.b.i.w.VehiclePositionHandler - Error parsing Redis message: Cannot construct instance of `biz.ugur.busroutebackend.transport.infrastructure.messaging.VehiclePositionWebSocketMessage` (no Creators, like default constructor, exist): cannot deserialize from Object value (no delegate- or property-based Creator)
 at [Source: REDACTED (`StreamReadFeature.INCLUDE_SOURCE_IN_LOCATION` disabled); line: 1, column: 2]
2025-11-20 13:02:41.217 [reactor-tcp-epoll-2] INFO  b.u.b.t.i.m.VehicleEventHandler - Handling VehiclePositionUpdated: VehiclePositionUpdatedEvent(vehicleId=e75c3090-d75b-4498-a597-52b7de92090a, deviceId=1210783340542775296, licensePlate=1679 AGG, routeNumber=null, latitude=38.001818, longitude=58.405788, speedKmh=63.0, isInMotion=true, positionTimestamp=2025-11-20T05:02:36, eventOccurredAt=2025-11-20T10:02:41.217610646Z, course=337.0)
2025-11-20 13:02:41.217 [lettuce-epollEventLoop-5-2] WARN  b.u.b.i.w.VehiclePositionHandler - Error parsing Redis message: Cannot construct instance of `biz.ugur.busroutebackend.transport.infrastructure.messaging.VehiclePositionWebSocketMessage` (no Creators, like default constructor, exist): cannot deserialize from Object value (no delegate- or property-based Creator)
 at [Source: REDACTED (`StreamReadFeature.INCLUDE_SOURCE_IN_LOCATION` disabled); line: 1, column: 2]
2025-11-20 13:02:41.217 [reactor-tcp-epoll-2] INFO  b.u.b.t.i.m.VehicleEventHandler - Handling VehiclePositionUpdated: VehiclePositionUpdatedEvent(vehicleId=cf19ef8a-262b-4af3-9edc-bfb69959876e, deviceId=1210741686729396224, licensePlate=1541 AGG, routeNumber=90, latitude=37.871256, longitude=58.356234, speedKmh=0.0, isInMotion=false, positionTimestamp=2025-11-20T05:02:20, eventOccurredAt=2025-11-20T10:02:41.217685070Z, course=223.0)
2025-11-20 13:02:41.217 [reactor-tcp-epoll-2] INFO  b.u.b.t.i.m.VehicleEventHandler - Handling VehiclePositionUpdated: VehiclePositionUpdatedEvent(vehicleId=8ef4b6d9-7396-49f0-97af-675e8dc8c2c0, deviceId=1208142914019086336, licensePlate=1338 AGH, routeNumber=13, latitude=37.941464, longitude=58.373279, speedKmh=6.0, isInMotion=true, positionTimestamp=2025-11-20T05:02:25, eventOccurredAt=2025-11-20T10:02:41.217760038Z, course=94.0)
2025-11-20 13:02:41.217 [lettuce-epollEventLoop-5-2] WARN  b.u.b.i.w.VehiclePositionHandler - Error parsing Redis message: Cannot construct instance of `biz.ugur.busroutebackend.transport.infrastructure.messaging.VehiclePositionWebSocketMessage` (no Creators, like default constructor, exist): cannot deserialize from Object value (no delegate- or property-based Creator)
 at [Source: REDACTED (`StreamReadFeature.INCLUDE_SOURCE_IN_LOCATION` disabled); line: 1, column: 2]
2025-11-20 13:02:41.217 [reactor-tcp-epoll-2] INFO  b.u.b.t.i.m.VehicleEventHandler - Handling VehiclePositionUpdated: VehiclePositionUpdatedEvent(vehicleId=bd911880-4274-4db6-8efc-eb54d52b9764, deviceId=1208256426884157440, licensePlate=1310 AGH, routeNumber=13, latitude=37.925291, longitude=58.375796, speedKmh=23.0, isInMotion=true, positionTimestamp=2025-11-20T05:02:36, eventOccurredAt=2025-11-20T10:02:41.217829869Z, course=123.0)
2025-11-20 13:02:41.217 [reactor-tcp-epoll-2] INFO  b.u.b.t.i.m.VehicleEventHandler - Handling VehiclePositionUpdated: VehiclePositionUpdatedEvent(vehicleId=b7933b35-2465-45ed-ac31-8fa03e6fe5bf, deviceId=1217301394743316480, licensePlate=1412 AGG, routeNumber=null, latitude=37.886951, longitude=58.405431, speedKmh=0.0, isInMotion=false, positionTimestamp=2025-11-20T05:02:32, eventOccurredAt=2025-11-20T10:02:41.217893335Z, course=180.0)
2025-11-20 13:02:41.217 [reactor-tcp-epoll-2] INFO  b.u.b.t.i.m.VehicleEventHandler - Handling VehiclePositionUpdated: VehiclePositionUpdatedEvent(vehicleId=c472a61c-fddf-4714-8a4c-4cfdd785180d, deviceId=1212137492522946560, licensePlate=1546 AGG, routeNumber=null, latitude=37.92895, longitude=58.310372, speedKmh=41.0, isInMotion=true, positionTimestamp=2025-11-20T05:02:34, eventOccurredAt=2025-11-20T10:02:41.217967406Z, course=7.0)
2025-11-20 13:02:41.217 [lettuce-epollEventLoop-5-2] WARN  b.u.b.i.w.VehiclePositionHandler - Error parsing Redis message: Cannot construct instance of `biz.ugur.busroutebackend.transport.infrastructure.messaging.VehiclePositionWebSocketMessage` (no Creators, like default constructor, exist): cannot deserialize from Object value (no delegate- or property-based Creator)
 at [Source: REDACTED (`StreamReadFeature.INCLUDE_SOURCE_IN_LOCATION` disabled); line: 1, column: 2]
2025-11-20 13:02:41.218 [reactor-tcp-epoll-2] INFO  b.u.b.t.i.m.VehicleEventHandler - Handling VehiclePositionUpdated: VehiclePositionUpdatedEvent(vehicleId=7a542e4b-364b-4d9d-9d06-9643da3661e5, deviceId=1199819902056353792, licensePlate=1321 AGH, routeNumber=19, latitude=37.91712, longitude=58.441579, speedKmh=0.0, isInMotion=false, positionTimestamp=2025-11-20T05:02:29, eventOccurredAt=2025-11-20T10:02:41.218095281Z, course=240.0)
2025-11-20 13:02:41.218 [lettuce-epollEventLoop-5-2] WARN  b.u.b.i.w.VehiclePositionHandler - Error parsing Redis message: Cannot construct instance of `biz.ugur.busroutebackend.transport.infrastructure.messaging.VehiclePositionWebSocketMessage` (no Creators, like default constructor, exist): cannot deserialize from Object value (no delegate- or property-based Creator)
 at [Source: REDACTED (`StreamReadFeature.INCLUDE_SOURCE_IN_LOCATION` disabled); line: 1, column: 2]
2025-11-20 13:02:41.218 [reactor-tcp-epoll-2] INFO  b.u.b.t.i.m.VehicleEventHandler - Handling VehiclePositionUpdated: VehiclePositionUpdatedEvent(vehicleId=c28b59fb-1a67-4850-b29f-8b9864824b59, deviceId=1209592627914297344, licensePlate=1402 AGG, routeNumber=89, latitude=37.978385, longitude=58.327188, speedKmh=0.0, isInMotion=false, positionTimestamp=2025-11-20T05:02:21, eventOccurredAt=2025-11-20T10:02:41.218221072Z, course=31.0)
2025-11-20 13:02:41.218 [reactor-tcp-epoll-2] INFO  b.u.b.t.i.m.VehicleEventHandler - Handling VehiclePositionUpdated: VehiclePositionUpdatedEvent(vehicleId=9f089ad9-92e0-4129-8e5b-c6f52eddfcd7, deviceId=1217192894860054528, licensePlate=1301 AGH, routeNumber=1, latitude=37.899454, longitude=58.379612, speedKmh=48.0, isInMotion=true, positionTimestamp=2025-11-20T05:02:28, eventOccurredAt=2025-11-20T10:02:41.218311947Z, course=5.0)
2025-11-20 13:02:41.218 [reactor-tcp-epoll-2] INFO  b.u.b.t.i.m.VehicleEventHandler - Handling VehiclePositionUpdated: VehiclePositionUpdatedEvent(vehicleId=5ea61c12-dad8-4850-a8e0-ef3f4ffbde16, deviceId=1209732947494785024, licensePlate=1952 AGH, routeNumber=73, latitude=37.983767, longitude=58.331863, speedKmh=39.0, isInMotion=true, positionTimestamp=2025-11-20T05:02:22, eventOccurredAt=2025-11-20T10:02:41.218393457Z, course=300.0)
2025-11-20 13:02:41.218 [reactor-tcp-epoll-2] INFO  b.u.b.t.i.m.VehicleEventHandler - Handling VehiclePositionUpdated: VehiclePositionUpdatedEvent(vehicleId=75cb495d-0836-4834-8bed-51076571708c, deviceId=1208860828154155008, licensePlate=1364 AGG, routeNumber=6, latitude=37.924679, longitude=58.420291, speedKmh=54.0, isInMotion=true, positionTimestamp=2025-11-20T05:02:29, eventOccurredAt=2025-11-20T10:02:41.218461681Z, course=126.0)
2025-11-20 13:02:41.218 [reactor-tcp-epoll-2] INFO  b.u.b.t.i.m.VehicleEventHandler - Handling VehiclePositionUpdated: VehiclePositionUpdatedEvent(vehicleId=ee459570-c5ae-4607-84ed-91ee684aa778, deviceId=1208141856563744768, licensePlate=1330 AGG, routeNumber=46, latitude=37.913924, longitude=58.378628, speedKmh=2.0, isInMotion=true, positionTimestamp=2025-11-20T05:02:34, eventOccurredAt=2025-11-20T10:02:41.218525999Z, course=305.0)
2025-11-20 13:02:41.218 [reactor-tcp-epoll-2] INFO  b.u.b.t.i.m.VehicleEventHandler - Handling VehiclePositionUpdated: VehiclePositionUpdatedEvent(vehicleId=e95c624d-f522-4e40-a8e6-6666b000f6c3, deviceId=1210069087460478976, licensePlate=1658 AGG, routeNumber=null, latitude=37.959027, longitude=58.318313, speedKmh=0.0, isInMotion=false, positionTimestamp=2025-11-20T05:02:19, eventOccurredAt=2025-11-20T10:02:41.218592839Z, course=124.0)
2025-11-20 13:02:41.218 [reactor-tcp-epoll-2] INFO  b.u.b.t.i.m.VehicleEventHandler - Handling VehiclePositionUpdated: VehiclePositionUpdatedEvent(vehicleId=0e35b362-9380-40bf-a186-240aed7af8a1, deviceId=1204600559026524160, licensePlate=1317 AGH, routeNumber=13, latitude=37.958082, longitude=58.345298, speedKmh=34.0, isInMotion=true, positionTimestamp=2025-11-20T05:02:23, eventOccurredAt=2025-11-20T10:02:41.218628964Z, course=113.0)
2025-11-20 13:02:41.218 [reactor-tcp-epoll-2] INFO  b.u.b.t.i.m.VehicleEventHandler - Handling VehiclePositionUpdated: VehiclePositionUpdatedEvent(vehicleId=c3750025-3bbf-401e-bc3a-8aa9b0c84aa5, deviceId=1209706179836727296, licensePlate=1670 AGG, routeNumber=null, latitude=37.939083, longitude=58.392312, speedKmh=0.0, isInMotion=false, positionTimestamp=2025-11-20T05:02:33, eventOccurredAt=2025-11-20T10:02:41.218661424Z, course=33.0)
2025-11-20 13:02:41.218 [reactor-tcp-epoll-2] INFO  b.u.b.t.i.m.VehicleEventHandler - Handling VehiclePositionUpdated: VehiclePositionUpdatedEvent(vehicleId=5b3c4fec-014d-46fe-bf83-ced3d3dd3215, deviceId=1199890875933741056, licensePlate=1252 AGH, routeNumber=null, latitude=38.0371, longitude=58.401629, speedKmh=0.0, isInMotion=false, positionTimestamp=2025-11-20T04:51:42, eventOccurredAt=2025-11-20T10:02:41.218695007Z, course=153.0)
2025-11-20 13:02:41.219 [lettuce-epollEventLoop-5-1] WARN  b.u.b.i.w.VehiclePositionHandler - Failed to broadcast vehicle position: FAIL_ZERO_SUBSCRIBER
2025-11-20 13:02:41.219 [lettuce-epollEventLoop-5-2] WARN  b.u.b.i.w.VehiclePositionHandler - Error parsing Redis message: Cannot construct instance of `biz.ugur.busroutebackend.transport.infrastructure.messaging.VehiclePositionWebSocketMessage` (no Creators, like default constructor, exist): cannot deserialize from Object value (no delegate- or property-based Creator)
 at [Source: REDACTED (`StreamReadFeature.INCLUDE_SOURCE_IN_LOCATION` disabled); line: 1, column: 2]
2025-11-20 13:02:41.220 [lettuce-epollEventLoop-5-1] WARN  b.u.b.i.w.VehiclePositionHandler - Failed to broadcast vehicle position: FAIL_ZERO_SUBSCRIBER
2025-11-20 13:02:41.220 [lettuce-epollEventLoop-5-1] WARN  b.u.b.i.w.VehiclePositionHandler - Failed to broadcast vehicle position: FAIL_ZERO_SUBSCRIBER
2025-11-20 13:02:41.220 [lettuce-epollEventLoop-5-1] WARN  b.u.b.i.w.VehiclePositionHandler - Failed to broadcast vehicle position: FAIL_ZERO_SUBSCRIBER
2025-11-20 13:02:41.220 [lettuce-epollEventLoop-5-1] WARN  b.u.b.i.w.VehiclePositionHandler - Failed to broadcast vehicle position: FAIL_ZERO_SUBSCRIBER
2025-11-20 13:02:41.220 [lettuce-epollEventLoop-5-1] WARN  b.u.b.i.w.VehiclePositionHandler - Failed to broadcast vehicle position: FAIL_ZERO_SUBSCRIBER
2025-11-20 13:02:41.220 [lettuce-epollEventLoop-5-1] WARN  b.u.b.i.w.VehiclePositionHandler - Failed to broadcast vehicle position: FAIL_ZERO_SUBSCRIBER
2025-11-20 13:02:41.220 [lettuce-epollEventLoop-5-2] WARN  b.u.b.i.w.VehiclePositionHandler - Error parsing Redis message: Cannot construct instance of `biz.ugur.busroutebackend.transport.infrastructure.messaging.VehiclePositionWebSocketMessage` (no Creators, like default constructor, exist): cannot deserialize from Object value (no delegate- or property-based Creator)
 at [Source: REDACTED (`StreamReadFeature.INCLUDE_SOURCE_IN_LOCATION` disabled); line: 1, column: 2]
2025-11-20 13:02:41.220 [lettuce-epollEventLoop-5-2] WARN  b.u.b.i.w.VehiclePositionHandler - Error parsing Redis message: Cannot construct instance of `biz.ugur.busroutebackend.transport.infrastructure.messaging.VehiclePositionWebSocketMessage` (no Creators, like default constructor, exist): cannot deserialize from Object value (no delegate- or property-based Creator)
 at [Source: REDACTED (`StreamReadFeature.INCLUDE_SOURCE_IN_LOCATION` disabled); line: 1, column: 2]
2025-11-20 13:02:41.220 [lettuce-epollEventLoop-5-2] WARN  b.u.b.i.w.VehiclePositionHandler - Error parsing Redis message: Cannot construct instance of `biz.ugur.busroutebackend.transport.infrastructure.messaging.VehiclePositionWebSocketMessage` (no Creators, like default constructor, exist): cannot deserialize from Object value (no delegate- or property-based Creator)
 at [Source: REDACTED (`StreamReadFeature.INCLUDE_SOURCE_IN_LOCATION` disabled); line: 1, column: 2]
2025-11-20 13:02:41.221 [lettuce-epollEventLoop-5-2] WARN  b.u.b.i.w.VehiclePositionHandler - Error parsing Redis message: Cannot construct instance of `biz.ugur.busroutebackend.transport.infrastructure.messaging.VehiclePositionWebSocketMessage` (no Creators, like default constructor, exist): cannot deserialize from Object value (no delegate- or property-based Creator)
 at [Source: REDACTED (`StreamReadFeature.INCLUDE_SOURCE_IN_LOCATION` disabled); line: 1, column: 2]
2025-11-20 13:02:41.221 [lettuce-epollEventLoop-5-1] WARN  b.u.b.i.w.VehiclePositionHandler - Failed to broadcast vehicle position: FAIL_ZERO_SUBSCRIBER
2025-11-20 13:02:41.222 [lettuce-epollEventLoop-5-1] WARN  b.u.b.i.w.VehiclePositionHandler - Failed to broadcast vehicle position: FAIL_ZERO_SUBSCRIBER
2025-11-20 13:02:41.222 [lettuce-epollEventLoop-5-1] WARN  b.u.b.i.w.VehiclePositionHandler - Failed to broadcast vehicle position: FAIL_ZERO_SUBSCRIBER
2025-11-20 13:02:41.222 [lettuce-epollEventLoop-5-1] WARN  b.u.b.i.w.VehiclePositionHandler - Failed to broadcast vehicle position: FAIL_ZERO_SUBSCRIBER
2025-11-20 13:02:41.222 [lettuce-epollEventLoop-5-1] WARN  b.u.b.i.w.VehiclePositionHandler - Failed to broadcast vehicle position: FAIL_ZERO_SUBSCRIBER
2025-11-20 13:02:41.222 [lettuce-epollEventLoop-5-1] WARN  b.u.b.i.w.VehiclePositionHandler - Failed to broadcast vehicle position: FAIL_ZERO_SUBSCRIBER
2025-11-20 13:02:41.222 [lettuce-epollEventLoop-5-1] WARN  b.u.b.i.w.VehiclePositionHandler - Failed to broadcast vehicle position: FAIL_ZERO_SUBSCRIBER
2025-11-20 13:02:41.223 [lettuce-epollEventLoop-5-1] WARN  b.u.b.i.w.VehiclePositionHandler - Failed to broadcast vehicle position: FAIL_ZERO_SUBSCRIBER
2025-11-20 13:02:41.223 [lettuce-epollEventLoop-5-2] WARN  b.u.b.i.w.VehiclePositionHandler - Error parsing Redis message: Cannot construct instance of `biz.ugur.busroutebackend.transport.infrastructure.messaging.VehiclePositionWebSocketMessage` (no Creators, like default constructor, exist): cannot deserialize from Object value (no delegate- or property-based Creator)
 at [Source: REDACTED (`StreamReadFeature.INCLUDE_SOURCE_IN_LOCATION` disabled); line: 1, column: 2]
2025-11-20 13:02:41.223 [lettuce-epollEventLoop-5-1] WARN  b.u.b.i.w.VehiclePositionHandler - Failed to broadcast vehicle position: FAIL_ZERO_SUBSCRIBER
2025-11-20 13:02:41.223 [lettuce-epollEventLoop-5-2] WARN  b.u.b.i.w.VehiclePositionHandler - Error parsing Redis message: Cannot construct instance of `biz.ugur.busroutebackend.transport.infrastructure.messaging.VehiclePositionWebSocketMessage` (no Creators, like default constructor, exist): cannot deserialize from Object value (no delegate- or property-based Creator)
 at [Source: REDACTED (`StreamReadFeature.INCLUDE_SOURCE_IN_LOCATION` disabled); line: 1, column: 2]
2025-11-20 13:02:41.223 [lettuce-epollEventLoop-5-1] WARN  b.u.b.i.w.VehiclePositionHandler - Failed to broadcast vehicle position: FAIL_ZERO_SUBSCRIBER
2025-11-20 13:02:41.223 [lettuce-epollEventLoop-5-2] WARN  b.u.b.i.w.VehiclePositionHandler - Error parsing Redis message: Cannot construct instance of `biz.ugur.busroutebackend.transport.infrastructure.messaging.VehiclePositionWebSocketMessage` (no Creators, like default constructor, exist): cannot deserialize from Object value (no delegate- or property-based Creator)
 at [Source: REDACTED (`StreamReadFeature.INCLUDE_SOURCE_IN_LOCATION` disabled); line: 1, column: 2]
2025-11-20 13:02:41.223 [lettuce-epollEventLoop-5-1] WARN  b.u.b.i.w.VehiclePositionHandler - Failed to broadcast vehicle position: FAIL_ZERO_SUBSCRIBER
2025-11-20 13:02:41.223 [lettuce-epollEventLoop-5-2] WARN  b.u.b.i.w.VehiclePositionHandler - Error parsing Redis message: Cannot construct instance of `biz.ugur.busroutebackend.transport.infrastructure.messaging.VehiclePositionWebSocketMessage` (no Creators, like default constructor, exist): cannot deserialize from Object value (no delegate- or property-based Creator)
 at [Source: REDACTED (`StreamReadFeature.INCLUDE_SOURCE_IN_LOCATION` disabled); line: 1, column: 2]
2025-11-20 13:02:41.223 [lettuce-epollEventLoop-5-1] WARN  b.u.b.i.w.VehiclePositionHandler - Failed to broadcast vehicle position: FAIL_ZERO_SUBSCRIBER
2025-11-20 13:02:41.223 [lettuce-epollEventLoop-5-2] WARN  b.u.b.i.w.VehiclePositionHandler - Error parsing Redis message: Cannot construct instance of `biz.ugur.busroutebackend.transport.infrastructure.messaging.VehiclePositionWebSocketMessage` (no Creators, like default constructor, exist): cannot deserialize from Object value (no delegate- or property-based Creator)
 at [Source: REDACTED (`StreamReadFeature.INCLUDE_SOURCE_IN_LOCATION` disabled); line: 1, column: 2]
2025-11-20 13:02:41.223 [lettuce-epollEventLoop-5-1] WARN  b.u.b.i.w.VehiclePositionHandler - Failed to broadcast vehicle position: FAIL_ZERO_SUBSCRIBER
2025-11-20 13:02:41.223 [lettuce-epollEventLoop-5-2] WARN  b.u.b.i.w.VehiclePositionHandler - Error parsing Redis message: Cannot construct instance of `biz.ugur.busroutebackend.transport.infrastructure.messaging.VehiclePositionWebSocketMessage` (no Creators, like default constructor, exist): cannot deserialize from Object value (no delegate- or property-based Creator)
 at [Source: REDACTED (`StreamReadFeature.INCLUDE_SOURCE_IN_LOCATION` disabled); line: 1, column: 2]
2025-11-20 13:02:41.224 [lettuce-epollEventLoop-5-2] WARN  b.u.b.i.w.VehiclePositionHandler - Error parsing Redis message: Cannot construct instance of `biz.ugur.busroutebackend.transport.infrastructure.messaging.VehiclePositionWebSocketMessage` (no Creators, like default constructor, exist): cannot deserialize from Object value (no delegate- or property-based Creator)
 at [Source: REDACTED (`StreamReadFeature.INCLUDE_SOURCE_IN_LOCATION` disabled); line: 1, column: 2]
2025-11-20 13:02:41.224 [lettuce-epollEventLoop-5-1] WARN  b.u.b.i.w.VehiclePositionHandler - Failed to broadcast vehicle position: FAIL_ZERO_SUBSCRIBER
2025-11-20 13:02:41.224 [lettuce-epollEventLoop-5-1] WARN  b.u.b.i.w.VehiclePositionHandler - Failed to broadcast vehicle position: FAIL_ZERO_SUBSCRIBER
2025-11-20 13:02:41.224 [lettuce-epollEventLoop-5-1] WARN  b.u.b.i.w.VehiclePositionHandler - Failed to broadcast vehicle position: FAIL_ZERO_SUBSCRIBER
2025-11-20 13:02:41.224 [lettuce-epollEventLoop-5-2] WARN  b.u.b.i.w.VehiclePositionHandler - Error parsing Redis message: Cannot construct instance of `biz.ugur.busroutebackend.transport.infrastructure.messaging.VehiclePositionWebSocketMessage` (no Creators, like default constructor, exist): cannot deserialize from Object value (no delegate- or property-based Creator)
 at [Source: REDACTED (`StreamReadFeature.INCLUDE_SOURCE_IN_LOCATION` disabled); line: 1, column: 2]
2025-11-20 13:02:41.224 [lettuce-epollEventLoop-5-1] WARN  b.u.b.i.w.VehiclePositionHandler - Failed to broadcast vehicle position: FAIL_ZERO_SUBSCRIBER
2025-11-20 13:02:41.224 [lettuce-epollEventLoop-5-1] WARN  b.u.b.i.w.VehiclePositionHandler - Failed to broadcast vehicle position: FAIL_ZERO_SUBSCRIBER
2025-11-20 13:02:41.224 [lettuce-epollEventLoop-5-2] WARN  b.u.b.i.w.VehiclePositionHandler - Error parsing Redis message: Cannot construct instance of `biz.ugur.busroutebackend.transport.infrastructure.messaging.VehiclePositionWebSocketMessage` (no Creators, like default constructor, exist): cannot deserialize from Object value (no delegate- or property-based Creator)
 at [Source: REDACTED (`StreamReadFeature.INCLUDE_SOURCE_IN_LOCATION` disabled); line: 1, column: 2]
2025-11-20 13:02:41.224 [lettuce-epollEventLoop-5-1] WARN  b.u.b.i.w.VehiclePositionHandler - Failed to broadcast vehicle position: FAIL_ZERO_SUBSCRIBER
2025-11-20 13:02:41.224 [lettuce-epollEventLoop-5-1] WARN  b.u.b.i.w.VehiclePositionHandler - Failed to broadcast vehicle position: FAIL_ZERO_SUBSCRIBER
2025-11-20 13:02:41.224 [lettuce-epollEventLoop-5-2] WARN  b.u.b.i.w.VehiclePositionHandler - Error parsing Redis message: Cannot construct instance of `biz.ugur.busroutebackend.transport.infrastructure.messaging.VehiclePositionWebSocketMessage` (no Creators, like default constructor, exist): cannot deserialize from Object value (no delegate- or property-based Creator)
 at [Source: REDACTED (`StreamReadFeature.INCLUDE_SOURCE_IN_LOCATION` disabled); line: 1, column: 2]
2025-11-20 13:02:41.224 [lettuce-epollEventLoop-5-1] WARN  b.u.b.i.w.VehiclePositionHandler - Failed to broadcast vehicle position: FAIL_ZERO_SUBSCRIBER
2025-11-20 13:02:41.224 [lettuce-epollEventLoop-5-2] WARN  b.u.b.i.w.VehiclePositionHandler - Error parsing Redis message: Cannot construct instance of `biz.ugur.busroutebackend.transport.infrastructure.messaging.VehiclePositionWebSocketMessage` (no Creators, like default constructor, exist): cannot deserialize from Object value (no delegate- or property-based Creator)
 at [Source: REDACTED (`StreamReadFeature.INCLUDE_SOURCE_IN_LOCATION` disabled); line: 1, column: 2]
2025-11-20 13:02:41.224 [lettuce-epollEventLoop-5-1] WARN  b.u.b.i.w.VehiclePositionHandler - Failed to broadcast vehicle position: FAIL_ZERO_SUBSCRIBER
2025-11-20 13:02:41.224 [lettuce-epollEventLoop-5-2] WARN  b.u.b.i.w.VehiclePositionHandler - Error parsing Redis message: Cannot construct instance of `biz.ugur.busroutebackend.transport.infrastructure.messaging.VehiclePositionWebSocketMessage` (no Creators, like default constructor, exist): cannot deserialize from Object value (no delegate- or property-based Creator)
 at [Source: REDACTED (`StreamReadFeature.INCLUDE_SOURCE_IN_LOCATION` disabled); line: 1, column: 2]
2025-11-20 13:02:41.224 [lettuce-epollEventLoop-5-1] WARN  b.u.b.i.w.VehiclePositionHandler - Failed to broadcast vehicle position: FAIL_ZERO_SUBSCRIBER
2025-11-20 13:02:41.224 [lettuce-epollEventLoop-5-2] WARN  b.u.b.i.w.VehiclePositionHandler - Error parsing Redis message: Cannot construct instance of `biz.ugur.busroutebackend.transport.infrastructure.messaging.VehiclePositionWebSocketMessage` (no Creators, like default constructor, exist): cannot deserialize from Object value (no delegate- or property-based Creator)
 at [Source: REDACTED (`StreamReadFeature.INCLUDE_SOURCE_IN_LOCATION` disabled); line: 1, column: 2]
2025-11-20 13:02:41.224 [lettuce-epollEventLoop-5-1] WARN  b.u.b.i.w.VehiclePositionHandler - Failed to broadcast vehicle position: FAIL_ZERO_SUBSCRIBER
2025-11-20 13:02:41.225 [lettuce-epollEventLoop-5-1] WARN  b.u.b.i.w.VehiclePositionHandler - Failed to broadcast vehicle position: FAIL_ZERO_SUBSCRIBER
2025-11-20 13:02:41.225 [lettuce-epollEventLoop-5-2] WARN  b.u.b.i.w.VehiclePositionHandler - Error parsing Redis message: Cannot construct instance of `biz.ugur.busroutebackend.transport.infrastructure.messaging.VehiclePositionWebSocketMessage` (no Creators, like default constructor, exist): cannot deserialize from Object value (no delegate- or property-based Creator)
 at [Source: REDACTED (`StreamReadFeature.INCLUDE_SOURCE_IN_LOCATION` disabled); line: 1, column: 2]
2025-11-20 13:02:41.225 [lettuce-epollEventLoop-5-1] WARN  b.u.b.i.w.VehiclePositionHandler - Failed to broadcast vehicle position: FAIL_ZERO_SUBSCRIBER
2025-11-20 13:02:41.225 [lettuce-epollEventLoop-5-2] WARN  b.u.b.i.w.VehiclePositionHandler - Error parsing Redis message: Cannot construct instance of `biz.ugur.busroutebackend.transport.infrastructure.messaging.VehiclePositionWebSocketMessage` (no Creators, like default constructor, exist): cannot deserialize from Object value (no delegate- or property-based Creator)
 at [Source: REDACTED (`StreamReadFeature.INCLUDE_SOURCE_IN_LOCATION` disabled); line: 1, column: 2]
2025-11-20 13:02:41.225 [lettuce-epollEventLoop-5-1] WARN  b.u.b.i.w.VehiclePositionHandler - Failed to broadcast vehicle position: FAIL_ZERO_SUBSCRIBER
2025-11-20 13:02:41.225 [lettuce-epollEventLoop-5-2] WARN  b.u.b.i.w.VehiclePositionHandler - Error parsing Redis message: Cannot construct instance of `biz.ugur.busroutebackend.transport.infrastructure.messaging.VehiclePositionWebSocketMessage` (no Creators, like default constructor, exist): cannot deserialize from Object value (no delegate- or property-based Creator)
 at [Source: REDACTED (`StreamReadFeature.INCLUDE_SOURCE_IN_LOCATION` disabled); line: 1, column: 2]
2025-11-20 13:02:41.225 [lettuce-epollEventLoop-5-1] WARN  b.u.b.i.w.VehiclePositionHandler - Failed to broadcast vehicle position: FAIL_ZERO_SUBSCRIBER
2025-11-20 13:02:41.225 [lettuce-epollEventLoop-5-2] WARN  b.u.b.i.w.VehiclePositionHandler - Error parsing Redis message: Cannot construct instance of `biz.ugur.busroutebackend.transport.infrastructure.messaging.VehiclePositionWebSocketMessage` (no Creators, like default constructor, exist): cannot deserialize from Object value (no delegate- or property-based Creator)
 at [Source: REDACTED (`StreamReadFeature.INCLUDE_SOURCE_IN_LOCATION` disabled); line: 1, column: 2]
2025-11-20 13:02:41.225 [lettuce-epollEventLoop-5-1] WARN  b.u.b.i.w.VehiclePositionHandler - Failed to broadcast vehicle position: FAIL_ZERO_SUBSCRIBER
2025-11-20 13:02:41.225 [lettuce-epollEventLoop-5-2] WARN  b.u.b.i.w.VehiclePositionHandler - Error parsing Redis message: Cannot construct instance of `biz.ugur.busroutebackend.transport.infrastructure.messaging.VehiclePositionWebSocketMessage` (no Creators, like default constructor, exist): cannot deserialize from Object value (no delegate- or property-based Creator)
 at [Source: REDACTED (`StreamReadFeature.INCLUDE_SOURCE_IN_LOCATION` disabled); line: 1, column: 2]
2025-11-20 13:02:41.225 [lettuce-epollEventLoop-5-1] WARN  b.u.b.i.w.VehiclePositionHandler - Failed to broadcast vehicle position: FAIL_ZERO_SUBSCRIBER
2025-11-20 13:02:41.225 [lettuce-epollEventLoop-5-2] WARN  b.u.b.i.w.VehiclePositionHandler - Error parsing Redis message: Cannot construct instance of `biz.ugur.busroutebackend.transport.infrastructure.messaging.VehiclePositionWebSocketMessage` (no Creators, like default constructor, exist): cannot deserialize from Object value (no delegate- or property-based Creator)
 at [Source: REDACTED (`StreamReadFeature.INCLUDE_SOURCE_IN_LOCATION` disabled); line: 1, column: 2]
2025-11-20 13:02:41.225 [lettuce-epollEventLoop-5-1] WARN  b.u.b.i.w.VehiclePositionHandler - Failed to broadcast vehicle position: FAIL_ZERO_SUBSCRIBER
2025-11-20 13:02:41.225 [lettuce-epollEventLoop-5-2] WARN  b.u.b.i.w.VehiclePositionHandler - Error parsing Redis message: Cannot construct instance of `biz.ugur.busroutebackend.transport.infrastructure.messaging.VehiclePositionWebSocketMessage` (no Creators, like default constructor, exist): cannot deserialize from Object value (no delegate- or property-based Creator)
 at [Source: REDACTED (`StreamReadFeature.INCLUDE_SOURCE_IN_LOCATION` disabled); line: 1, column: 2]
2025-11-20 13:02:41.225 [lettuce-epollEventLoop-5-1] WARN  b.u.b.i.w.VehiclePositionHandler - Failed to broadcast vehicle position: FAIL_ZERO_SUBSCRIBER
2025-11-20 13:02:41.225 [lettuce-epollEventLoop-5-1] WARN  b.u.b.i.w.VehiclePositionHandler - Failed to broadcast vehicle position: FAIL_ZERO_SUBSCRIBER
2025-11-20 13:02:41.225 [lettuce-epollEventLoop-5-1] WARN  b.u.b.i.w.VehiclePositionHandler - Failed to broadcast vehicle position: FAIL_ZERO_SUBSCRIBER
2025-11-20 13:02:41.225 [lettuce-epollEventLoop-5-1] WARN  b.u.b.i.w.VehiclePositionHandler - Failed to broadcast vehicle position: FAIL_ZERO_SUBSCRIBER
2025-11-20 13:02:41.225 [lettuce-epollEventLoop-5-1] WARN  b.u.b.i.w.VehiclePositionHandler - Failed to broadcast vehicle position: FAIL_ZERO_SUBSCRIBER
2025-11-20 13:02:41.225 [lettuce-epollEventLoop-5-2] WARN  b.u.b.i.w.VehiclePositionHandler - Error parsing Redis message: Cannot construct instance of `biz.ugur.busroutebackend.transport.infrastructure.messaging.VehiclePositionWebSocketMessage` (no Creators, like default constructor, exist): cannot deserialize from Object value (no delegate- or property-based Creator)
 at [Source: REDACTED (`StreamReadFeature.INCLUDE_SOURCE_IN_LOCATION` disabled); line: 1, column: 2]
2025-11-20 13:02:41.226 [lettuce-epollEventLoop-5-1] WARN  b.u.b.i.w.VehiclePositionHandler - Failed to broadcast vehicle position: FAIL_ZERO_SUBSCRIBER
2025-11-20 13:02:41.226 [lettuce-epollEventLoop-5-2] WARN  b.u.b.i.w.VehiclePositionHandler - Error parsing Redis message: Cannot construct instance of `biz.ugur.busroutebackend.transport.infrastructure.messaging.VehiclePositionWebSocketMessage` (no Creators, like default constructor, exist): cannot deserialize from Object value (no delegate- or property-based Creator)
 at [Source: REDACTED (`StreamReadFeature.INCLUDE_SOURCE_IN_LOCATION` disabled); line: 1, column: 2]
2025-11-20 13:02:41.226 [lettuce-epollEventLoop-5-1] WARN  b.u.b.i.w.VehiclePositionHandler - Failed to broadcast vehicle position: FAIL_ZERO_SUBSCRIBER
2025-11-20 13:02:41.226 [lettuce-epollEventLoop-5-1] WARN  b.u.b.i.w.VehiclePositionHandler - Failed to broadcast vehicle position: FAIL_ZERO_SUBSCRIBER
2025-11-20 13:02:41.226 [lettuce-epollEventLoop-5-2] WARN  b.u.b.i.w.VehiclePositionHandler - Error parsing Redis message: Cannot construct instance of `biz.ugur.busroutebackend.transport.infrastructure.messaging.VehiclePositionWebSocketMessage` (no Creators, like default constructor, exist): cannot deserialize from Object value (no delegate- or property-based Creator)
 at [Source: REDACTED (`StreamReadFeature.INCLUDE_SOURCE_IN_LOCATION` disabled); line: 1, column: 2]
2025-11-20 13:02:41.226 [lettuce-epollEventLoop-5-1] WARN  b.u.b.i.w.VehiclePositionHandler - Failed to broadcast vehicle position: FAIL_ZERO_SUBSCRIBER
2025-11-20 13:02:41.226 [lettuce-epollEventLoop-5-1] WARN  b.u.b.i.w.VehiclePositionHandler - Failed to broadcast vehicle position: FAIL_ZERO_SUBSCRIBER
2025-11-20 13:02:41.226 [lettuce-epollEventLoop-5-2] WARN  b.u.b.i.w.VehiclePositionHandler - Error parsing Redis message: Cannot construct instance of `biz.ugur.busroutebackend.transport.infrastructure.messaging.VehiclePositionWebSocketMessage` (no Creators, like default constructor, exist): cannot deserialize from Object value (no delegate- or property-based Creator)
 at [Source: REDACTED (`StreamReadFeature.INCLUDE_SOURCE_IN_LOCATION` disabled); line: 1, column: 2]
2025-11-20 13:02:41.226 [lettuce-epollEventLoop-5-1] WARN  b.u.b.i.w.VehiclePositionHandler - Failed to broadcast vehicle position: FAIL_ZERO_SUBSCRIBER
2025-11-20 13:02:41.226 [lettuce-epollEventLoop-5-1] WARN  b.u.b.i.w.VehiclePositionHandler - Failed to broadcast vehicle position: FAIL_ZERO_SUBSCRIBER
2025-11-20 13:02:41.226 [lettuce-epollEventLoop-5-2] WARN  b.u.b.i.w.VehiclePositionHandler - Error parsing Redis message: Cannot construct instance of `biz.ugur.busroutebackend.transport.infrastructure.messaging.VehiclePositionWebSocketMessage` (no Creators, like default constructor, exist): cannot deserialize from Object value (no delegate- or property-based Creator)
 at [Source: REDACTED (`StreamReadFeature.INCLUDE_SOURCE_IN_LOCATION` disabled); line: 1, column: 2]
2025-11-20 13:02:41.226 [lettuce-epollEventLoop-5-1] WARN  b.u.b.i.w.VehiclePositionHandler - Failed to broadcast vehicle position: FAIL_ZERO_SUBSCRIBER
2025-11-20 13:02:41.226 [lettuce-epollEventLoop-5-2] WARN  b.u.b.i.w.VehiclePositionHandler - Error parsing Redis message: Cannot construct instance of `biz.ugur.busroutebackend.transport.infrastructure.messaging.VehiclePositionWebSocketMessage` (no Creators, like default constructor, exist): cannot deserialize from Object value (no delegate- or property-based Creator)
 at [Source: REDACTED (`StreamReadFeature.INCLUDE_SOURCE_IN_LOCATION` disabled); line: 1, column: 2]
2025-11-20 13:02:41.226 [lettuce-epollEventLoop-5-1] WARN  b.u.b.i.w.VehiclePositionHandler - Failed to broadcast vehicle position: FAIL_ZERO_SUBSCRIBER
2025-11-20 13:02:41.226 [lettuce-epollEventLoop-5-1] WARN  b.u.b.i.w.VehiclePositionHandler - Failed to broadcast vehicle position: FAIL_ZERO_SUBSCRIBER
2025-11-20 13:02:41.226 [lettuce-epollEventLoop-5-2] WARN  b.u.b.i.w.VehiclePositionHandler - Error parsing Redis message: Cannot construct instance of `biz.ugur.busroutebackend.transport.infrastructure.messaging.VehiclePositionWebSocketMessage` (no Creators, like default constructor, exist): cannot deserialize from Object value (no delegate- or property-based Creator)
 at [Source: REDACTED (`StreamReadFeature.INCLUDE_SOURCE_IN_LOCATION` disabled); line: 1, column: 2]
2025-11-20 13:02:41.226 [lettuce-epollEventLoop-5-2] WARN  b.u.b.i.w.VehiclePositionHandler - Error parsing Redis message: Cannot construct instance of `biz.ugur.busroutebackend.transport.infrastructure.messaging.VehiclePositionWebSocketMessage` (no Creators, like default constructor, exist): cannot deserialize from Object value (no delegate- or property-based Creator)
 at [Source: REDACTED (`StreamReadFeature.INCLUDE_SOURCE_IN_LOCATION` disabled); line: 1, column: 2]
2025-11-20 13:02:41.226 [lettuce-epollEventLoop-5-1] WARN  b.u.b.i.w.VehiclePositionHandler - Failed to broadcast vehicle position: FAIL_ZERO_SUBSCRIBER
2025-11-20 13:02:41.226 [lettuce-epollEventLoop-5-2] WARN  b.u.b.i.w.VehiclePositionHandler - Error parsing Redis message: Cannot construct instance of `biz.ugur.busroutebackend.transport.infrastructure.messaging.VehiclePositionWebSocketMessage` (no Creators, like default constructor, exist): cannot deserialize from Object value (no delegate- or property-based Creator)
 at [Source: REDACTED (`StreamReadFeature.INCLUDE_SOURCE_IN_LOCATION` disabled); line: 1, column: 2]
2025-11-20 13:02:41.226 [lettuce-epollEventLoop-5-2] WARN  b.u.b.i.w.VehiclePositionHandler - Error parsing Redis message: Cannot construct instance of `biz.ugur.busroutebackend.transport.infrastructure.messaging.VehiclePositionWebSocketMessage` (no Creators, like default constructor, exist): cannot deserialize from Object value (no delegate- or property-based Creator)
 at [Source: REDACTED (`StreamReadFeature.INCLUDE_SOURCE_IN_LOCATION` disabled); line: 1, column: 2]
2025-11-20 13:02:41.226 [lettuce-epollEventLoop-5-1] WARN  b.u.b.i.w.VehiclePositionHandler - Failed to broadcast vehicle position: FAIL_ZERO_SUBSCRIBER
2025-11-20 13:02:41.226 [lettuce-epollEventLoop-5-2] WARN  b.u.b.i.w.VehiclePositionHandler - Error parsing Redis message: Cannot construct instance of `biz.ugur.busroutebackend.transport.infrastructure.messaging.VehiclePositionWebSocketMessage` (no Creators, like default constructor, exist): cannot deserialize from Object value (no delegate- or property-based Creator)
 at [Source: REDACTED (`StreamReadFeature.INCLUDE_SOURCE_IN_LOCATION` disabled); line: 1, column: 2]
2025-11-20 13:02:41.226 [lettuce-epollEventLoop-5-2] WARN  b.u.b.i.w.VehiclePositionHandler - Error parsing Redis message: Cannot construct instance of `biz.ugur.busroutebackend.transport.infrastructure.messaging.VehiclePositionWebSocketMessage` (no Creators, like default constructor, exist): cannot deserialize from Object value (no delegate- or property-based Creator)
 at [Source: REDACTED (`StreamReadFeature.INCLUDE_SOURCE_IN_LOCATION` disabled); line: 1, column: 2]
2025-11-20 13:02:41.226 [lettuce-epollEventLoop-5-1] WARN  b.u.b.i.w.VehiclePositionHandler - Failed to broadcast vehicle position: FAIL_ZERO_SUBSCRIBER
2025-11-20 13:02:41.227 [lettuce-epollEventLoop-5-2] WARN  b.u.b.i.w.VehiclePositionHandler - Error parsing Redis message: Cannot construct instance of `biz.ugur.busroutebackend.transport.infrastructure.messaging.VehiclePositionWebSocketMessage` (no Creators, like default constructor, exist): cannot deserialize from Object value (no delegate- or property-based Creator)
 at [Source: REDACTED (`StreamReadFeature.INCLUDE_SOURCE_IN_LOCATION` disabled); line: 1, column: 2]
2025-11-20 13:02:41.227 [lettuce-epollEventLoop-5-1] WARN  b.u.b.i.w.VehiclePositionHandler - Failed to broadcast vehicle position: FAIL_ZERO_SUBSCRIBER
2025-11-20 13:02:41.227 [lettuce-epollEventLoop-5-2] WARN  b.u.b.i.w.VehiclePositionHandler - Error parsing Redis message: Cannot construct instance of `biz.ugur.busroutebackend.transport.infrastructure.messaging.VehiclePositionWebSocketMessage` (no Creators, like default constructor, exist): cannot deserialize from Object value (no delegate- or property-based Creator)
 at [Source: REDACTED (`StreamReadFeature.INCLUDE_SOURCE_IN_LOCATION` disabled); line: 1, column: 2]
2025-11-20 13:02:41.227 [lettuce-epollEventLoop-5-2] WARN  b.u.b.i.w.VehiclePositionHandler - Error parsing Redis message: Cannot construct instance of `biz.ugur.busroutebackend.transport.infrastructure.messaging.VehiclePositionWebSocketMessage` (no Creators, like default constructor, exist): cannot deserialize from Object value (no delegate- or property-based Creator)
 at [Source: REDACTED (`StreamReadFeature.INCLUDE_SOURCE_IN_LOCATION` disabled); line: 1, column: 2]
2025-11-20 13:02:41.227 [lettuce-epollEventLoop-5-2] WARN  b.u.b.i.w.VehiclePositionHandler - Error parsing Redis message: Cannot construct instance of `biz.ugur.busroutebackend.transport.infrastructure.messaging.VehiclePositionWebSocketMessage` (no Creators, like default constructor, exist): cannot deserialize from Object value (no delegate- or property-based Creator)
 at [Source: REDACTED (`StreamReadFeature.INCLUDE_SOURCE_IN_LOCATION` disabled); line: 1, column: 2]
2025-11-20 13:02:41.227 [lettuce-epollEventLoop-5-2] WARN  b.u.b.i.w.VehiclePositionHandler - Error parsing Redis message: Cannot construct instance of `biz.ugur.busroutebackend.transport.infrastructure.messaging.VehiclePositionWebSocketMessage` (no Creators, like default constructor, exist): cannot deserialize from Object value (no delegate- or property-based Creator)
 at [Source: REDACTED (`StreamReadFeature.INCLUDE_SOURCE_IN_LOCATION` disabled); line: 1, column: 2]
2025-11-20 13:02:41.227 [lettuce-epollEventLoop-5-2] WARN  b.u.b.i.w.VehiclePositionHandler - Error parsing Redis message: Cannot construct instance of `biz.ugur.busroutebackend.transport.infrastructure.messaging.VehiclePositionWebSocketMessage` (no Creators, like default constructor, exist): cannot deserialize from Object value (no delegate- or property-based Creator)
 at [Source: REDACTED (`StreamReadFeature.INCLUDE_SOURCE_IN_LOCATION` disabled); line: 1, column: 2]
2025-11-20 13:02:41.227 [lettuce-epollEventLoop-5-2] WARN  b.u.b.i.w.VehiclePositionHandler - Error parsing Redis message: Cannot construct instance of `biz.ugur.busroutebackend.transport.infrastructure.messaging.VehiclePositionWebSocketMessage` (no Creators, like default constructor, exist): cannot deserialize from Object value (no delegate- or property-based Creator)
 at [Source: REDACTED (`StreamReadFeature.INCLUDE_SOURCE_IN_LOCATION` disabled); line: 1, column: 2]
2025-11-20 13:02:41.227 [lettuce-epollEventLoop-5-2] WARN  b.u.b.i.w.VehiclePositionHandler - Error parsing Redis message: Cannot construct instance of `biz.ugur.busroutebackend.transport.infrastructure.messaging.VehiclePositionWebSocketMessage` (no Creators, like default constructor, exist): cannot deserialize from Object value (no delegate- or property-based Creator)
 at [Source: REDACTED (`StreamReadFeature.INCLUDE_SOURCE_IN_LOCATION` disabled); line: 1, column: 2]
2025-11-20 13:02:41.227 [lettuce-epollEventLoop-5-2] WARN  b.u.b.i.w.VehiclePositionHandler - Error parsing Redis message: Cannot construct instance of `biz.ugur.busroutebackend.transport.infrastructure.messaging.VehiclePositionWebSocketMessage` (no Creators, like default constructor, exist): cannot deserialize from Object value (no delegate- or property-based Creator)
 at [Source: REDACTED (`StreamReadFeature.INCLUDE_SOURCE_IN_LOCATION` disabled); line: 1, column: 2]
2025-11-20 13:02:41.227 [lettuce-epollEventLoop-5-2] WARN  b.u.b.i.w.VehiclePositionHandler - Error parsing Redis message: Cannot construct instance of `biz.ugur.busroutebackend.transport.infrastructure.messaging.VehiclePositionWebSocketMessage` (no Creators, like default constructor, exist): cannot deserialize from Object value (no delegate- or property-based Creator)
 at [Source: REDACTED (`StreamReadFeature.INCLUDE_SOURCE_IN_LOCATION` disabled); line: 1, column: 2]
2025-11-20 13:02:41.227 [lettuce-epollEventLoop-5-2] WARN  b.u.b.i.w.VehiclePositionHandler - Error parsing Redis message: Cannot construct instance of `biz.ugur.busroutebackend.transport.infrastructure.messaging.VehiclePositionWebSocketMessage` (no Creators, like default constructor, exist): cannot deserialize from Object value (no delegate- or property-based Creator)
 at [Source: REDACTED (`StreamReadFeature.INCLUDE_SOURCE_IN_LOCATION` disabled); line: 1, column: 2]
2025-11-20 13:02:41.227 [lettuce-epollEventLoop-5-2] WARN  b.u.b.i.w.VehiclePositionHandler - Error parsing Redis message: Cannot construct instance of `biz.ugur.busroutebackend.transport.infrastructure.messaging.VehiclePositionWebSocketMessage` (no Creators, like default constructor, exist): cannot deserialize from Object value (no delegate- or property-based Creator)
 at [Source: REDACTED (`StreamReadFeature.INCLUDE_SOURCE_IN_LOCATION` disabled); line: 1, column: 2]
2025-11-20 13:02:41.227 [lettuce-epollEventLoop-5-2] WARN  b.u.b.i.w.VehiclePositionHandler - Error parsing Redis message: Cannot construct instance of `biz.ugur.busroutebackend.transport.infrastructure.messaging.VehiclePositionWebSocketMessage` (no Creators, like default constructor, exist): cannot deserialize from Object value (no delegate- or property-based Creator)
 at [Source: REDACTED (`StreamReadFeature.INCLUDE_SOURCE_IN_LOCATION` disabled); line: 1, column: 2]
2025-11-20 13:02:41.227 [lettuce-epollEventLoop-5-2] WARN  b.u.b.i.w.VehiclePositionHandler - Error parsing Redis message: Cannot construct instance of `biz.ugur.busroutebackend.transport.infrastructure.messaging.VehiclePositionWebSocketMessage` (no Creators, like default constructor, exist): cannot deserialize from Object value (no delegate- or property-based Creator)
 at [Source: REDACTED (`StreamReadFeature.INCLUDE_SOURCE_IN_LOCATION` disabled); line: 1, column: 2]
2025-11-20 13:02:41.227 [lettuce-epollEventLoop-5-2] WARN  b.u.b.i.w.VehiclePositionHandler - Error parsing Redis message: Cannot construct instance of `biz.ugur.busroutebackend.transport.infrastructure.messaging.VehiclePositionWebSocketMessage` (no Creators, like default constructor, exist): cannot deserialize from Object value (no delegate- or property-based Creator)
 at [Source: REDACTED (`StreamReadFeature.INCLUDE_SOURCE_IN_LOCATION` disabled); line: 1, column: 2]
2025-11-20 13:02:41.227 [lettuce-epollEventLoop-5-2] WARN  b.u.b.i.w.VehiclePositionHandler - Error parsing Redis message: Cannot construct instance of `biz.ugur.busroutebackend.transport.infrastructure.messaging.VehiclePositionWebSocketMessage` (no Creators, like default constructor, exist): cannot deserialize from Object value (no delegate- or property-based Creator)
 at [Source: REDACTED (`StreamReadFeature.INCLUDE_SOURCE_IN_LOCATION` disabled); line: 1, column: 2]
2025-11-20 13:02:41.228 [lettuce-epollEventLoop-5-2] WARN  b.u.b.i.w.VehiclePositionHandler - Error parsing Redis message: Cannot construct instance of `biz.ugur.busroutebackend.transport.infrastructure.messaging.VehiclePositionWebSocketMessage` (no Creators, like default constructor, exist): cannot deserialize from Object value (no delegate- or property-based Creator)
 at [Source: REDACTED (`StreamReadFeature.INCLUDE_SOURCE_IN_LOCATION` disabled); line: 1, column: 2]
2025-11-20 13:02:41.228 [lettuce-epollEventLoop-5-2] WARN  b.u.b.i.w.VehiclePositionHandler - Error parsing Redis message: Cannot construct instance of `biz.ugur.busroutebackend.transport.infrastructure.messaging.VehiclePositionWebSocketMessage` (no Creators, like default constructor, exist): cannot deserialize from Object value (no delegate- or property-based Creator)
 at [Source: REDACTED (`StreamReadFeature.INCLUDE_SOURCE_IN_LOCATION` disabled); line: 1, column: 2]
2025-11-20 13:02:41.228 [lettuce-epollEventLoop-5-2] WARN  b.u.b.i.w.VehiclePositionHandler - Error parsing Redis message: Cannot construct instance of `biz.ugur.busroutebackend.transport.infrastructure.messaging.VehiclePositionWebSocketMessage` (no Creators, like default constructor, exist): cannot deserialize from Object value (no delegate- or property-based Creator)
 at [Source: REDACTED (`StreamReadFeature.INCLUDE_SOURCE_IN_LOCATION` disabled); line: 1, column: 2]
2025-11-20 13:02:41.228 [lettuce-epollEventLoop-5-2] WARN  b.u.b.i.w.VehiclePositionHandler - Error parsing Redis message: Cannot construct instance of `biz.ugur.busroutebackend.transport.infrastructure.messaging.VehiclePositionWebSocketMessage` (no Creators, like default constructor, exist): cannot deserialize from Object value (no delegate- or property-based Creator)
 at [Source: REDACTED (`StreamReadFeature.INCLUDE_SOURCE_IN_LOCATION` disabled); line: 1, column: 2]
2025-11-20 13:02:41.229 [lettuce-epollEventLoop-5-1] WARN  b.u.b.i.w.VehiclePositionHandler - Failed to broadcast vehicle position: FAIL_ZERO_SUBSCRIBER
2025-11-20 13:02:41.229 [lettuce-epollEventLoop-5-1] WARN  b.u.b.i.w.VehiclePositionHandler - Failed to broadcast vehicle position: FAIL_ZERO_SUBSCRIBER
2025-11-20 13:02:41.229 [lettuce-epollEventLoop-5-1] WARN  b.u.b.i.w.VehiclePositionHandler - Failed to broadcast vehicle position: FAIL_ZERO_SUBSCRIBER
2025-11-20 13:02:41.229 [lettuce-epollEventLoop-5-2] WARN  b.u.b.i.w.VehiclePositionHandler - Error parsing Redis message: Cannot construct instance of `biz.ugur.busroutebackend.transport.infrastructure.messaging.VehiclePositionWebSocketMessage` (no Creators, like default constructor, exist): cannot deserialize from Object value (no delegate- or property-based Creator)
 at [Source: REDACTED (`StreamReadFeature.INCLUDE_SOURCE_IN_LOCATION` disabled); line: 1, column: 2]
2025-11-20 13:02:41.229 [lettuce-epollEventLoop-5-2] WARN  b.u.b.i.w.VehiclePositionHandler - Error parsing Redis message: Cannot construct instance of `biz.ugur.busroutebackend.transport.infrastructure.messaging.VehiclePositionWebSocketMessage` (no Creators, like default constructor, exist): cannot deserialize from Object value (no delegate- or property-based Creator)
 at [Source: REDACTED (`StreamReadFeature.INCLUDE_SOURCE_IN_LOCATION` disabled); line: 1, column: 2]
2025-11-20 13:02:41.229 [lettuce-epollEventLoop-5-1] WARN  b.u.b.i.w.VehiclePositionHandler - Failed to broadcast vehicle position: FAIL_ZERO_SUBSCRIBER
2025-11-20 13:02:41.230 [lettuce-epollEventLoop-5-2] WARN  b.u.b.i.w.VehiclePositionHandler - Error parsing Redis message: Cannot construct instance of `biz.ugur.busroutebackend.transport.infrastructure.messaging.VehiclePositionWebSocketMessage` (no Creators, like default constructor, exist): cannot deserialize from Object value (no delegate- or property-based Creator)
 at [Source: REDACTED (`StreamReadFeature.INCLUDE_SOURCE_IN_LOCATION` disabled); line: 1, column: 2]
2025-11-20 13:02:41.230 [lettuce-epollEventLoop-5-2] WARN  b.u.b.i.w.VehiclePositionHandler - Error parsing Redis message: Cannot construct instance of `biz.ugur.busroutebackend.transport.infrastructure.messaging.VehiclePositionWebSocketMessage` (no Creators, like default constructor, exist): cannot deserialize from Object value (no delegate- or property-based Creator)
 at [Source: REDACTED (`StreamReadFeature.INCLUDE_SOURCE_IN_LOCATION` disabled); line: 1, column: 2]
2025-11-20 13:02:41.230 [lettuce-epollEventLoop-5-1] WARN  b.u.b.i.w.VehiclePositionHandler - Failed to broadcast vehicle position: FAIL_ZERO_SUBSCRIBER
2025-11-20 13:02:41.230 [lettuce-epollEventLoop-5-1] WARN  b.u.b.i.w.VehiclePositionHandler - Failed to broadcast vehicle position: FAIL_ZERO_SUBSCRIBER
2025-11-20 13:02:41.230 [lettuce-epollEventLoop-5-1] WARN  b.u.b.i.w.VehiclePositionHandler - Failed to broadcast vehicle position: FAIL_ZERO_SUBSCRIBER
2025-11-20 13:02:41.230 [lettuce-epollEventLoop-5-1] WARN  b.u.b.i.w.VehiclePositionHandler - Failed to broadcast vehicle position: FAIL_ZERO_SUBSCRIBER
2025-11-20 13:02:41.230 [lettuce-epollEventLoop-5-1] WARN  b.u.b.i.w.VehiclePositionHandler - Failed to broadcast vehicle position: FAIL_ZERO_SUBSCRIBER
2025-11-20 13:02:41.231 [lettuce-epollEventLoop-5-2] WARN  b.u.b.i.w.VehiclePositionHandler - Error parsing Redis message: Cannot construct instance of `biz.ugur.busroutebackend.transport.infrastructure.messaging.VehiclePositionWebSocketMessage` (no Creators, like default constructor, exist): cannot deserialize from Object value (no delegate- or property-based Creator)
 at [Source: REDACTED (`StreamReadFeature.INCLUDE_SOURCE_IN_LOCATION` disabled); line: 1, column: 2]
2025-11-20 13:02:41.231 [lettuce-epollEventLoop-5-1] WARN  b.u.b.i.w.VehiclePositionHandler - Failed to broadcast vehicle position: FAIL_ZERO_SUBSCRIBER
2025-11-20 13:02:41.231 [lettuce-epollEventLoop-5-2] WARN  b.u.b.i.w.VehiclePositionHandler - Error parsing Redis message: Cannot construct instance of `biz.ugur.busroutebackend.transport.infrastructure.messaging.VehiclePositionWebSocketMessage` (no Creators, like default constructor, exist): cannot deserialize from Object value (no delegate- or property-based Creator)
 at [Source: REDACTED (`StreamReadFeature.INCLUDE_SOURCE_IN_LOCATION` disabled); line: 1, column: 2]
2025-11-20 13:02:41.231 [lettuce-epollEventLoop-5-1] WARN  b.u.b.i.w.VehiclePositionHandler - Failed to broadcast vehicle position: FAIL_ZERO_SUBSCRIBER
2025-11-20 13:02:41.231 [lettuce-epollEventLoop-5-1] WARN  b.u.b.i.w.VehiclePositionHandler - Failed to broadcast vehicle position: FAIL_ZERO_SUBSCRIBER
2025-11-20 13:02:41.231 [lettuce-epollEventLoop-5-2] WARN  b.u.b.i.w.VehiclePositionHandler - Error parsing Redis message: Cannot construct instance of `biz.ugur.busroutebackend.transport.infrastructure.messaging.VehiclePositionWebSocketMessage` (no Creators, like default constructor, exist): cannot deserialize from Object value (no delegate- or property-based Creator)
 at [Source: REDACTED (`StreamReadFeature.INCLUDE_SOURCE_IN_LOCATION` disabled); line: 1, column: 2]
2025-11-20 13:02:41.231 [lettuce-epollEventLoop-5-2] WARN  b.u.b.i.w.VehiclePositionHandler - Error parsing Redis message: Cannot construct instance of `biz.ugur.busroutebackend.transport.infrastructure.messaging.VehiclePositionWebSocketMessage` (no Creators, like default constructor, exist): cannot deserialize from Object value (no delegate- or property-based Creator)
 at [Source: REDACTED (`StreamReadFeature.INCLUDE_SOURCE_IN_LOCATION` disabled); line: 1, column: 2]
2025-11-20 13:02:41.231 [lettuce-epollEventLoop-5-2] WARN  b.u.b.i.w.VehiclePositionHandler - Error parsing Redis message: Cannot construct instance of `biz.ugur.busroutebackend.transport.infrastructure.messaging.VehiclePositionWebSocketMessage` (no Creators, like default constructor, exist): cannot deserialize from Object value (no delegate- or property-based Creator)
 at [Source: REDACTED (`StreamReadFeature.INCLUDE_SOURCE_IN_LOCATION` disabled); line: 1, column: 2]
2025-11-20 13:02:41.231 [lettuce-epollEventLoop-5-2] WARN  b.u.b.i.w.VehiclePositionHandler - Error parsing Redis message: Cannot construct instance of `biz.ugur.busroutebackend.transport.infrastructure.messaging.VehiclePositionWebSocketMessage` (no Creators, like default constructor, exist): cannot deserialize from Object value (no delegate- or property-based Creator)
 at [Source: REDACTED (`StreamReadFeature.INCLUDE_SOURCE_IN_LOCATION` disabled); line: 1, column: 2]
2025-11-20 13:02:41.232 [lettuce-epollEventLoop-5-1] WARN  b.u.b.i.w.VehiclePositionHandler - Failed to broadcast vehicle position: FAIL_ZERO_SUBSCRIBER
2025-11-20 13:02:41.232 [lettuce-epollEventLoop-5-2] WARN  b.u.b.i.w.VehiclePositionHandler - Error parsing Redis message: Cannot construct instance of `biz.ugur.busroutebackend.transport.infrastructure.messaging.VehiclePositionWebSocketMessage` (no Creators, like default constructor, exist): cannot deserialize from Object value (no delegate- or property-based Creator)
 at [Source: REDACTED (`StreamReadFeature.INCLUDE_SOURCE_IN_LOCATION` disabled); line: 1, column: 2]
2025-11-20 13:02:41.232 [lettuce-epollEventLoop-5-1] WARN  b.u.b.i.w.VehiclePositionHandler - Failed to broadcast vehicle position: FAIL_ZERO_SUBSCRIBER
2025-11-20 13:02:41.233 [lettuce-epollEventLoop-5-1] WARN  b.u.b.i.w.VehiclePositionHandler - Failed to broadcast vehicle position: FAIL_ZERO_SUBSCRIBER
2025-11-20 13:02:41.233 [lettuce-epollEventLoop-5-1] WARN  b.u.b.i.w.VehiclePositionHandler - Failed to broadcast vehicle position: FAIL_ZERO_SUBSCRIBER
2025-11-20 13:02:41.233 [lettuce-epollEventLoop-5-1] WARN  b.u.b.i.w.VehiclePositionHandler - Failed to broadcast vehicle position: FAIL_ZERO_SUBSCRIBER
2025-11-20 13:02:41.233 [lettuce-epollEventLoop-5-1] WARN  b.u.b.i.w.VehiclePositionHandler - Failed to broadcast vehicle position: FAIL_ZERO_SUBSCRIBER
2025-11-20 13:02:41.233 [lettuce-epollEventLoop-5-1] WARN  b.u.b.i.w.VehiclePositionHandler - Failed to broadcast vehicle position: FAIL_ZERO_SUBSCRIBER
2025-11-20 13:02:41.233 [lettuce-epollEventLoop-5-1] WARN  b.u.b.i.w.VehiclePositionHandler - Failed to broadcast vehicle position: FAIL_ZERO_SUBSCRIBER
2025-11-20 13:02:41.233 [lettuce-epollEventLoop-5-1] WARN  b.u.b.i.w.VehiclePositionHandler - Failed to broadcast vehicle position: FAIL_ZERO_SUBSCRIBER
2025-11-20 13:02:41.233 [lettuce-epollEventLoop-5-1] WARN  b.u.b.i.w.VehiclePositionHandler - Failed to broadcast vehicle position: FAIL_ZERO_SUBSCRIBER
2025-11-20 13:02:41.233 [lettuce-epollEventLoop-5-1] WARN  b.u.b.i.w.VehiclePositionHandler - Failed to broadcast vehicle position: FAIL_ZERO_SUBSCRIBER
2025-11-20 13:02:41.233 [lettuce-epollEventLoop-5-1] WARN  b.u.b.i.w.VehiclePositionHandler - Failed to broadcast vehicle position: FAIL_ZERO_SUBSCRIBER
2025-11-20 13:02:41.233 [lettuce-epollEventLoop-5-1] WARN  b.u.b.i.w.VehiclePositionHandler - Failed to broadcast vehicle position: FAIL_ZERO_SUBSCRIBER
2025-11-20 13:02:41.233 [lettuce-epollEventLoop-5-1] WARN  b.u.b.i.w.VehiclePositionHandler - Failed to broadcast vehicle position: FAIL_ZERO_SUBSCRIBER
2025-11-20 13:02:41.233 [lettuce-epollEventLoop-5-1] WARN  b.u.b.i.w.VehiclePositionHandler - Failed to broadcast vehicle position: FAIL_ZERO_SUBSCRIBER
2025-11-20 13:02:41.233 [lettuce-epollEventLoop-5-1] WARN  b.u.b.i.w.VehiclePositionHandler - Failed to broadcast vehicle position: FAIL_ZERO_SUBSCRIBER
2025-11-20 13:02:41.233 [lettuce-epollEventLoop-5-1] WARN  b.u.b.i.w.VehiclePositionHandler - Failed to broadcast vehicle position: FAIL_ZERO_SUBSCRIBER
2025-11-20 13:02:41.233 [lettuce-epollEventLoop-5-1] WARN  b.u.b.i.w.VehiclePositionHandler - Failed to broadcast vehicle position: FAIL_ZERO_SUBSCRIBER
2025-11-20 13:02:41.233 [lettuce-epollEventLoop-5-1] WARN  b.u.b.i.w.VehiclePositionHandler - Failed to broadcast vehicle position: FAIL_ZERO_SUBSCRIBER
2025-11-20 13:02:41.234 [lettuce-epollEventLoop-5-1] WARN  b.u.b.i.w.VehiclePositionHandler - Failed to broadcast vehicle position: FAIL_ZERO_SUBSCRIBER
2025-11-20 13:02:41.234 [lettuce-epollEventLoop-5-1] WARN  b.u.b.i.w.VehiclePositionHandler - Failed to broadcast vehicle position: FAIL_ZERO_SUBSCRIBER
2025-11-20 13:02:41.234 [lettuce-epollEventLoop-5-1] WARN  b.u.b.i.w.VehiclePositionHandler - Failed to broadcast vehicle position: FAIL_ZERO_SUBSCRIBER
2025-11-20 13:02:41.234 [lettuce-epollEventLoop-5-1] WARN  b.u.b.i.w.VehiclePositionHandler - Failed to broadcast vehicle position: FAIL_ZERO_SUBSCRIBER
2025-11-20 13:02:41.234 [lettuce-epollEventLoop-5-1] WARN  b.u.b.i.w.VehiclePositionHandler - Failed to broadcast vehicle position: FAIL_ZERO_SUBSCRIBER
2025-11-20 13:02:41.234 [lettuce-epollEventLoop-5-1] WARN  b.u.b.i.w.VehiclePositionHandler - Failed to broadcast vehicle position: FAIL_ZERO_SUBSCRIBER
2025-11-20 13:02:41.234 [lettuce-epollEventLoop-5-1] WARN  b.u.b.i.w.VehiclePositionHandler - Failed to broadcast vehicle position: FAIL_ZERO_SUBSCRIBER
2025-11-20 13:02:41.234 [lettuce-epollEventLoop-5-1] WARN  b.u.b.i.w.VehiclePositionHandler - Failed to broadcast vehicle position: FAIL_ZERO_SUBSCRIBER
2025-11-20 13:02:41.234 [lettuce-epollEventLoop-5-1] WARN  b.u.b.i.w.VehiclePositionHandler - Failed to broadcast vehicle position: FAIL_ZERO_SUBSCRIBER
2025-11-20 13:02:41.234 [lettuce-epollEventLoop-5-1] WARN  b.u.b.i.w.VehiclePositionHandler - Failed to broadcast vehicle position: FAIL_ZERO_SUBSCRIBER
2025-11-20 13:02:41.235 [lettuce-epollEventLoop-5-1] WARN  b.u.b.i.w.VehiclePositionHandler - Failed to broadcast vehicle position: FAIL_ZERO_SUBSCRIBER
2025-11-20 13:02:41.235 [lettuce-epollEventLoop-5-1] WARN  b.u.b.i.w.VehiclePositionHandler - Failed to broadcast vehicle position: FAIL_ZERO_SUBSCRIBER
2025-11-20 13:02:41.235 [lettuce-epollEventLoop-5-1] WARN  b.u.b.i.w.VehiclePositionHandler - Failed to broadcast vehicle position: FAIL_ZERO_SUBSCRIBER
2025-11-20 13:02:41.235 [lettuce-epollEventLoop-5-1] WARN  b.u.b.i.w.VehiclePositionHandler - Failed to broadcast vehicle position: FAIL_ZERO_SUBSCRIBER
2025-11-20 13:02:41.235 [lettuce-epollEventLoop-5-1] WARN  b.u.b.i.w.VehiclePositionHandler - Failed to broadcast vehicle position: FAIL_ZERO_SUBSCRIBER
2025-11-20 13:02:41.235 [lettuce-epollEventLoop-5-1] WARN  b.u.b.i.w.VehiclePositionHandler - Failed to broadcast vehicle position: FAIL_ZERO_SUBSCRIBER
2025-11-20 13:02:41.235 [lettuce-epollEventLoop-5-1] WARN  b.u.b.i.w.VehiclePositionHandler - Failed to broadcast vehicle position: FAIL_ZERO_SUBSCRIBER
2025-11-20 13:02:41.236 [lettuce-epollEventLoop-5-1] WARN  b.u.b.i.w.VehiclePositionHandler - Failed to broadcast vehicle position: FAIL_ZERO_SUBSCRIBER
2025-11-20 13:02:41.236 [lettuce-epollEventLoop-5-1] WARN  b.u.b.i.w.VehiclePositionHandler - Failed to broadcast vehicle position: FAIL_ZERO_SUBSCRIBER
2025-11-20 13:02:41.236 [lettuce-epollEventLoop-5-1] WARN  b.u.b.i.w.VehiclePositionHandler - Failed to broadcast vehicle position: FAIL_ZERO_SUBSCRIBER
2025-11-20 13:02:41.236 [lettuce-epollEventLoop-5-2] WARN  b.u.b.i.w.VehiclePositionHandler - Error parsing Redis message: Cannot construct instance of `biz.ugur.busroutebackend.transport.infrastructure.messaging.VehiclePositionWebSocketMessage` (no Creators, like default constructor, exist): cannot deserialize from Object value (no delegate- or property-based Creator)
 at [Source: REDACTED (`StreamReadFeature.INCLUDE_SOURCE_IN_LOCATION` disabled); line: 1, column: 2]
2025-11-20 13:02:41.236 [lettuce-epollEventLoop-5-1] WARN  b.u.b.i.w.VehiclePositionHandler - Failed to broadcast vehicle position: FAIL_ZERO_SUBSCRIBER
2025-11-20 13:02:41.236 [lettuce-epollEventLoop-5-1] WARN  b.u.b.i.w.VehiclePositionHandler - Failed to broadcast vehicle position: FAIL_ZERO_SUBSCRIBER
2025-11-20 13:02:41.236 [lettuce-epollEventLoop-5-1] WARN  b.u.b.i.w.VehiclePositionHandler - Failed to broadcast vehicle position: FAIL_ZERO_SUBSCRIBER
2025-11-20 13:02:41.236 [lettuce-epollEventLoop-5-1] WARN  b.u.b.i.w.VehiclePositionHandler - Failed to broadcast vehicle position: FAIL_ZERO_SUBSCRIBER
2025-11-20 13:02:41.236 [lettuce-epollEventLoop-5-1] WARN  b.u.b.i.w.VehiclePositionHandler - Failed to broadcast vehicle position: FAIL_ZERO_SUBSCRIBER
2025-11-20 13:02:41.236 [lettuce-epollEventLoop-5-1] WARN  b.u.b.i.w.VehiclePositionHandler - Failed to broadcast vehicle position: FAIL_ZERO_SUBSCRIBER
2025-11-20 13:02:41.237 [lettuce-epollEventLoop-5-1] WARN  b.u.b.i.w.VehiclePositionHandler - Failed to broadcast vehicle position: FAIL_ZERO_SUBSCRIBER
2025-11-20 13:02:41.237 [lettuce-epollEventLoop-5-1] WARN  b.u.b.i.w.VehiclePositionHandler - Failed to broadcast vehicle position: FAIL_ZERO_SUBSCRIBER
2025-11-20 13:02:41.237 [lettuce-epollEventLoop-5-1] WARN  b.u.b.i.w.VehiclePositionHandler - Failed to broadcast vehicle position: FAIL_ZERO_SUBSCRIBER
2025-11-20 13:02:41.237 [lettuce-epollEventLoop-5-1] WARN  b.u.b.i.w.VehiclePositionHandler - Failed to broadcast vehicle position: FAIL_ZERO_SUBSCRIBER
2025-11-20 13:02:41.237 [lettuce-epollEventLoop-5-1] WARN  b.u.b.i.w.VehiclePositionHandler - Failed to broadcast vehicle position: FAIL_ZERO_SUBSCRIBER
2025-11-20 13:02:41.237 [lettuce-epollEventLoop-5-2] WARN  b.u.b.i.w.VehiclePositionHandler - Error parsing Redis message: Cannot construct instance of `biz.ugur.busroutebackend.transport.infrastructure.messaging.VehiclePositionWebSocketMessage` (no Creators, like default constructor, exist): cannot deserialize from Object value (no delegate- or property-based Creator)
 at [Source: REDACTED (`StreamReadFeature.INCLUDE_SOURCE_IN_LOCATION` disabled); line: 1, column: 2]
2025-11-20 13:02:41.237 [lettuce-epollEventLoop-5-1] WARN  b.u.b.i.w.VehiclePositionHandler - Failed to broadcast vehicle position: FAIL_ZERO_SUBSCRIBER
2025-11-20 13:02:41.237 [lettuce-epollEventLoop-5-1] WARN  b.u.b.i.w.VehiclePositionHandler - Failed to broadcast vehicle position: FAIL_ZERO_SUBSCRIBER
2025-11-20 13:02:41.237 [lettuce-epollEventLoop-5-2] WARN  b.u.b.i.w.VehiclePositionHandler - Error parsing Redis message: Cannot construct instance of `biz.ugur.busroutebackend.transport.infrastructure.messaging.VehiclePositionWebSocketMessage` (no Creators, like default constructor, exist): cannot deserialize from Object value (no delegate- or property-based Creator)
 at [Source: REDACTED (`StreamReadFeature.INCLUDE_SOURCE_IN_LOCATION` disabled); line: 1, column: 2]
2025-11-20 13:02:41.237 [lettuce-epollEventLoop-5-1] WARN  b.u.b.i.w.VehiclePositionHandler - Failed to broadcast vehicle position: FAIL_ZERO_SUBSCRIBER
2025-11-20 13:02:41.237 [lettuce-epollEventLoop-5-1] WARN  b.u.b.i.w.VehiclePositionHandler - Failed to broadcast vehicle position: FAIL_ZERO_SUBSCRIBER
2025-11-20 13:02:41.237 [lettuce-epollEventLoop-5-2] WARN  b.u.b.i.w.VehiclePositionHandler - Error parsing Redis message: Cannot construct instance of `biz.ugur.busroutebackend.transport.infrastructure.messaging.VehiclePositionWebSocketMessage` (no Creators, like default constructor, exist): cannot deserialize from Object value (no delegate- or property-based Creator)
 at [Source: REDACTED (`StreamReadFeature.INCLUDE_SOURCE_IN_LOCATION` disabled); line: 1, column: 2]
2025-11-20 13:02:41.237 [lettuce-epollEventLoop-5-1] WARN  b.u.b.i.w.VehiclePositionHandler - Failed to broadcast vehicle position: FAIL_ZERO_SUBSCRIBER
2025-11-20 13:02:41.237 [lettuce-epollEventLoop-5-2] WARN  b.u.b.i.w.VehiclePositionHandler - Error parsing Redis message: Cannot construct instance of `biz.ugur.busroutebackend.transport.infrastructure.messaging.VehiclePositionWebSocketMessage` (no Creators, like default constructor, exist): cannot deserialize from Object value (no delegate- or property-based Creator)
 at [Source: REDACTED (`StreamReadFeature.INCLUDE_SOURCE_IN_LOCATION` disabled); line: 1, column: 2]
2025-11-20 13:02:41.237 [lettuce-epollEventLoop-5-1] WARN  b.u.b.i.w.VehiclePositionHandler - Failed to broadcast vehicle position: FAIL_ZERO_SUBSCRIBER
2025-11-20 13:02:41.237 [lettuce-epollEventLoop-5-2] WARN  b.u.b.i.w.VehiclePositionHandler - Error parsing Redis message: Cannot construct instance of `biz.ugur.busroutebackend.transport.infrastructure.messaging.VehiclePositionWebSocketMessage` (no Creators, like default constructor, exist): cannot deserialize from Object value (no delegate- or property-based Creator)
 at [Source: REDACTED (`StreamReadFeature.INCLUDE_SOURCE_IN_LOCATION` disabled); line: 1, column: 2]
2025-11-20 13:02:41.237 [lettuce-epollEventLoop-5-2] WARN  b.u.b.i.w.VehiclePositionHandler - Error parsing Redis message: Cannot construct instance of `biz.ugur.busroutebackend.transport.infrastructure.messaging.VehiclePositionWebSocketMessage` (no Creators, like default constructor, exist): cannot deserialize from Object value (no delegate- or property-based Creator)
 at [Source: REDACTED (`StreamReadFeature.INCLUDE_SOURCE_IN_LOCATION` disabled); line: 1, column: 2]
2025-11-20 13:02:41.237 [lettuce-epollEventLoop-5-2] WARN  b.u.b.i.w.VehiclePositionHandler - Error parsing Redis message: Cannot construct instance of `biz.ugur.busroutebackend.transport.infrastructure.messaging.VehiclePositionWebSocketMessage` (no Creators, like default constructor, exist): cannot deserialize from Object value (no delegate- or property-based Creator)
 at [Source: REDACTED (`StreamReadFeature.INCLUDE_SOURCE_IN_LOCATION` disabled); line: 1, column: 2]
2025-11-20 13:02:41.237 [lettuce-epollEventLoop-5-1] WARN  b.u.b.i.w.VehiclePositionHandler - Failed to broadcast vehicle position: FAIL_ZERO_SUBSCRIBER
2025-11-20 13:02:41.237 [lettuce-epollEventLoop-5-2] WARN  b.u.b.i.w.VehiclePositionHandler - Error parsing Redis message: Cannot construct instance of `biz.ugur.busroutebackend.transport.infrastructure.messaging.VehiclePositionWebSocketMessage` (no Creators, like default constructor, exist): cannot deserialize from Object value (no delegate- or property-based Creator)
 at [Source: REDACTED (`StreamReadFeature.INCLUDE_SOURCE_IN_LOCATION` disabled); line: 1, column: 2]
2025-11-20 13:02:41.238 [lettuce-epollEventLoop-5-2] WARN  b.u.b.i.w.VehiclePositionHandler - Error parsing Redis message: Cannot construct instance of `biz.ugur.busroutebackend.transport.infrastructure.messaging.VehiclePositionWebSocketMessage` (no Creators, like default constructor, exist): cannot deserialize from Object value (no delegate- or property-based Creator)
 at [Source: REDACTED (`StreamReadFeature.INCLUDE_SOURCE_IN_LOCATION` disabled); line: 1, column: 2]
2025-11-20 13:02:41.238 [lettuce-epollEventLoop-5-1] WARN  b.u.b.i.w.VehiclePositionHandler - Failed to broadcast vehicle position: FAIL_ZERO_SUBSCRIBER
2025-11-20 13:02:41.238 [lettuce-epollEventLoop-5-2] WARN  b.u.b.i.w.VehiclePositionHandler - Error parsing Redis message: Cannot construct instance of `biz.ugur.busroutebackend.transport.infrastructure.messaging.VehiclePositionWebSocketMessage` (no Creators, like default constructor, exist): cannot deserialize from Object value (no delegate- or property-based Creator)
 at [Source: REDACTED (`StreamReadFeature.INCLUDE_SOURCE_IN_LOCATION` disabled); line: 1, column: 2]
2025-11-20 13:02:41.238 [lettuce-epollEventLoop-5-2] WARN  b.u.b.i.w.VehiclePositionHandler - Error parsing Redis message: Cannot construct instance of `biz.ugur.busroutebackend.transport.infrastructure.messaging.VehiclePositionWebSocketMessage` (no Creators, like default constructor, exist): cannot deserialize from Object value (no delegate- or property-based Creator)
 at [Source: REDACTED (`StreamReadFeature.INCLUDE_SOURCE_IN_LOCATION` disabled); line: 1, column: 2]
2025-11-20 13:02:41.238 [lettuce-epollEventLoop-5-1] WARN  b.u.b.i.w.VehiclePositionHandler - Failed to broadcast vehicle position: FAIL_ZERO_SUBSCRIBER
2025-11-20 13:02:41.238 [lettuce-epollEventLoop-5-2] WARN  b.u.b.i.w.VehiclePositionHandler - Error parsing Redis message: Cannot construct instance of `biz.ugur.busroutebackend.transport.infrastructure.messaging.VehiclePositionWebSocketMessage` (no Creators, like default constructor, exist): cannot deserialize from Object value (no delegate- or property-based Creator)
 at [Source: REDACTED (`StreamReadFeature.INCLUDE_SOURCE_IN_LOCATION` disabled); line: 1, column: 2]
2025-11-20 13:02:41.238 [lettuce-epollEventLoop-5-1] WARN  b.u.b.i.w.VehiclePositionHandler - Failed to broadcast vehicle position: FAIL_ZERO_SUBSCRIBER
2025-11-20 13:02:41.238 [lettuce-epollEventLoop-5-2] WARN  b.u.b.i.w.VehiclePositionHandler - Error parsing Redis message: Cannot construct instance of `biz.ugur.busroutebackend.transport.infrastructure.messaging.VehiclePositionWebSocketMessage` (no Creators, like default constructor, exist): cannot deserialize from Object value (no delegate- or property-based Creator)
 at [Source: REDACTED (`StreamReadFeature.INCLUDE_SOURCE_IN_LOCATION` disabled); line: 1, column: 2]
2025-11-20 13:02:41.238 [lettuce-epollEventLoop-5-2] WARN  b.u.b.i.w.VehiclePositionHandler - Error parsing Redis message: Cannot construct instance of `biz.ugur.busroutebackend.transport.infrastructure.messaging.VehiclePositionWebSocketMessage` (no Creators, like default constructor, exist): cannot deserialize from Object value (no delegate- or property-based Creator)
 at [Source: REDACTED (`StreamReadFeature.INCLUDE_SOURCE_IN_LOCATION` disabled); line: 1, column: 2]
2025-11-20 13:02:41.238 [lettuce-epollEventLoop-5-1] WARN  b.u.b.i.w.VehiclePositionHandler - Failed to broadcast vehicle position: FAIL_ZERO_SUBSCRIBER
2025-11-20 13:02:41.238 [lettuce-epollEventLoop-5-2] WARN  b.u.b.i.w.VehiclePositionHandler - Error parsing Redis message: Cannot construct instance of `biz.ugur.busroutebackend.transport.infrastructure.messaging.VehiclePositionWebSocketMessage` (no Creators, like default constructor, exist): cannot deserialize from Object value (no delegate- or property-based Creator)
 at [Source: REDACTED (`StreamReadFeature.INCLUDE_SOURCE_IN_LOCATION` disabled); line: 1, column: 2]
2025-11-20 13:02:41.238 [lettuce-epollEventLoop-5-2] WARN  b.u.b.i.w.VehiclePositionHandler - Error parsing Redis message: Cannot construct instance of `biz.ugur.busroutebackend.transport.infrastructure.messaging.VehiclePositionWebSocketMessage` (no Creators, like default constructor, exist): cannot deserialize from Object value (no delegate- or property-based Creator)
 at [Source: REDACTED (`StreamReadFeature.INCLUDE_SOURCE_IN_LOCATION` disabled); line: 1, column: 2]
2025-11-20 13:02:41.238 [lettuce-epollEventLoop-5-1] WARN  b.u.b.i.w.VehiclePositionHandler - Failed to broadcast vehicle position: FAIL_ZERO_SUBSCRIBER
2025-11-20 13:02:41.238 [lettuce-epollEventLoop-5-2] WARN  b.u.b.i.w.VehiclePositionHandler - Error parsing Redis message: Cannot construct instance of `biz.ugur.busroutebackend.transport.infrastructure.messaging.VehiclePositionWebSocketMessage` (no Creators, like default constructor, exist): cannot deserialize from Object value (no delegate- or property-based Creator)
 at [Source: REDACTED (`StreamReadFeature.INCLUDE_SOURCE_IN_LOCATION` disabled); line: 1, column: 2]
2025-11-20 13:02:41.238 [lettuce-epollEventLoop-5-1] WARN  b.u.b.i.w.VehiclePositionHandler - Failed to broadcast vehicle position: FAIL_ZERO_SUBSCRIBER
2025-11-20 13:02:41.238 [lettuce-epollEventLoop-5-2] WARN  b.u.b.i.w.VehiclePositionHandler - Error parsing Redis message: Cannot construct instance of `biz.ugur.busroutebackend.transport.infrastructure.messaging.VehiclePositionWebSocketMessage` (no Creators, like default constructor, exist): cannot deserialize from Object value (no delegate- or property-based Creator)
 at [Source: REDACTED (`StreamReadFeature.INCLUDE_SOURCE_IN_LOCATION` disabled); line: 1, column: 2]
2025-11-20 13:02:41.238 [lettuce-epollEventLoop-5-2] WARN  b.u.b.i.w.VehiclePositionHandler - Error parsing Redis message: Cannot construct instance of `biz.ugur.busroutebackend.transport.infrastructure.messaging.VehiclePositionWebSocketMessage` (no Creators, like default constructor, exist): cannot deserialize from Object value (no delegate- or property-based Creator)
 at [Source: REDACTED (`StreamReadFeature.INCLUDE_SOURCE_IN_LOCATION` disabled); line: 1, column: 2]
2025-11-20 13:02:41.238 [lettuce-epollEventLoop-5-2] WARN  b.u.b.i.w.VehiclePositionHandler - Error parsing Redis message: Cannot construct instance of `biz.ugur.busroutebackend.transport.infrastructure.messaging.VehiclePositionWebSocketMessage` (no Creators, like default constructor, exist): cannot deserialize from Object value (no delegate- or property-based Creator)
 at [Source: REDACTED (`StreamReadFeature.INCLUDE_SOURCE_IN_LOCATION` disabled); line: 1, column: 2]
2025-11-20 13:02:41.238 [lettuce-epollEventLoop-5-1] WARN  b.u.b.i.w.VehiclePositionHandler - Failed to broadcast vehicle position: FAIL_ZERO_SUBSCRIBER
2025-11-20 13:02:41.238 [lettuce-epollEventLoop-5-2] WARN  b.u.b.i.w.VehiclePositionHandler - Error parsing Redis message: Cannot construct instance of `biz.ugur.busroutebackend.transport.infrastructure.messaging.VehiclePositionWebSocketMessage` (no Creators, like default constructor, exist): cannot deserialize from Object value (no delegate- or property-based Creator)
 at [Source: REDACTED (`StreamReadFeature.INCLUDE_SOURCE_IN_LOCATION` disabled); line: 1, column: 2]
2025-11-20 13:02:41.238 [lettuce-epollEventLoop-5-2] WARN  b.u.b.i.w.VehiclePositionHandler - Error parsing Redis message: Cannot construct instance of `biz.ugur.busroutebackend.transport.infrastructure.messaging.VehiclePositionWebSocketMessage` (no Creators, like default constructor, exist): cannot deserialize from Object value (no delegate- or property-based Creator)
 at [Source: REDACTED (`StreamReadFeature.INCLUDE_SOURCE_IN_LOCATION` disabled); line: 1, column: 2]
2025-11-20 13:02:41.238 [lettuce-epollEventLoop-5-1] WARN  b.u.b.i.w.VehiclePositionHandler - Failed to broadcast vehicle position: FAIL_ZERO_SUBSCRIBER
2025-11-20 13:02:41.238 [lettuce-epollEventLoop-5-2] WARN  b.u.b.i.w.VehiclePositionHandler - Error parsing Redis message: Cannot construct instance of `biz.ugur.busroutebackend.transport.infrastructure.messaging.VehiclePositionWebSocketMessage` (no Creators, like default constructor, exist): cannot deserialize from Object value (no delegate- or property-based Creator)
 at [Source: REDACTED (`StreamReadFeature.INCLUDE_SOURCE_IN_LOCATION` disabled); line: 1, column: 2]
2025-11-20 13:02:41.238 [lettuce-epollEventLoop-5-1] WARN  b.u.b.i.w.VehiclePositionHandler - Failed to broadcast vehicle position: FAIL_ZERO_SUBSCRIBER
2025-11-20 13:02:41.238 [lettuce-epollEventLoop-5-2] WARN  b.u.b.i.w.VehiclePositionHandler - Error parsing Redis message: Cannot construct instance of `biz.ugur.busroutebackend.transport.infrastructure.messaging.VehiclePositionWebSocketMessage` (no Creators, like default constructor, exist): cannot deserialize from Object value (no delegate- or property-based Creator)
 at [Source: REDACTED (`StreamReadFeature.INCLUDE_SOURCE_IN_LOCATION` disabled); line: 1, column: 2]
2025-11-20 13:02:41.238 [lettuce-epollEventLoop-5-1] WARN  b.u.b.i.w.VehiclePositionHandler - Failed to broadcast vehicle position: FAIL_ZERO_SUBSCRIBER
2025-11-20 13:02:41.238 [lettuce-epollEventLoop-5-2] WARN  b.u.b.i.w.VehiclePositionHandler - Error parsing Redis message: Cannot construct instance of `biz.ugur.busroutebackend.transport.infrastructure.messaging.VehiclePositionWebSocketMessage` (no Creators, like default constructor, exist): cannot deserialize from Object value (no delegate- or property-based Creator)
 at [Source: REDACTED (`StreamReadFeature.INCLUDE_SOURCE_IN_LOCATION` disabled); line: 1, column: 2]
2025-11-20 13:02:41.238 [lettuce-epollEventLoop-5-1] WARN  b.u.b.i.w.VehiclePositionHandler - Failed to broadcast vehicle position: FAIL_ZERO_SUBSCRIBER
2025-11-20 13:02:41.238 [lettuce-epollEventLoop-5-2] WARN  b.u.b.i.w.VehiclePositionHandler - Error parsing Redis message: Cannot construct instance of `biz.ugur.busroutebackend.transport.infrastructure.messaging.VehiclePositionWebSocketMessage` (no Creators, like default constructor, exist): cannot deserialize from Object value (no delegate- or property-based Creator)
 at [Source: REDACTED (`StreamReadFeature.INCLUDE_SOURCE_IN_LOCATION` disabled); line: 1, column: 2]
2025-11-20 13:02:41.238 [lettuce-epollEventLoop-5-2] WARN  b.u.b.i.w.VehiclePositionHandler - Error parsing Redis message: Cannot construct instance of `biz.ugur.busroutebackend.transport.infrastructure.messaging.VehiclePositionWebSocketMessage` (no Creators, like default constructor, exist): cannot deserialize from Object value (no delegate- or property-based Creator)
 at [Source: REDACTED (`StreamReadFeature.INCLUDE_SOURCE_IN_LOCATION` disabled); line: 1, column: 2]
2025-11-20 13:02:41.238 [lettuce-epollEventLoop-5-1] WARN  b.u.b.i.w.VehiclePositionHandler - Failed to broadcast vehicle position: FAIL_ZERO_SUBSCRIBER
2025-11-20 13:02:41.238 [lettuce-epollEventLoop-5-2] WARN  b.u.b.i.w.VehiclePositionHandler - Error parsing Redis message: Cannot construct instance of `biz.ugur.busroutebackend.transport.infrastructure.messaging.VehiclePositionWebSocketMessage` (no Creators, like default constructor, exist): cannot deserialize from Object value (no delegate- or property-based Creator)
 at [Source: REDACTED (`StreamReadFeature.INCLUDE_SOURCE_IN_LOCATION` disabled); line: 1, column: 2]
2025-11-20 13:02:41.238 [lettuce-epollEventLoop-5-2] WARN  b.u.b.i.w.VehiclePositionHandler - Error parsing Redis message: Cannot construct instance of `biz.ugur.busroutebackend.transport.infrastructure.messaging.VehiclePositionWebSocketMessage` (no Creators, like default constructor, exist): cannot deserialize from Object value (no delegate- or property-based Creator)
 at [Source: REDACTED (`StreamReadFeature.INCLUDE_SOURCE_IN_LOCATION` disabled); line: 1, column: 2]
2025-11-20 13:02:41.238 [lettuce-epollEventLoop-5-2] WARN  b.u.b.i.w.VehiclePositionHandler - Error parsing Redis message: Cannot construct instance of `biz.ugur.busroutebackend.transport.infrastructure.messaging.VehiclePositionWebSocketMessage` (no Creators, like default constructor, exist): cannot deserialize from Object value (no delegate- or property-based Creator)
 at [Source: REDACTED (`StreamReadFeature.INCLUDE_SOURCE_IN_LOCATION` disabled); line: 1, column: 2]
2025-11-20 13:02:41.238 [lettuce-epollEventLoop-5-2] WARN  b.u.b.i.w.VehiclePositionHandler - Error parsing Redis message: Cannot construct instance of `biz.ugur.busroutebackend.transport.infrastructure.messaging.VehiclePositionWebSocketMessage` (no Creators, like default constructor, exist): cannot deserialize from Object value (no delegate- or property-based Creator)
 at [Source: REDACTED (`StreamReadFeature.INCLUDE_SOURCE_IN_LOCATION` disabled); line: 1, column: 2]
2025-11-20 13:02:41.238 [lettuce-epollEventLoop-5-1] WARN  b.u.b.i.w.VehiclePositionHandler - Failed to broadcast vehicle position: FAIL_ZERO_SUBSCRIBER
2025-11-20 13:02:41.238 [lettuce-epollEventLoop-5-2] WARN  b.u.b.i.w.VehiclePositionHandler - Error parsing Redis message: Cannot construct instance of `biz.ugur.busroutebackend.transport.infrastructure.messaging.VehiclePositionWebSocketMessage` (no Creators, like default constructor, exist): cannot deserialize from Object value (no delegate- or property-based Creator)
 at [Source: REDACTED (`StreamReadFeature.INCLUDE_SOURCE_IN_LOCATION` disabled); line: 1, column: 2]
2025-11-20 13:02:41.239 [lettuce-epollEventLoop-5-1] WARN  b.u.b.i.w.VehiclePositionHandler - Failed to broadcast vehicle position: FAIL_ZERO_SUBSCRIBER
2025-11-20 13:02:41.239 [lettuce-epollEventLoop-5-2] WARN  b.u.b.i.w.VehiclePositionHandler - Error parsing Redis message: Cannot construct instance of `biz.ugur.busroutebackend.transport.infrastructure.messaging.VehiclePositionWebSocketMessage` (no Creators, like default constructor, exist): cannot deserialize from Object value (no delegate- or property-based Creator)
 at [Source: REDACTED (`StreamReadFeature.INCLUDE_SOURCE_IN_LOCATION` disabled); line: 1, column: 2]
2025-11-20 13:02:41.239 [lettuce-epollEventLoop-5-1] WARN  b.u.b.i.w.VehiclePositionHandler - Failed to broadcast vehicle position: FAIL_ZERO_SUBSCRIBER
2025-11-20 13:02:41.239 [lettuce-epollEventLoop-5-2] WARN  b.u.b.i.w.VehiclePositionHandler - Error parsing Redis message: Cannot construct instance of `biz.ugur.busroutebackend.transport.infrastructure.messaging.VehiclePositionWebSocketMessage` (no Creators, like default constructor, exist): cannot deserialize from Object value (no delegate- or property-based Creator)
 at [Source: REDACTED (`StreamReadFeature.INCLUDE_SOURCE_IN_LOCATION` disabled); line: 1, column: 2]
2025-11-20 13:02:41.239 [lettuce-epollEventLoop-5-2] WARN  b.u.b.i.w.VehiclePositionHandler - Error parsing Redis message: Cannot construct instance of `biz.ugur.busroutebackend.transport.infrastructure.messaging.VehiclePositionWebSocketMessage` (no Creators, like default constructor, exist): cannot deserialize from Object value (no delegate- or property-based Creator)
 at [Source: REDACTED (`StreamReadFeature.INCLUDE_SOURCE_IN_LOCATION` disabled); line: 1, column: 2]
2025-11-20 13:02:41.239 [lettuce-epollEventLoop-5-1] WARN  b.u.b.i.w.VehiclePositionHandler - Failed to broadcast vehicle position: FAIL_ZERO_SUBSCRIBER
2025-11-20 13:02:41.239 [lettuce-epollEventLoop-5-2] WARN  b.u.b.i.w.VehiclePositionHandler - Error parsing Redis message: Cannot construct instance of `biz.ugur.busroutebackend.transport.infrastructure.messaging.VehiclePositionWebSocketMessage` (no Creators, like default constructor, exist): cannot deserialize from Object value (no delegate- or property-based Creator)
 at [Source: REDACTED (`StreamReadFeature.INCLUDE_SOURCE_IN_LOCATION` disabled); line: 1, column: 2]
2025-11-20 13:02:41.239 [lettuce-epollEventLoop-5-2] WARN  b.u.b.i.w.VehiclePositionHandler - Error parsing Redis message: Cannot construct instance of `biz.ugur.busroutebackend.transport.infrastructure.messaging.VehiclePositionWebSocketMessage` (no Creators, like default constructor, exist): cannot deserialize from Object value (no delegate- or property-based Creator)
 at [Source: REDACTED (`StreamReadFeature.INCLUDE_SOURCE_IN_LOCATION` disabled); line: 1, column: 2]
2025-11-20 13:02:41.239 [lettuce-epollEventLoop-5-1] WARN  b.u.b.i.w.VehiclePositionHandler - Failed to broadcast vehicle position: FAIL_ZERO_SUBSCRIBER
2025-11-20 13:02:41.239 [lettuce-epollEventLoop-5-2] WARN  b.u.b.i.w.VehiclePositionHandler - Error parsing Redis message: Cannot construct instance of `biz.ugur.busroutebackend.transport.infrastructure.messaging.VehiclePositionWebSocketMessage` (no Creators, like default constructor, exist): cannot deserialize from Object value (no delegate- or property-based Creator)
 at [Source: REDACTED (`StreamReadFeature.INCLUDE_SOURCE_IN_LOCATION` disabled); line: 1, column: 2]
2025-11-20 13:02:41.239 [lettuce-epollEventLoop-5-1] WARN  b.u.b.i.w.VehiclePositionHandler - Failed to broadcast vehicle position: FAIL_ZERO_SUBSCRIBER
2025-11-20 13:02:41.239 [lettuce-epollEventLoop-5-2] WARN  b.u.b.i.w.VehiclePositionHandler - Error parsing Redis message: Cannot construct instance of `biz.ugur.busroutebackend.transport.infrastructure.messaging.VehiclePositionWebSocketMessage` (no Creators, like default constructor, exist): cannot deserialize from Object value (no delegate- or property-based Creator)
 at [Source: REDACTED (`StreamReadFeature.INCLUDE_SOURCE_IN_LOCATION` disabled); line: 1, column: 2]
2025-11-20 13:02:41.239 [lettuce-epollEventLoop-5-1] WARN  b.u.b.i.w.VehiclePositionHandler - Failed to broadcast vehicle position: FAIL_ZERO_SUBSCRIBER
2025-11-20 13:02:41.239 [lettuce-epollEventLoop-5-1] WARN  b.u.b.i.w.VehiclePositionHandler - Failed to broadcast vehicle position: FAIL_ZERO_SUBSCRIBER
2025-11-20 13:02:41.239 [lettuce-epollEventLoop-5-1] WARN  b.u.b.i.w.VehiclePositionHandler - Failed to broadcast vehicle position: FAIL_ZERO_SUBSCRIBER
2025-11-20 13:02:41.239 [lettuce-epollEventLoop-5-2] WARN  b.u.b.i.w.VehiclePositionHandler - Error parsing Redis message: Cannot construct instance of `biz.ugur.busroutebackend.transport.infrastructure.messaging.VehiclePositionWebSocketMessage` (no Creators, like default constructor, exist): cannot deserialize from Object value (no delegate- or property-based Creator)
 at [Source: REDACTED (`StreamReadFeature.INCLUDE_SOURCE_IN_LOCATION` disabled); line: 1, column: 2]
2025-11-20 13:02:41.239 [lettuce-epollEventLoop-5-1] WARN  b.u.b.i.w.VehiclePositionHandler - Failed to broadcast vehicle position: FAIL_ZERO_SUBSCRIBER
2025-11-20 13:02:41.239 [lettuce-epollEventLoop-5-2] WARN  b.u.b.i.w.VehiclePositionHandler - Error parsing Redis message: Cannot construct instance of `biz.ugur.busroutebackend.transport.infrastructure.messaging.VehiclePositionWebSocketMessage` (no Creators, like default constructor, exist): cannot deserialize from Object value (no delegate- or property-based Creator)
 at [Source: REDACTED (`StreamReadFeature.INCLUDE_SOURCE_IN_LOCATION` disabled); line: 1, column: 2]
2025-11-20 13:02:41.239 [lettuce-epollEventLoop-5-1] WARN  b.u.b.i.w.VehiclePositionHandler - Failed to broadcast vehicle position: FAIL_ZERO_SUBSCRIBER
2025-11-20 13:02:41.239 [lettuce-epollEventLoop-5-2] WARN  b.u.b.i.w.VehiclePositionHandler - Error parsing Redis message: Cannot construct instance of `biz.ugur.busroutebackend.transport.infrastructure.messaging.VehiclePositionWebSocketMessage` (no Creators, like default constructor, exist): cannot deserialize from Object value (no delegate- or property-based Creator)
 at [Source: REDACTED (`StreamReadFeature.INCLUDE_SOURCE_IN_LOCATION` disabled); line: 1, column: 2]
2025-11-20 13:02:41.239 [lettuce-epollEventLoop-5-1] WARN  b.u.b.i.w.VehiclePositionHandler - Failed to broadcast vehicle position: FAIL_ZERO_SUBSCRIBER
2025-11-20 13:02:41.239 [lettuce-epollEventLoop-5-2] WARN  b.u.b.i.w.VehiclePositionHandler - Error parsing Redis message: Cannot construct instance of `biz.ugur.busroutebackend.transport.infrastructure.messaging.VehiclePositionWebSocketMessage` (no Creators, like default constructor, exist): cannot deserialize from Object value (no delegate- or property-based Creator)
 at [Source: REDACTED (`StreamReadFeature.INCLUDE_SOURCE_IN_LOCATION` disabled); line: 1, column: 2]
2025-11-20 13:02:41.239 [lettuce-epollEventLoop-5-1] WARN  b.u.b.i.w.VehiclePositionHandler - Failed to broadcast vehicle position: FAIL_ZERO_SUBSCRIBER
2025-11-20 13:02:41.239 [lettuce-epollEventLoop-5-2] WARN  b.u.b.i.w.VehiclePositionHandler - Error parsing Redis message: Cannot construct instance of `biz.ugur.busroutebackend.transport.infrastructure.messaging.VehiclePositionWebSocketMessage` (no Creators, like default constructor, exist): cannot deserialize from Object value (no delegate- or property-based Creator)
 at [Source: REDACTED (`StreamReadFeature.INCLUDE_SOURCE_IN_LOCATION` disabled); line: 1, column: 2]
2025-11-20 13:02:41.239 [lettuce-epollEventLoop-5-1] WARN  b.u.b.i.w.VehiclePositionHandler - Failed to broadcast vehicle position: FAIL_ZERO_SUBSCRIBER
2025-11-20 13:02:41.239 [lettuce-epollEventLoop-5-2] WARN  b.u.b.i.w.VehiclePositionHandler - Error parsing Redis message: Cannot construct instance of `biz.ugur.busroutebackend.transport.infrastructure.messaging.VehiclePositionWebSocketMessage` (no Creators, like default constructor, exist): cannot deserialize from Object value (no delegate- or property-based Creator)
 at [Source: REDACTED (`StreamReadFeature.INCLUDE_SOURCE_IN_LOCATION` disabled); line: 1, column: 2]
2025-11-20 13:02:41.239 [lettuce-epollEventLoop-5-2] WARN  b.u.b.i.w.VehiclePositionHandler - Error parsing Redis message: Cannot construct instance of `biz.ugur.busroutebackend.transport.infrastructure.messaging.VehiclePositionWebSocketMessage` (no Creators, like default constructor, exist): cannot deserialize from Object value (no delegate- or property-based Creator)
 at [Source: REDACTED (`StreamReadFeature.INCLUDE_SOURCE_IN_LOCATION` disabled); line: 1, column: 2]
2025-11-20 13:02:41.239 [lettuce-epollEventLoop-5-1] WARN  b.u.b.i.w.VehiclePositionHandler - Failed to broadcast vehicle position: FAIL_ZERO_SUBSCRIBER
2025-11-20 13:02:41.239 [lettuce-epollEventLoop-5-2] WARN  b.u.b.i.w.VehiclePositionHandler - Error parsing Redis message: Cannot construct instance of `biz.ugur.busroutebackend.transport.infrastructure.messaging.VehiclePositionWebSocketMessage` (no Creators, like default constructor, exist): cannot deserialize from Object value (no delegate- or property-based Creator)
 at [Source: REDACTED (`StreamReadFeature.INCLUDE_SOURCE_IN_LOCATION` disabled); line: 1, column: 2]
2025-11-20 13:02:41.239 [lettuce-epollEventLoop-5-1] WARN  b.u.b.i.w.VehiclePositionHandler - Failed to broadcast vehicle position: FAIL_ZERO_SUBSCRIBER
2025-11-20 13:02:41.239 [lettuce-epollEventLoop-5-2] WARN  b.u.b.i.w.VehiclePositionHandler - Error parsing Redis message: Cannot construct instance of `biz.ugur.busroutebackend.transport.infrastructure.messaging.VehiclePositionWebSocketMessage` (no Creators, like default constructor, exist): cannot deserialize from Object value (no delegate- or property-based Creator)
 at [Source: REDACTED (`StreamReadFeature.INCLUDE_SOURCE_IN_LOCATION` disabled); line: 1, column: 2]
2025-11-20 13:02:41.239 [lettuce-epollEventLoop-5-1] WARN  b.u.b.i.w.VehiclePositionHandler - Failed to broadcast vehicle position: FAIL_ZERO_SUBSCRIBER
2025-11-20 13:02:41.239 [lettuce-epollEventLoop-5-2] WARN  b.u.b.i.w.VehiclePositionHandler - Error parsing Redis message: Cannot construct instance of `biz.ugur.busroutebackend.transport.infrastructure.messaging.VehiclePositionWebSocketMessage` (no Creators, like default constructor, exist): cannot deserialize from Object value (no delegate- or property-based Creator)
 at [Source: REDACTED (`StreamReadFeature.INCLUDE_SOURCE_IN_LOCATION` disabled); line: 1, column: 2]
2025-11-20 13:02:41.239 [lettuce-epollEventLoop-5-1] WARN  b.u.b.i.w.VehiclePositionHandler - Failed to broadcast vehicle position: FAIL_ZERO_SUBSCRIBER
2025-11-20 13:02:41.239 [lettuce-epollEventLoop-5-2] WARN  b.u.b.i.w.VehiclePositionHandler - Error parsing Redis message: Cannot construct instance of `biz.ugur.busroutebackend.transport.infrastructure.messaging.VehiclePositionWebSocketMessage` (no Creators, like default constructor, exist): cannot deserialize from Object value (no delegate- or property-based Creator)
 at [Source: REDACTED (`StreamReadFeature.INCLUDE_SOURCE_IN_LOCATION` disabled); line: 1, column: 2]
2025-11-20 13:02:41.239 [lettuce-epollEventLoop-5-1] WARN  b.u.b.i.w.VehiclePositionHandler - Failed to broadcast vehicle position: FAIL_ZERO_SUBSCRIBER
2025-11-20 13:02:41.239 [lettuce-epollEventLoop-5-2] WARN  b.u.b.i.w.VehiclePositionHandler - Error parsing Redis message: Cannot construct instance of `biz.ugur.busroutebackend.transport.infrastructure.messaging.VehiclePositionWebSocketMessage` (no Creators, like default constructor, exist): cannot deserialize from Object value (no delegate- or property-based Creator)
 at [Source: REDACTED (`StreamReadFeature.INCLUDE_SOURCE_IN_LOCATION` disabled); line: 1, column: 2]
2025-11-20 13:02:41.239 [lettuce-epollEventLoop-5-1] WARN  b.u.b.i.w.VehiclePositionHandler - Failed to broadcast vehicle position: FAIL_ZERO_SUBSCRIBER
2025-11-20 13:02:41.239 [lettuce-epollEventLoop-5-2] WARN  b.u.b.i.w.VehiclePositionHandler - Error parsing Redis message: Cannot construct instance of `biz.ugur.busroutebackend.transport.infrastructure.messaging.VehiclePositionWebSocketMessage` (no Creators, like default constructor, exist): cannot deserialize from Object value (no delegate- or property-based Creator)
 at [Source: REDACTED (`StreamReadFeature.INCLUDE_SOURCE_IN_LOCATION` disabled); line: 1, column: 2]
2025-11-20 13:02:41.240 [lettuce-epollEventLoop-5-2] WARN  b.u.b.i.w.VehiclePositionHandler - Error parsing Redis message: Cannot construct instance of `biz.ugur.busroutebackend.transport.infrastructure.messaging.VehiclePositionWebSocketMessage` (no Creators, like default constructor, exist): cannot deserialize from Object value (no delegate- or property-based Creator)
 at [Source: REDACTED (`StreamReadFeature.INCLUDE_SOURCE_IN_LOCATION` disabled); line: 1, column: 2]
2025-11-20 13:02:41.240 [lettuce-epollEventLoop-5-2] WARN  b.u.b.i.w.VehiclePositionHandler - Error parsing Redis message: Cannot construct instance of `biz.ugur.busroutebackend.transport.infrastructure.messaging.VehiclePositionWebSocketMessage` (no Creators, like default constructor, exist): cannot deserialize from Object value (no delegate- or property-based Creator)
 at [Source: REDACTED (`StreamReadFeature.INCLUDE_SOURCE_IN_LOCATION` disabled); line: 1, column: 2]
2025-11-20 13:02:41.240 [lettuce-epollEventLoop-5-2] WARN  b.u.b.i.w.VehiclePositionHandler - Error parsing Redis message: Cannot construct instance of `biz.ugur.busroutebackend.transport.infrastructure.messaging.VehiclePositionWebSocketMessage` (no Creators, like default constructor, exist): cannot deserialize from Object value (no delegate- or property-based Creator)
 at [Source: REDACTED (`StreamReadFeature.INCLUDE_SOURCE_IN_LOCATION` disabled); line: 1, column: 2]
2025-11-20 13:02:41.240 [lettuce-epollEventLoop-5-2] WARN  b.u.b.i.w.VehiclePositionHandler - Error parsing Redis message: Cannot construct instance of `biz.ugur.busroutebackend.transport.infrastructure.messaging.VehiclePositionWebSocketMessage` (no Creators, like default constructor, exist): cannot deserialize from Object value (no delegate- or property-based Creator)
 at [Source: REDACTED (`StreamReadFeature.INCLUDE_SOURCE_IN_LOCATION` disabled); line: 1, column: 2]
2025-11-20 13:02:41.240 [lettuce-epollEventLoop-5-2] WARN  b.u.b.i.w.VehiclePositionHandler - Error parsing Redis message: Cannot construct instance of `biz.ugur.busroutebackend.transport.infrastructure.messaging.VehiclePositionWebSocketMessage` (no Creators, like default constructor, exist): cannot deserialize from Object value (no delegate- or property-based Creator)
 at [Source: REDACTED (`StreamReadFeature.INCLUDE_SOURCE_IN_LOCATION` disabled); line: 1, column: 2]
2025-11-20 13:02:41.240 [lettuce-epollEventLoop-5-2] WARN  b.u.b.i.w.VehiclePositionHandler - Error parsing Redis message: Cannot construct instance of `biz.ugur.busroutebackend.transport.infrastructure.messaging.VehiclePositionWebSocketMessage` (no Creators, like default constructor, exist): cannot deserialize from Object value (no delegate- or property-based Creator)
 at [Source: REDACTED (`StreamReadFeature.INCLUDE_SOURCE_IN_LOCATION` disabled); line: 1, column: 2]
2025-11-20 13:02:41.240 [lettuce-epollEventLoop-5-2] WARN  b.u.b.i.w.VehiclePositionHandler - Error parsing Redis message: Cannot construct instance of `biz.ugur.busroutebackend.transport.infrastructure.messaging.VehiclePositionWebSocketMessage` (no Creators, like default constructor, exist): cannot deserialize from Object value (no delegate- or property-based Creator)
 at [Source: REDACTED (`StreamReadFeature.INCLUDE_SOURCE_IN_LOCATION` disabled); line: 1, column: 2]
2025-11-20 13:02:41.240 [lettuce-epollEventLoop-5-2] WARN  b.u.b.i.w.VehiclePositionHandler - Error parsing Redis message: Cannot construct instance of `biz.ugur.busroutebackend.transport.infrastructure.messaging.VehiclePositionWebSocketMessage` (no Creators, like default constructor, exist): cannot deserialize from Object value (no delegate- or property-based Creator)
 at [Source: REDACTED (`StreamReadFeature.INCLUDE_SOURCE_IN_LOCATION` disabled); line: 1, column: 2]
2025-11-20 13:02:41.240 [lettuce-epollEventLoop-5-2] WARN  b.u.b.i.w.VehiclePositionHandler - Error parsing Redis message: Cannot construct instance of `biz.ugur.busroutebackend.transport.infrastructure.messaging.VehiclePositionWebSocketMessage` (no Creators, like default constructor, exist): cannot deserialize from Object value (no delegate- or property-based Creator)
 at [Source: REDACTED (`StreamReadFeature.INCLUDE_SOURCE_IN_LOCATION` disabled); line: 1, column: 2]
2025-11-20 13:02:41.240 [lettuce-epollEventLoop-5-2] WARN  b.u.b.i.w.VehiclePositionHandler - Error parsing Redis message: Cannot construct instance of `biz.ugur.busroutebackend.transport.infrastructure.messaging.VehiclePositionWebSocketMessage` (no Creators, like default constructor, exist): cannot deserialize from Object value (no delegate- or property-based Creator)
 at [Source: REDACTED (`StreamReadFeature.INCLUDE_SOURCE_IN_LOCATION` disabled); line: 1, column: 2]
2025-11-20 13:02:41.240 [lettuce-epollEventLoop-5-2] WARN  b.u.b.i.w.VehiclePositionHandler - Error parsing Redis message: Cannot construct instance of `biz.ugur.busroutebackend.transport.infrastructure.messaging.VehiclePositionWebSocketMessage` (no Creators, like default constructor, exist): cannot deserialize from Object value (no delegate- or property-based Creator)
 at [Source: REDACTED (`StreamReadFeature.INCLUDE_SOURCE_IN_LOCATION` disabled); line: 1, column: 2]
2025-11-20 13:02:41.240 [lettuce-epollEventLoop-5-2] WARN  b.u.b.i.w.VehiclePositionHandler - Error parsing Redis message: Cannot construct instance of `biz.ugur.busroutebackend.transport.infrastructure.messaging.VehiclePositionWebSocketMessage` (no Creators, like default constructor, exist): cannot deserialize from Object value (no delegate- or property-based Creator)
 at [Source: REDACTED (`StreamReadFeature.INCLUDE_SOURCE_IN_LOCATION` disabled); line: 1, column: 2]
2025-11-20 13:02:41.240 [lettuce-epollEventLoop-5-2] WARN  b.u.b.i.w.VehiclePositionHandler - Error parsing Redis message: Cannot construct instance of `biz.ugur.busroutebackend.transport.infrastructure.messaging.VehiclePositionWebSocketMessage` (no Creators, like default constructor, exist): cannot deserialize from Object value (no delegate- or property-based Creator)
 at [Source: REDACTED (`StreamReadFeature.INCLUDE_SOURCE_IN_LOCATION` disabled); line: 1, column: 2]
2025-11-20 13:02:41.240 [lettuce-epollEventLoop-5-2] WARN  b.u.b.i.w.VehiclePositionHandler - Error parsing Redis message: Cannot construct instance of `biz.ugur.busroutebackend.transport.infrastructure.messaging.VehiclePositionWebSocketMessage` (no Creators, like default constructor, exist): cannot deserialize from Object value (no delegate- or property-based Creator)
 at [Source: REDACTED (`StreamReadFeature.INCLUDE_SOURCE_IN_LOCATION` disabled); line: 1, column: 2]
2025-11-20 13:02:41.240 [lettuce-epollEventLoop-5-2] WARN  b.u.b.i.w.VehiclePositionHandler - Error parsing Redis message: Cannot construct instance of `biz.ugur.busroutebackend.transport.infrastructure.messaging.VehiclePositionWebSocketMessage` (no Creators, like default constructor, exist): cannot deserialize from Object value (no delegate- or property-based Creator)
 at [Source: REDACTED (`StreamReadFeature.INCLUDE_SOURCE_IN_LOCATION` disabled); line: 1, column: 2]
2025-11-20 13:02:41.240 [lettuce-epollEventLoop-5-2] WARN  b.u.b.i.w.VehiclePositionHandler - Error parsing Redis message: Cannot construct instance of `biz.ugur.busroutebackend.transport.infrastructure.messaging.VehiclePositionWebSocketMessage` (no Creators, like default constructor, exist): cannot deserialize from Object value (no delegate- or property-based Creator)
 at [Source: REDACTED (`StreamReadFeature.INCLUDE_SOURCE_IN_LOCATION` disabled); line: 1, column: 2]
2025-11-20 13:02:41.240 [lettuce-epollEventLoop-5-2] WARN  b.u.b.i.w.VehiclePositionHandler - Error parsing Redis message: Cannot construct instance of `biz.ugur.busroutebackend.transport.infrastructure.messaging.VehiclePositionWebSocketMessage` (no Creators, like default constructor, exist): cannot deserialize from Object value (no delegate- or property-based Creator)
 at [Source: REDACTED (`StreamReadFeature.INCLUDE_SOURCE_IN_LOCATION` disabled); line: 1, column: 2]
2025-11-20 13:02:41.240 [lettuce-epollEventLoop-5-2] WARN  b.u.b.i.w.VehiclePositionHandler - Error parsing Redis message: Cannot construct instance of `biz.ugur.busroutebackend.transport.infrastructure.messaging.VehiclePositionWebSocketMessage` (no Creators, like default constructor, exist): cannot deserialize from Object value (no delegate- or property-based Creator)
 at [Source: REDACTED (`StreamReadFeature.INCLUDE_SOURCE_IN_LOCATION` disabled); line: 1, column: 2]
2025-11-20 13:02:41.240 [lettuce-epollEventLoop-5-2] WARN  b.u.b.i.w.VehiclePositionHandler - Error parsing Redis message: Cannot construct instance of `biz.ugur.busroutebackend.transport.infrastructure.messaging.VehiclePositionWebSocketMessage` (no Creators, like default constructor, exist): cannot deserialize from Object value (no delegate- or property-based Creator)
 at [Source: REDACTED (`StreamReadFeature.INCLUDE_SOURCE_IN_LOCATION` disabled); line: 1, column: 2]
2025-11-20 13:02:41.240 [lettuce-epollEventLoop-5-2] WARN  b.u.b.i.w.VehiclePositionHandler - Error parsing Redis message: Cannot construct instance of `biz.ugur.busroutebackend.transport.infrastructure.messaging.VehiclePositionWebSocketMessage` (no Creators, like default constructor, exist): cannot deserialize from Object value (no delegate- or property-based Creator)
 at [Source: REDACTED (`StreamReadFeature.INCLUDE_SOURCE_IN_LOCATION` disabled); line: 1, column: 2]
2025-11-20 13:02:41.240 [lettuce-epollEventLoop-5-2] WARN  b.u.b.i.w.VehiclePositionHandler - Error parsing Redis message: Cannot construct instance of `biz.ugur.busroutebackend.transport.infrastructure.messaging.VehiclePositionWebSocketMessage` (no Creators, like default constructor, exist): cannot deserialize from Object value (no delegate- or property-based Creator)
 at [Source: REDACTED (`StreamReadFeature.INCLUDE_SOURCE_IN_LOCATION` disabled); line: 1, column: 2]
2025-11-20 13:02:41.240 [lettuce-epollEventLoop-5-2] WARN  b.u.b.i.w.VehiclePositionHandler - Error parsing Redis message: Cannot construct instance of `biz.ugur.busroutebackend.transport.infrastructure.messaging.VehiclePositionWebSocketMessage` (no Creators, like default constructor, exist): cannot deserialize from Object value (no delegate- or property-based Creator)
 at [Source: REDACTED (`StreamReadFeature.INCLUDE_SOURCE_IN_LOCATION` disabled); line: 1, column: 2]
2025-11-20 13:02:41.241 [lettuce-epollEventLoop-5-2] WARN  b.u.b.i.w.VehiclePositionHandler - Error parsing Redis message: Cannot construct instance of `biz.ugur.busroutebackend.transport.infrastructure.messaging.VehiclePositionWebSocketMessage` (no Creators, like default constructor, exist): cannot deserialize from Object value (no delegate- or property-based Creator)
 at [Source: REDACTED (`StreamReadFeature.INCLUDE_SOURCE_IN_LOCATION` disabled); line: 1, column: 2]
2025-11-20 13:02:41.241 [lettuce-epollEventLoop-5-2] WARN  b.u.b.i.w.VehiclePositionHandler - Error parsing Redis message: Cannot construct instance of `biz.ugur.busroutebackend.transport.infrastructure.messaging.VehiclePositionWebSocketMessage` (no Creators, like default constructor, exist): cannot deserialize from Object value (no delegate- or property-based Creator)
 at [Source: REDACTED (`StreamReadFeature.INCLUDE_SOURCE_IN_LOCATION` disabled); line: 1, column: 2]
2025-11-20 13:02:41.241 [lettuce-epollEventLoop-5-2] WARN  b.u.b.i.w.VehiclePositionHandler - Error parsing Redis message: Cannot construct instance of `biz.ugur.busroutebackend.transport.infrastructure.messaging.VehiclePositionWebSocketMessage` (no Creators, like default constructor, exist): cannot deserialize from Object value (no delegate- or property-based Creator)
 at [Source: REDACTED (`StreamReadFeature.INCLUDE_SOURCE_IN_LOCATION` disabled); line: 1, column: 2]
2025-11-20 13:02:41.241 [lettuce-epollEventLoop-5-2] WARN  b.u.b.i.w.VehiclePositionHandler - Error parsing Redis message: Cannot construct instance of `biz.ugur.busroutebackend.transport.infrastructure.messaging.VehiclePositionWebSocketMessage` (no Creators, like default constructor, exist): cannot deserialize from Object value (no delegate- or property-based Creator)
 at [Source: REDACTED (`StreamReadFeature.INCLUDE_SOURCE_IN_LOCATION` disabled); line: 1, column: 2]
2025-11-20 13:02:41.241 [lettuce-epollEventLoop-5-2] WARN  b.u.b.i.w.VehiclePositionHandler - Error parsing Redis message: Cannot construct instance of `biz.ugur.busroutebackend.transport.infrastructure.messaging.VehiclePositionWebSocketMessage` (no Creators, like default constructor, exist): cannot deserialize from Object value (no delegate- or property-based Creator)
 at [Source: REDACTED (`StreamReadFeature.INCLUDE_SOURCE_IN_LOCATION` disabled); line: 1, column: 2]
2025-11-20 13:02:41.241 [lettuce-epollEventLoop-5-2] WARN  b.u.b.i.w.VehiclePositionHandler - Error parsing Redis message: Cannot construct instance of `biz.ugur.busroutebackend.transport.infrastructure.messaging.VehiclePositionWebSocketMessage` (no Creators, like default constructor, exist): cannot deserialize from Object value (no delegate- or property-based Creator)
 at [Source: REDACTED (`StreamReadFeature.INCLUDE_SOURCE_IN_LOCATION` disabled); line: 1, column: 2]
2025-11-20 13:02:41.241 [lettuce-epollEventLoop-5-2] WARN  b.u.b.i.w.VehiclePositionHandler - Error parsing Redis message: Cannot construct instance of `biz.ugur.busroutebackend.transport.infrastructure.messaging.VehiclePositionWebSocketMessage` (no Creators, like default constructor, exist): cannot deserialize from Object value (no delegate- or property-based Creator)
 at [Source: REDACTED (`StreamReadFeature.INCLUDE_SOURCE_IN_LOCATION` disabled); line: 1, column: 2]
2025-11-20 13:02:41.241 [lettuce-epollEventLoop-5-2] WARN  b.u.b.i.w.VehiclePositionHandler - Error parsing Redis message: Cannot construct instance of `biz.ugur.busroutebackend.transport.infrastructure.messaging.VehiclePositionWebSocketMessage` (no Creators, like default constructor, exist): cannot deserialize from Object value (no delegate- or property-based Creator)
 at [Source: REDACTED (`StreamReadFeature.INCLUDE_SOURCE_IN_LOCATION` disabled); line: 1, column: 2]
2025-11-20 13:02:41.241 [lettuce-epollEventLoop-5-2] WARN  b.u.b.i.w.VehiclePositionHandler - Error parsing Redis message: Cannot construct instance of `biz.ugur.busroutebackend.transport.infrastructure.messaging.VehiclePositionWebSocketMessage` (no Creators, like default constructor, exist): cannot deserialize from Object value (no delegate- or property-based Creator)
 at [Source: REDACTED (`StreamReadFeature.INCLUDE_SOURCE_IN_LOCATION` disabled); line: 1, column: 2]
2025-11-20 13:02:41.241 [lettuce-epollEventLoop-5-2] WARN  b.u.b.i.w.VehiclePositionHandler - Error parsing Redis message: Cannot construct instance of `biz.ugur.busroutebackend.transport.infrastructure.messaging.VehiclePositionWebSocketMessage` (no Creators, like default constructor, exist): cannot deserialize from Object value (no delegate- or property-based Creator)
 at [Source: REDACTED (`StreamReadFeature.INCLUDE_SOURCE_IN_LOCATION` disabled); line: 1, column: 2]
2025-11-20 13:02:41.241 [lettuce-epollEventLoop-5-2] WARN  b.u.b.i.w.VehiclePositionHandler - Error parsing Redis message: Cannot construct instance of `biz.ugur.busroutebackend.transport.infrastructure.messaging.VehiclePositionWebSocketMessage` (no Creators, like default constructor, exist): cannot deserialize from Object value (no delegate- or property-based Creator)
 at [Source: REDACTED (`StreamReadFeature.INCLUDE_SOURCE_IN_LOCATION` disabled); line: 1, column: 2]
2025-11-20 13:02:41.241 [lettuce-epollEventLoop-5-2] WARN  b.u.b.i.w.VehiclePositionHandler - Error parsing Redis message: Cannot construct instance of `biz.ugur.busroutebackend.transport.infrastructure.messaging.VehiclePositionWebSocketMessage` (no Creators, like default constructor, exist): cannot deserialize from Object value (no delegate- or property-based Creator)
 at [Source: REDACTED (`StreamReadFeature.INCLUDE_SOURCE_IN_LOCATION` disabled); line: 1, column: 2]
2025-11-20 13:02:41.241 [lettuce-epollEventLoop-5-2] WARN  b.u.b.i.w.VehiclePositionHandler - Error parsing Redis message: Cannot construct instance of `biz.ugur.busroutebackend.transport.infrastructure.messaging.VehiclePositionWebSocketMessage` (no Creators, like default constructor, exist): cannot deserialize from Object value (no delegate- or property-based Creator)
 at [Source: REDACTED (`StreamReadFeature.INCLUDE_SOURCE_IN_LOCATION` disabled); line: 1, column: 2]
2025-11-20 13:02:41.241 [lettuce-epollEventLoop-5-2] WARN  b.u.b.i.w.VehiclePositionHandler - Error parsing Redis message: Cannot construct instance of `biz.ugur.busroutebackend.transport.infrastructure.messaging.VehiclePositionWebSocketMessage` (no Creators, like default constructor, exist): cannot deserialize from Object value (no delegate- or property-based Creator)
 at [Source: REDACTED (`StreamReadFeature.INCLUDE_SOURCE_IN_LOCATION` disabled); line: 1, column: 2]
2025-11-20 13:02:41.241 [lettuce-epollEventLoop-5-2] WARN  b.u.b.i.w.VehiclePositionHandler - Error parsing Redis message: Cannot construct instance of `biz.ugur.busroutebackend.transport.infrastructure.messaging.VehiclePositionWebSocketMessage` (no Creators, like default constructor, exist): cannot deserialize from Object value (no delegate- or property-based Creator)
 at [Source: REDACTED (`StreamReadFeature.INCLUDE_SOURCE_IN_LOCATION` disabled); line: 1, column: 2]
2025-11-20 13:02:41.253 [reactor-tcp-epoll-2] INFO  b.u.b.t.i.p.r.R2dbcVehicleRepository - Batch updated 66 vehicles
2025-11-20 13:02:41.258 [reactor-tcp-epoll-2] INFO  b.u.b.t.a.u.UpdateVehiclePositionsUseCase - Batch operations: 66 updated, 0 created
2025-11-20 13:02:41.258 [reactor-tcp-epoll-2] INFO  b.u.b.t.a.u.UpdateVehiclePositionsUseCase - GPS batch update completed: VehiclePositionUpdateResult[updatedCount=66, createdCount=0, failedCount=0, invalidCount=0, conflictCount=0, processedAt=2025-11-20T13:02:41.258355261, details=[UPDATED[device=1209653912685203456, vehicle=e6036286-0944-47ed-b205-735816d7e4fe, plate=6320 AGD], UPDATED[device=1216130801431957504, vehicle=dd46ce42-d141-4c92-aef5-7e8a9fb8c941, plate=1308 AGH], UPDATED[device=1209287945643839488, vehicle=7674fe2e-6038-42b8-9fd8-35f795e62b05, plate=1339 AGH], UPDATED[device=1205971483462160384, vehicle=ae82d655-2d5a-4aae-a2af-692698dbeff1, plate=1351 AGG], UPDATED[device=1217179060036390912, vehicle=5b87fd45-c543-4e8b-96a6-05bd74daaf2d, plate=1335 AGH], UPDATED[device=1211389165921587200, vehicle=e06970d5-33c1-4329-ab3c-b171280e0ba5, plate=1988 AGH], UPDATED[device=1206339382471249920, vehicle=499ddae9-75b7-421e-9260-afedf366a202, plate=1602 AGG], UPDATED[device=1208198935450177536, vehicle=5df06204-865d-4a5f-8817-798ea5272c36, plate=1343 AGH], UPDATED[device=1216131382317895680, vehicle=60782ac2-fe97-4e77-b49a-83f165695b4e, plate=1362 AGG], UPDATED[device=1211500285869117440, vehicle=7320f79f-ad53-4fd4-a28b-42f4d8fed1b2, plate=1920 AGH], UPDATED[device=1209668019400429568, vehicle=1fda9b99-7710-48e4-a80e-c9602655af2e, plate=1935 AGH], UPDATED[device=1209947756240785408, vehicle=26501312-7130-4243-94e7-9e3e7a41d7de, plate=1588 AGG], UPDATED[device=1216814673962422272, vehicle=d6e4efc7-c46f-4b5f-b168-a884f988b897, plate=1396 AGG], UPDATED[device=1206754501118349312, vehicle=04504bc9-cf27-4915-85b6-32b11a309271, plate=1297 AGH], UPDATED[device=1209649675918069760, vehicle=b565540e-d0fd-4159-bfe4-5b085c03bb1d, plate=1605 AGG], UPDATED[device=1211029531729809408, vehicle=0a146852-cb58-42bb-aeac-137439f086fb, plate=1668 AGG], UPDATED[device=1210791235346976768, vehicle=da257f29-fb94-4617-9b68-cc52c72d90d8, plate=1540 AGG], UPDATED[device=1208227293508620288, vehicle=692a5066-9bad-46bf-a590-069198ab61d6, plate=1258 AGH], UPDATED[device=1204296726417199104, vehicle=f60e8796-4e32-4c7d-bedc-93892e6b1d4e, plate=1282 AGH], UPDATED[device=1202323228421476352, vehicle=fb23d308-8cc6-4757-b3cc-622635dc6036, plate=1289 AGH], UPDATED[device=1210735022542376960, vehicle=08aef5f4-adbb-4177-ae4e-259f3b79f3a0, plate=1516 AGG], UPDATED[device=1216906017313607680, vehicle=27f9747e-1580-48e6-86a1-421e6a4714ed, plate=1263 AGH], UPDATED[device=1213195293848457216, vehicle=9102a49f-121f-42a6-becc-7812e66a711c, plate=1379 AGG], UPDATED[device=1211880267653009408, vehicle=100d3284-8ab5-4d34-a710-54150fb5d847, plate=1604 AGG], UPDATED[device=1216571737806950400, vehicle=c979984c-9f67-4c3f-9a95-a1d5f275ce0b, plate=1439 AGG], UPDATED[device=1208602326676492288, vehicle=6115cc47-9d39-46e8-a9ba-cd6ad17a43ec, plate=1278 AGH], UPDATED[device=1216488046153912320, vehicle=597ed7fe-1429-4b2e-9457-465bb58b24d7, plate=1369 AGG], UPDATED[device=1211499625488535552, vehicle=ad7c7e26-9182-44a5-9db2-bd333fca8944, plate=1993 AGH], UPDATED[device=1205962795800285184, vehicle=a1ca5df6-a685-418a-9725-676ed2c31369, plate=1373 AGG], UPDATED[device=1211400002765803520, vehicle=5b4dbe2c-4ba1-4274-9f94-4d241504cb9b, plate=1599 AGG], UPDATED[device=1208876358999166976, vehicle=8c417ae3-d62b-4bdd-8244-334d7f118c64, plate=1246 AGH], UPDATED[device=1210774528733696000, vehicle=3e886240-25c6-47bb-8396-adcdfb46d2a0, plate=1543 AGG], UPDATED[device=1211061397530824704, vehicle=50d5484d-1b15-42d3-8fb3-6f65382e51a3, plate=1909 AGH], UPDATED[device=1205945273105469440, vehicle=bf8a2afc-86f0-46e0-8cad-0a93e82af454, plate=1273 AGH], UPDATED[device=1211114618278334464, vehicle=f27f15a7-0b2e-4b96-a007-3b59150a2feb, plate=1565 AGG], UPDATED[device=1216571220670238720, vehicle=b29909dc-3ba3-4074-b4b1-57c253b1af73, plate=1410 AGG], UPDATED[device=1210732162668777472, vehicle=debdd937-a4f2-4ef8-b467-98fb0e39c4b8, plate=1982 AGH], UPDATED[device=1217194664206225408, vehicle=4c7011d1-23cf-4cb2-9df3-bbdd4856a504, plate=1346 AGG], UPDATED[device=1206676240967356416, vehicle=9c407b3e-8b41-444c-a853-3f90a8d29c3b, plate=1349 AGG], UPDATED[device=1209581658395856896, vehicle=0c234f9a-ba32-428d-89c5-fb91cb16ed09, plate=1526 AGG], UPDATED[device=1212609662541844480, vehicle=2089880c-66a0-4153-92c0-7f731c4610fa, plate=1525 AGG], UPDATED[device=1211043194708643840, vehicle=7b93a6dc-b72a-47e4-a8af-e97160791ccd, plate=1550 AGG], UPDATED[device=1206394802984407040, vehicle=8d70464b-c960-41c5-a184-dd7228492408, plate=1261 AGH], UPDATED[device=1217302061205639168, vehicle=87237848-d40f-461c-b1ac-922de1c51cea, plate=1381 AGG], UPDATED[device=1212105330251747328, vehicle=5a361a41-e86d-4909-9f13-105cb59d53e0, plate=1698 AGG], UPDATED[device=1208152611103133696, vehicle=92c4825c-760c-4d17-9a81-fb3e6c75076e, plate=1320 AGG], UPDATED[device=1211097208259301376, vehicle=78c8fba9-6200-45f3-a837-0172b1de7b62, plate=1681 AGG], UPDATED[device=1203813838936559616, vehicle=5d5ad3ac-fd5a-4014-ae06-db79fa7b889e, plate=1226 AGH], UPDATED[device=1212188977155756032, vehicle=229c862f-71d5-4956-9deb-406938e4c2fd, plate=1949 AGH], UPDATED[device=1203523867386269696, vehicle=8f11376b-4da1-40d9-85cd-89490243ec1c, plate=1262 AGH], UPDATED[device=1209972571144146944, vehicle=5d4f73d2-382e-4829-a3e6-b891d642d257, plate=1503 AGG], UPDATED[device=1206714021311631360, vehicle=d20f21df-d549-4e72-8c49-1fcdfbeeaa65, plate=1322 AGH], UPDATED[device=1210685895834030080, vehicle=e187ae78-20db-476a-a2e7-37dc6d66d25e, plate=1918 AGH], UPDATED[device=1202055006363275264, vehicle=561a523a-56f1-4912-8ec8-ae08a62e02eb, plate=1146 AGG], UPDATED[device=1216490345861435392, vehicle=47d7f873-c58d-4c89-a0b5-6c31e684a30f, plate=1306 AGH], UPDATED[device=1217178326200963072, vehicle=f14a49ae-a241-45f1-aeb6-0df8b75717c6, plate=1390 AGG], UPDATED[device=1209925075046977536, vehicle=21b2a09e-d1b7-4563-abad-50a06ac1c40c, plate=1912 AGH], UPDATED[device=1209645388878008320, vehicle=224e7038-808d-458c-b623-9c810ab819a9, plate=1901 AGH], UPDATED[device=1204622566329896960, vehicle=bc99caef-ce07-4cc6-ac71-2a33a052eed8, plate=1232 AGH], UPDATED[device=1211032519294799872, vehicle=bb091444-51c4-4ae2-b8f7-bc059cecbf60, plate=1913 AGH], UPDATED[device=1211407519935844352, vehicle=e66c0e98-6750-4d63-940b-992a93f824c8, plate=1685 AGG], UPDATED[device=1217313722264145920, vehicle=6cdc1ffb-bc82-4b9f-baad-4f225ec61cd4, plate=1329 AGH], UPDATED[device=1212549062075830272, vehicle=71ba5a41-57cd-4258-b9fd-c7d1ed8ed64d, plate=1680 AGG], UPDATED[device=1212184461442240512, vehicle=90b679b4-cdcd-421f-b8a0-3cb23a46734d, plate=1360 AGG], UPDATED[device=1217193456783544320, vehicle=16556ae2-d836-4901-b021-0abef67452c1, plate=1328 AGH], UPDATED[device=1211130883889909760, vehicle=ca6dc222-47d8-43e8-bf8a-29f010c71a1b, plate=1325 AGH]]]
2025-11-20 13:02:41.263 [reactor-tcp-epoll-1] INFO  b.u.b.t.i.p.r.R2dbcVehicleRepository - Batch updated 100 vehicles
2025-11-20 13:02:41.267 [reactor-tcp-epoll-1] INFO  b.u.b.t.a.u.UpdateVehiclePositionsUseCase - Batch operations: 100 updated, 0 created
2025-11-20 13:02:41.267 [reactor-tcp-epoll-1] INFO  b.u.b.t.a.u.UpdateVehiclePositionsUseCase - GPS batch update completed: VehiclePositionUpdateResult[updatedCount=100, createdCount=0, failedCount=0, invalidCount=0, conflictCount=0, processedAt=2025-11-20T13:02:41.267156179, details=[UPDATED[device=1210772726848114688, vehicle=350b5dc7-0614-496b-bfed-6914cf02755f, plate=1577 AGG], UPDATED[device=1211507536956706816, vehicle=e811e8a5-3f44-4395-9f3b-9bdac67c3a60, plate=1521 AGG], UPDATED[device=1210030826801287168, vehicle=9bd1812e-9792-45f2-8e3f-a2b43300c89e, plate=1501 AGG], UPDATED[device=1208481448508739584, vehicle=0cf337bc-45e2-429d-a505-d6cecc9d7492, plate=1606 AGG], UPDATED[device=1211868750123585536, vehicle=7c31b22d-6b3d-4664-97cd-33483d86c771, plate=1699 AGG], UPDATED[device=1209979364092104704, vehicle=c53daea4-7dd8-4819-b31c-484a6ff12e89, plate=1575 AGG], UPDATED[device=1209666314382299136, vehicle=2d260c81-420a-4787-99fe-39f0a30f9311, plate=1585 AGG], UPDATED[device=1204620349300494336, vehicle=3122d246-8cdb-45f6-9364-6282cd34a2d0, plate=1397 AGG], UPDATED[device=1209979268709437440, vehicle=00dc8612-e7c2-4add-8289-d42ba872de9e, plate=1536 AGG], UPDATED[device=1202067948496441344, vehicle=4b52e4d1-6d7c-4a02-9a0e-b21aace6d465, plate=1242 AGH], UPDATED[device=1203943532897980416, vehicle=1beab06a-c091-42f7-b17c-3eb6dc2a6a1c, plate=1248 AGH], UPDATED[device=1217293783507619840, vehicle=e12f3963-bd5d-4647-92f2-d1f2055631bc, plate=1366 AGG], UPDATED[device=1206777153941884928, vehicle=46825836-8c8c-474a-8448-9b885908acd1, plate=1344 AGG], UPDATED[device=1211852111730659328, vehicle=6a96e74a-dae8-4113-8001-21e6cd0bae61, plate=1938 AGH], UPDATED[device=1208505611478847488, vehicle=5c52d065-0cac-4e1d-87e5-561528e7f07e, plate=1286 AGH], UPDATED[device=1207045360455995392, vehicle=63aeee07-5d97-489a-a6e2-ce405bcb000a, plate=1307 AGH], UPDATED[device=1209731274760212480, vehicle=f6e9c87a-ced2-4552-a42c-ee9564035ebd, plate=1928 AGH], UPDATED[device=1203045275212664832, vehicle=2ea83e87-1d0b-49aa-8c8d-0661578ca1ce, plate=1231 AGH], UPDATED[device=1207074022991548416, vehicle=f1d64618-ac08-4c30-a8e9-743e14a54173, plate=1318 AGH], UPDATED[device=1201972683936583680, vehicle=19451d27-5e4d-4199-acba-ba14e6337b11, plate=1285 AGH], UPDATED[device=1212193385843216384, vehicle=fb1228f0-8129-47d2-895b-ffc6da8cd9a4, plate=1966 AGH], UPDATED[device=1211038930393321472, vehicle=e3c393df-6214-4640-b9d0-5caf29d26b00, plate=1568 AGG], UPDATED[device=1210025429474430976, vehicle=d6fa9138-07cb-4078-a594-b513a6aae78b, plate=1969 AGH], UPDATED[device=1203529830893834240, vehicle=8337405e-869d-4c91-b58d-580f6656650b, plate=1380 AGG], UPDATED[device=1210027165593325568, vehicle=8066edec-56c3-4d84-97d2-a2edae206fc0, plate=1425 AGG], UPDATED[device=1199882076590133248, vehicle=89c8abd9-05d2-4711-9b5d-c37ab0619996, plate=1247 AGH], UPDATED[device=1182884945270624256, vehicle=659e4f37-6743-4f0d-b37f-eafcd050d275, plate=1556 AGG], UPDATED[device=1204631358505439232, vehicle=40d1935f-451f-4014-998b-0fde9883ee6d, plate=1294 AGH], UPDATED[device=1216905576462897152, vehicle=33140137-b6cb-4e90-a82f-9ee9def26c58, plate=1345 AGG], UPDATED[device=1216931728275492864, vehicle=fd107892-fd5b-467f-aeaa-10fba257096c, plate=1382 AGG], UPDATED[device=1209613564474773504, vehicle=8943c0ab-1dc4-440f-846d-ae186f8394a4, plate=1948 AGH], UPDATED[device=1210781637168812032, vehicle=c73fd876-1469-4889-a299-bffdc987ff59, plate=1930 AGH], UPDATED[device=1217300678221975552, vehicle=85da4748-8ca5-4ee6-bfe0-50aa34e9c76f, plate=1409 AGG], UPDATED[device=1201998880712118272, vehicle=535046a2-3246-4e61-be4b-a9ebe07d33c6, plate=1230 AGH], UPDATED[device=1202006863084998656, vehicle=ab2becaf-2085-40e2-a041-75420ec738d0, plate=1227 AGH], UPDATED[device=1203061757619425280, vehicle=7e9d2f06-2c1b-4d55-aa1e-2d79ef6bc814, plate=1292 AGH], UPDATED[device=1211532333606457344, vehicle=1e53fb7a-25b0-4530-b7b1-24c11f17bc98, plate=1506 AGG], UPDATED[device=1202330366850060288, vehicle=154675a9-5169-441c-ae8e-f31a4cee781f, plate=1245 AGH], UPDATED[device=1210735665260744704, vehicle=9ca88c06-65c9-49f3-8762-cd20399d7191, plate=1936 AGH], UPDATED[device=1211500887261007872, vehicle=73b1f131-a6d6-4019-ad9b-78c4cf9b922b, plate=1547 AGG], UPDATED[device=1216486836801851392, vehicle=98b7db62-c370-4d82-b041-abc3d57edeed, plate=1375 AGG], UPDATED[device=1209705505212289024, vehicle=03b9c7db-b42e-4ea2-aa82-31d40b976e80, plate=1659 AGG], UPDATED[device=1208882599720865792, vehicle=72621421-c3ad-4034-b25e-7222610d984b, plate=1244 AGH], UPDATED[device=1210008827202850816, vehicle=3c4f46db-ee87-4891-bf39-8e660b2602b9, plate=1518 AGG], UPDATED[device=1218664994871398400, vehicle=c6f55e00-febb-4004-a5af-2366674890bb, plate=1667 AGG], UPDATED[device=1202438392198156288, vehicle=e8d9a760-0c00-413c-819b-ae607ec729a0, plate=1225 AGH], UPDATED[device=1206031060073402368, vehicle=1d0d6137-4ded-4eba-aef1-bdf4d40a651a, plate=1265 AGH], UPDATED[device=1212481377149341696, vehicle=2e7f0fd8-9479-430f-9326-5cf87552e818, plate=1903 AGH], UPDATED[device=1216468597749272576, vehicle=29dbce43-a9e9-47fa-94dd-f63f8c45a65f, plate=1316 AGH], UPDATED[device=1217194067109302272, vehicle=9e45a000-6055-4ea3-8165-1fc1a44a0275, plate=1378 AGG], UPDATED[device=1209580859070566400, vehicle=1dc21dd8-2b03-44d2-948f-b6a31e72a83f, plate=1401 AGG], UPDATED[device=1216938466412285952, vehicle=5b1b29d8-0fbc-4835-90da-a2e0f16cf13e, plate=1407 AGG], UPDATED[device=1208281381407510528, vehicle=18338170-22c7-4d3a-beef-36f4db81c0f9, plate=1299 AGH], UPDATED[device=1206405997581783040, vehicle=76d1a027-5063-4cda-9cb6-03db3d635165, plate=1633 AGG], UPDATED[device=1209972034881409024, vehicle=9087db8d-06f5-4f28-8df4-1d91f9d30c98, plate=1583 AGG], UPDATED[device=1211135674099650560, vehicle=8b923b15-7641-4985-b386-f4d19f060a07, plate=1905 AGH], UPDATED[device=1216574704299757568, vehicle=25bdf3aa-162d-4680-82c1-314006c6a8c2, plate=1429 AGG], UPDATED[device=1211426828619829248, vehicle=eee30da0-d65c-4ec7-b05e-8e449353e67f, plate=1560 AGG], UPDATED[device=1216904594349838336, vehicle=d3e49baa-25b2-449b-9555-ab2649c2fb8a, plate=1498 AGG], UPDATED[device=1211019322340888576, vehicle=e620c052-e452-4fc9-80a2-e8be71c873a0, plate=1572 AGG], UPDATED[device=1199917744758411264, vehicle=52d910a7-64d3-405a-baaa-89efef243304, plate=1336 AGH], UPDATED[device=1216816291323793408, vehicle=151353ca-c9c2-4909-a0b6-27cbaf862e53, plate=1413 AGG], UPDATED[device=1212152112981692416, vehicle=b6e97a64-a781-4c23-8df3-a9ad0279e57f, plate=1533 AGG], UPDATED[device=1211786567841173504, vehicle=13535036-87ec-4de8-90a8-677127107f81, plate=1593 AGG], UPDATED[device=1209601854158360576, vehicle=ade99a58-af61-4f05-97ef-fc6ef7561e0b, plate=1567 AGG], UPDATED[device=1217314279498403840, vehicle=de924593-1d35-4b72-a978-a4cb157d022b, plate=1372 AGG], UPDATED[device=1210791908323053568, vehicle=8d4c331a-67ef-4246-87b7-d919760615e1, plate=1426 AGG], UPDATED[device=1210054310700994560, vehicle=5ff4c342-dd88-4d06-b260-8007b4df85e8, plate=1553 AGG], UPDATED[device=1212199974683758592, vehicle=453220ec-312c-4d6a-9c22-98d5b1a127a7, plate=1682 AGG], UPDATED[device=1212117040857567232, vehicle=67755e93-451e-4f0f-b609-ce8262ad8e53, plate=1240 AGH], UPDATED[device=1210014635990929408, vehicle=32717eac-4144-45ad-b71d-7fcbb323b617, plate=1549 AGG], UPDATED[device=1211097977079418880, vehicle=f0bacf8b-b3a5-4ba2-8bac-40c77ca50f20, plate=1315 AGH], UPDATED[device=1201964192442306560, vehicle=e65fbc35-5894-42cd-98f4-2fab3db4177b, plate=1238 AGH], UPDATED[device=1199916244661391360, vehicle=0ac3dbe3-bc92-4afe-97d9-05f20f842637, plate=1279 AGH], UPDATED[device=1210029897163165696, vehicle=61c60f33-dadc-472d-a98b-4be3cd1ec35c, plate=1303 AGH], UPDATED[device=1211858260563546112, vehicle=da82de4e-c47c-4947-b826-c5a34674479e, plate=1673 AGG], UPDATED[device=1209945944750247936, vehicle=dac2de84-ddc9-46fa-9523-cb2f8806ab38, plate=1427 AGG], UPDATED[device=1202354668219617280, vehicle=67e56782-8171-427b-98fa-07a3918ec761, plate=1276 AGH], UPDATED[device=1209703060545425408, vehicle=d3564d62-00c7-4239-a38f-789fbea48e93, plate=1233 AGH], UPDATED[device=1209668666770280448, vehicle=8133063a-1b41-46d5-a198-2b0f65c81c4c, plate=1528 AGG], UPDATED[device=1201762902021984256, vehicle=c72692fe-ba08-4215-b3f5-570a8b54b118, plate=1309 AGH], UPDATED[device=1208939003827671040, vehicle=8762014c-d049-4d4b-80df-a206fa7dee52, plate=1312 AGH], UPDATED[device=1211426200170483712, vehicle=c515826c-7bf8-4cba-b310-8c179336e127, plate=1990 AGH], UPDATED[device=1204537729803833344, vehicle=74771546-d874-4785-831e-2142e69e6095, plate=1272 AGH], UPDATED[device=1210783340542775296, vehicle=e75c3090-d75b-4498-a597-52b7de92090a, plate=1679 AGG], UPDATED[device=1210741686729396224, vehicle=cf19ef8a-262b-4af3-9edc-bfb69959876e, plate=1541 AGG], UPDATED[device=1208142914019086336, vehicle=8ef4b6d9-7396-49f0-97af-675e8dc8c2c0, plate=1338 AGH], UPDATED[device=1208256426884157440, vehicle=bd911880-4274-4db6-8efc-eb54d52b9764, plate=1310 AGH], UPDATED[device=1217301394743316480, vehicle=b7933b35-2465-45ed-ac31-8fa03e6fe5bf, plate=1412 AGG], UPDATED[device=1212137492522946560, vehicle=c472a61c-fddf-4714-8a4c-4cfdd785180d, plate=1546 AGG], UPDATED[device=1199819902056353792, vehicle=7a542e4b-364b-4d9d-9d06-9643da3661e5, plate=1321 AGH], UPDATED[device=1209592627914297344, vehicle=c28b59fb-1a67-4850-b29f-8b9864824b59, plate=1402 AGG], UPDATED[device=1217192894860054528, vehicle=9f089ad9-92e0-4129-8e5b-c6f52eddfcd7, plate=1301 AGH], UPDATED[device=1209732947494785024, vehicle=5ea61c12-dad8-4850-a8e0-ef3f4ffbde16, plate=1952 AGH], UPDATED[device=1208860828154155008, vehicle=75cb495d-0836-4834-8bed-51076571708c, plate=1364 AGG], UPDATED[device=1208141856563744768, vehicle=ee459570-c5ae-4607-84ed-91ee684aa778, plate=1330 AGG], UPDATED[device=1210069087460478976, vehicle=e95c624d-f522-4e40-a8e6-6666b000f6c3, plate=1658 AGG], UPDATED[device=1204600559026524160, vehicle=0e35b362-9380-40bf-a186-240aed7af8a1, plate=1317 AGH], UPDATED[device=1209706179836727296, vehicle=c3750025-3bbf-401e-bc3a-8aa9b0c84aa5, plate=1670 AGG], UPDATED[device=1199890875933741056, vehicle=5b3c4fec-014d-46fe-bf83-ced3d3dd3215, plate=1252 AGH]]]
2025-11-20 13:02:41.267 [boundedElastic-1] INFO  b.u.b.t.s.VehicleDataScheduler - GPS update completed: duration=2809ms, updated=166, created=0, failed=0, invalid=0, conflict=0
2025-11-20 13:03:01.516 [reactor-tcp-epoll-1] INFO  b.u.b.s.a.MaterializedViewRefreshService - [MaterializedView] mv_active_routes_summary refreshed in 43ms
2025-11-20 13:03:08.362 [scheduled-task-5] INFO  b.u.b.t.s.VehicleDataScheduler - Starting scheduled bus route assignments sync
2025-11-20 13:03:09.069 [reactor-http-epoll-6] INFO  b.u.b.s.i.external.BusInfoApiClient - Successfully fetched 349 bus route assignments
2025-11-20 13:03:09.069 [reactor-http-epoll-6] INFO  b.u.b.t.s.VehicleDataScheduler - Fetched 349 bus route assignments, processing...
2025-11-20 13:03:09.070 [reactor-http-epoll-6] INFO  b.u.b.t.a.u.SyncBusRouteAssignmentsUseCase - Syncing route assignments for 349 buses - CorrelationId: CorrelationId[value=TRANS-5e21bc00]
2025-11-20 13:03:09.179 [reactor-tcp-epoll-8] INFO  b.u.b.t.a.u.SyncBusRouteAssignmentsUseCase - Route assignment sync completed: BusRouteAssignmentResult[assignedCount=6, unchangedCount=0, failedCount=0, vehicleNotFoundCount=343, routeNotFoundCount=0, processedAt=2025-11-20T10:03:09.179669815Z]
2025-11-20 13:03:09.179 [reactor-tcp-epoll-8] INFO  b.u.b.t.s.VehicleDataScheduler - Bus route sync completed in 817ms: BusRouteAssignmentResult[assignedCount=6, unchangedCount=0, failedCount=0, vehicleNotFoundCount=343, routeNotFoundCount=0, processedAt=2025-11-20T10:03:09.179669815Z]
2025-11-20 13:04:06.109 [reactor-tcp-epoll-1] INFO  b.u.b.s.a.MaterializedViewRefreshService - [MaterializedView] mv_popular_direct_routes refreshed in 4565ms
2025-11-20 13:04:37.052 [SpringApplicationShutdownHook] INFO  o.s.b.w.e.netty.GracefulShutdown - Commencing graceful shutdown. Waiting for active requests to complete
2025-11-20 13:04:37.053 [netty-shutdown] INFO  o.s.b.w.e.netty.GracefulShutdown - Graceful shutdown complete
[INFO] ------------------------------------------------------------------------
[INFO] BUILD FAILURE
[INFO] ------------------------------------------------------------------------
[INFO] Total time:  -8.-53 s
[INFO] Finished at: 2025-11-20T13:04:39+03:00
[INFO] ------------------------------------------------------------------------
[ERROR] Failed to execute goal org.springframework.boot:spring-boot-maven-plugin:3.5.3:run (default-cli) on project bus-route-backend: Process terminated with exit code: 143 -> [Help 1]
[ERROR] 
[ERROR] To see the full stack trace of the errors, re-run Maven with the -e switch.
[ERROR] Re-run Maven using the -X switch to enable full debug logging.
[ERROR] 
[ERROR] For more information about the errors and possible solutions, please read the following articles:
[ERROR] [Help 1] http://cwiki.apache.org/confluence/display/MAVEN/MojoExecutionException
